delivery_id,order_id,delivery_partner,distance,delivery_status
D000001,O000001,,6,
D000002,O000002,Ravi,13,delivered
D000003,O000003,Kiran,9,Cancelled
D000004,O000004,Amit,-3,Delivered
D000005,O000005,,3,
D000006,O000006,Amit,2,
D000007,O000007,Ravi,4,Delivered
D000008,O000008,,2,Cancelled
D000009,O000009,Kiran,10,
D000010,O000010,,5,delivered
D000011,O000011,Kiran,17,
D000012,O000012,John,18,Delivered
D000013,O000013,Kiran,18,Cancelled
D000014,O000014,Amit,16,
D000015,O000015,Ravi,2,
D000016,O000016,,12,Cancelled
D000017,O000017,John,1,Cancelled
D000018,O000018,John,-3,delivered
D000019,O000019,John,2,
D000020,O000020,Amit,-1,delivered
D000021,O000021,Kiran,-1,delivered
D000022,O000022,John,13,Delivered
D000023,O000023,Ravi,11,
D000024,O000024,Ravi,8,Cancelled
D000025,O000025,,12,delivered
D000026,O000026,Ravi,-4,Delivered
D000027,O000027,Kiran,17,Delivered
D000028,O000028,Kiran,12,
D000029,O000029,John,1,Delivered
D000030,O000030,Kiran,11,Delivered
D000031,O000031,Kiran,12,
D000032,O000032,John,10,delivered
D000033,O000033,,17,Delivered
D000034,O000034,Kiran,1,delivered
D000035,O000035,Kiran,12,delivered
D000036,O000036,Amit,6,delivered
D000037,O000037,,10,Cancelled
D000038,O000038,John,8,
D000039,O000039,Amit,1,
D000040,O000040,Amit,19,delivered
D000041,O000041,,2,Delivered
D000042,O000042,Kiran,8,Cancelled
D000043,O000043,John,16,Cancelled
D000044,O000044,,14,
D000045,O000045,Amit,8,Cancelled
D000046,O000046,Ravi,-3,delivered
D000047,O000047,John,2,delivered
D000048,O000048,Ravi,13,
D000049,O000049,Kiran,6,
D000050,O000050,,5,Cancelled
D000051,O000051,Kiran,15,Delivered
D000052,O000052,,5,Cancelled
D000053,O000053,Amit,-3,
D000054,O000054,Kiran,3,delivered
D000055,O000055,Ravi,5,delivered
D000056,O000056,Amit,17,Delivered
D000057,O000057,,13,Delivered
D000058,O000058,Amit,4,Cancelled
D000059,O000059,Ravi,17,delivered
D000060,O000060,John,10,Cancelled
D000061,O000061,,-2,Delivered
D000062,O000062,John,-5,
D000063,O000063,Amit,-2,Cancelled
D000064,O000064,Kiran,2,Cancelled
D000065,O000065,,10,delivered
D000066,O000066,Amit,0,delivered
D000067,O000067,,-5,delivered
D000068,O000068,Ravi,10,Cancelled
D000069,O000069,Amit,-5,delivered
D000070,O000070,Kiran,14,delivered
D000071,O000071,,10,Delivered
D000072,O000072,Kiran,16,delivered
D000073,O000073,Kiran,-2,
D000074,O000074,Ravi,19,Delivered
D000075,O000075,John,-4,Cancelled
D000076,O000076,Amit,8,Cancelled
D000077,O000077,John,0,delivered
D000078,O000078,John,17,
D000079,O000079,Ravi,14,Delivered
D000080,O000080,Kiran,6,delivered
D000081,O000081,Kiran,-1,Delivered
D000082,O000082,Amit,8,delivered
D000083,O000083,Ravi,-1,Delivered
D000084,O000084,,12,Delivered
D000085,O000085,Kiran,10,Cancelled
D000086,O000086,Amit,15,Delivered
D000087,O000087,,10,
D000088,O000088,John,4,Cancelled
D000089,O000089,Ravi,5,delivered
D000090,O000090,,15,delivered
D000091,O000091,Kiran,-1,Delivered
D000092,O000092,Amit,-2,Cancelled
D000093,O000093,Amit,14,Cancelled
D000094,O000094,Ravi,1,delivered
D000095,O000095,John,0,
D000096,O000096,Kiran,9,
D000097,O000097,John,9,Cancelled
D000098,O000098,Ravi,18,Cancelled
D000099,O000099,Ravi,11,delivered
D000100,O000100,John,4,Cancelled
D000101,O000101,,12,delivered
D000102,O000102,,5,
D000103,O000103,Ravi,12,Cancelled
D000104,O000104,,-4,
D000105,O000105,,-3,
D000106,O000106,Amit,0,Delivered
D000107,O000107,John,-3,delivered
D000108,O000108,Amit,1,delivered
D000109,O000109,Amit,-3,delivered
D000110,O000110,Ravi,9,Delivered
D000111,O000111,Ravi,7,delivered
D000112,O000112,Ravi,0,Delivered
D000113,O000113,Amit,-4,Cancelled
D000114,O000114,Kiran,-4,Delivered
D000115,O000115,Amit,13,
D000116,O000116,Amit,2,delivered
D000117,O000117,Amit,3,Delivered
D000118,O000118,,-4,Delivered
D000119,O000119,,1,Delivered
D000120,O000120,Ravi,11,Delivered
D000121,O000121,Amit,9,Cancelled
D000122,O000122,Amit,-2,Cancelled
D000123,O000123,Ravi,16,Cancelled
D000124,O000124,John,17,delivered
D000125,O000125,Kiran,7,Delivered
D000126,O000126,Kiran,-3,Cancelled
D000127,O000127,John,6,delivered
D000128,O000128,Ravi,-3,
D000129,O000129,John,15,
D000130,O000130,Kiran,13,delivered
D000131,O000131,John,3,Delivered
D000132,O000132,Amit,10,Delivered
D000133,O000133,,12,
D000134,O000134,Amit,10,Delivered
D000135,O000135,Kiran,6,Delivered
D000136,O000136,,1,Delivered
D000137,O000137,,17,Delivered
D000138,O000138,John,13,Cancelled
D000139,O000139,Amit,18,Cancelled
D000140,O000140,John,6,Delivered
D000141,O000141,Kiran,5,delivered
D000142,O000142,,6,Cancelled
D000143,O000143,John,13,Delivered
D000144,O000144,,15,Cancelled
D000145,O000145,Amit,11,delivered
D000146,O000146,Kiran,9,delivered
D000147,O000147,Amit,4,Cancelled
D000148,O000148,John,-2,Delivered
D000149,O000149,John,12,Delivered
D000150,O000150,Ravi,7,
D000151,O000151,Amit,-1,Delivered
D000152,O000152,Kiran,14,delivered
D000153,O000153,,14,delivered
D000154,O000154,Ravi,-2,delivered
D000155,O000155,Kiran,10,
D000156,O000156,Amit,15,
D000157,O000157,,19,
D000158,O000158,Kiran,19,delivered
D000159,O000159,Ravi,14,Cancelled
D000160,O000160,,3,Delivered
D000161,O000161,Amit,18,Delivered
D000162,O000162,,15,Cancelled
D000163,O000163,Amit,18,Cancelled
D000164,O000164,John,1,Delivered
D000165,O000165,John,12,Delivered
D000166,O000166,Amit,4,
D000167,O000167,Kiran,9,
D000168,O000168,Ravi,18,Cancelled
D000169,O000169,John,3,Cancelled
D000170,O000170,Kiran,12,delivered
D000171,O000171,,5,Cancelled
D000172,O000172,John,6,Cancelled
D000173,O000173,Kiran,-4,delivered
D000174,O000174,Ravi,3,Delivered
D000175,O000175,,11,
D000176,O000176,John,-3,delivered
D000177,O000177,John,8,Cancelled
D000178,O000178,Ravi,-3,Cancelled
D000179,O000179,Amit,0,Delivered
D000180,O000180,John,5,
D000181,O000181,Amit,17,
D000182,O000182,Ravi,-3,
D000183,O000183,Ravi,9,
D000184,O000184,Kiran,2,Delivered
D000185,O000185,John,-4,delivered
D000186,O000186,,5,Delivered
D000187,O000187,,8,Cancelled
D000188,O000188,Ravi,-3,Delivered
D000189,O000189,,4,Cancelled
D000190,O000190,,12,Delivered
D000191,O000191,,12,
D000192,O000192,Kiran,6,
D000193,O000193,Kiran,16,delivered
D000194,O000194,Ravi,13,
D000195,O000195,,13,Delivered
D000196,O000196,Ravi,3,Cancelled
D000197,O000197,Ravi,-5,delivered
D000198,O000198,Ravi,19,delivered
D000199,O000199,Kiran,6,Delivered
D000200,O000200,Kiran,-4,Delivered
D000201,O000201,John,-4,
D000202,O000202,,-1,
D000203,O000203,Amit,16,
D000204,O000204,Kiran,18,delivered
D000205,O000205,Amit,-5,delivered
D000206,O000206,,6,Cancelled
D000207,O000207,,-1,delivered
D000208,O000208,Kiran,8,
D000209,O000209,Amit,2,delivered
D000210,O000210,Ravi,5,delivered
D000211,O000211,Ravi,12,delivered
D000212,O000212,Kiran,4,Cancelled
D000213,O000213,Amit,3,delivered
D000214,O000214,Kiran,9,Cancelled
D000215,O000215,Ravi,4,delivered
D000216,O000216,,-2,Cancelled
D000217,O000217,Kiran,5,
D000218,O000218,Ravi,17,Cancelled
D000219,O000219,,11,Delivered
D000220,O000220,Kiran,12,Cancelled
D000221,O000221,Kiran,11,Cancelled
D000222,O000222,Ravi,18,
D000223,O000223,Ravi,-5,Cancelled
D000224,O000224,,19,
D000225,O000225,John,6,
D000226,O000226,,17,
D000227,O000227,Kiran,9,Delivered
D000228,O000228,Kiran,15,Cancelled
D000229,O000229,Kiran,11,Delivered
D000230,O000230,Ravi,14,
D000231,O000231,Kiran,-3,Cancelled
D000232,O000232,Kiran,1,
D000233,O000233,,-5,Cancelled
D000234,O000234,Ravi,14,Cancelled
D000235,O000235,,5,Cancelled
D000236,O000236,John,-1,delivered
D000237,O000237,,-3,delivered
D000238,O000238,,15,delivered
D000239,O000239,John,14,Cancelled
D000240,O000240,,15,
D000241,O000241,Kiran,3,
D000242,O000242,Kiran,18,delivered
D000243,O000243,Amit,2,Delivered
D000244,O000244,Ravi,-4,Cancelled
D000245,O000245,Kiran,13,
D000246,O000246,Ravi,10,
D000247,O000247,,10,delivered
D000248,O000248,Amit,-2,Delivered
D000249,O000249,Kiran,4,Delivered
D000250,O000250,,11,Cancelled
D000251,O000251,Amit,19,
D000252,O000252,,9,Cancelled
D000253,O000253,Ravi,12,Delivered
D000254,O000254,,-4,Delivered
D000255,O000255,,2,Cancelled
D000256,O000256,,4,Delivered
D000257,O000257,Amit,19,delivered
D000258,O000258,,-5,delivered
D000259,O000259,Amit,12,Delivered
D000260,O000260,Amit,10,
D000261,O000261,John,4,Delivered
D000262,O000262,,-1,Cancelled
D000263,O000263,Kiran,3,
D000264,O000264,Amit,4,delivered
D000265,O000265,,-1,delivered
D000266,O000266,Kiran,1,delivered
D000267,O000267,Ravi,0,delivered
D000268,O000268,Kiran,8,delivered
D000269,O000269,Amit,16,
D000270,O000270,Amit,12,delivered
D000271,O000271,Amit,7,
D000272,O000272,John,4,Cancelled
D000273,O000273,Kiran,8,Delivered
D000274,O000274,,2,
D000275,O000275,,16,delivered
D000276,O000276,Amit,8,Cancelled
D000277,O000277,Kiran,-2,Cancelled
D000278,O000278,Ravi,17,Delivered
D000279,O000279,Kiran,3,Delivered
D000280,O000280,,17,
D000281,O000281,Amit,0,
D000282,O000282,Kiran,-4,Delivered
D000283,O000283,John,-3,Delivered
D000284,O000284,Amit,17,Delivered
D000285,O000285,John,5,Cancelled
D000286,O000286,Amit,11,Delivered
D000287,O000287,,-5,Cancelled
D000288,O000288,Ravi,-3,delivered
D000289,O000289,Kiran,8,delivered
D000290,O000290,Kiran,5,
D000291,O000291,Amit,15,
D000292,O000292,Ravi,10,Delivered
D000293,O000293,Ravi,8,
D000294,O000294,,13,delivered
D000295,O000295,John,3,
D000296,O000296,Kiran,17,Cancelled
D000297,O000297,Amit,-4,
D000298,O000298,Ravi,4,delivered
D000299,O000299,Kiran,-3,delivered
D000300,O000300,Kiran,9,delivered
D000301,O000301,Kiran,6,delivered
D000302,O000302,Ravi,13,Cancelled
D000303,O000303,,3,
D000304,O000304,Kiran,8,delivered
D000305,O000305,Ravi,9,
D000306,O000306,Ravi,17,Delivered
D000307,O000307,Amit,5,Cancelled
D000308,O000308,,5,Delivered
D000309,O000309,,-3,Cancelled
D000310,O000310,,5,delivered
D000311,O000311,Ravi,-5,
D000312,O000312,Ravi,-2,Cancelled
D000313,O000313,,15,Delivered
D000314,O000314,Ravi,19,Delivered
D000315,O000315,,14,
D000316,O000316,Amit,4,Cancelled
D000317,O000317,John,12,Delivered
D000318,O000318,John,-5,Delivered
D000319,O000319,John,15,Cancelled
D000320,O000320,John,-3,delivered
D000321,O000321,Amit,19,delivered
D000322,O000322,Ravi,-3,
D000323,O000323,Amit,13,delivered
D000324,O000324,Kiran,12,
D000325,O000325,Ravi,7,Delivered
D000326,O000326,,-3,Delivered
D000327,O000327,Kiran,19,delivered
D000328,O000328,Kiran,17,Cancelled
D000329,O000329,Amit,12,delivered
D000330,O000330,Kiran,13,
D000331,O000331,Amit,2,
D000332,O000332,Kiran,8,Cancelled
D000333,O000333,Amit,18,Delivered
D000334,O000334,Ravi,-5,Delivered
D000335,O000335,Kiran,-5,delivered
D000336,O000336,Amit,2,
D000337,O000337,John,6,
D000338,O000338,John,2,Cancelled
D000339,O000339,Kiran,5,Cancelled
D000340,O000340,Amit,8,delivered
D000341,O000341,Ravi,12,Cancelled
D000342,O000342,Kiran,6,Delivered
D000343,O000343,Ravi,2,Cancelled
D000344,O000344,Amit,-5,
D000345,O000345,John,15,
D000346,O000346,Amit,4,
D000347,O000347,Ravi,-1,
D000348,O000348,John,8,Delivered
D000349,O000349,Kiran,2,delivered
D000350,O000350,John,18,Cancelled
D000351,O000351,Kiran,6,delivered
D000352,O000352,Kiran,-2,delivered
D000353,O000353,John,12,Cancelled
D000354,O000354,John,9,
D000355,O000355,Ravi,0,
D000356,O000356,John,5,
D000357,O000357,,7,Cancelled
D000358,O000358,John,14,Cancelled
D000359,O000359,Ravi,-4,
D000360,O000360,,3,Delivered
D000361,O000361,,3,delivered
D000362,O000362,Amit,17,Delivered
D000363,O000363,,-4,delivered
D000364,O000364,Kiran,-3,delivered
D000365,O000365,Ravi,19,Delivered
D000366,O000366,Amit,18,delivered
D000367,O000367,John,4,Delivered
D000368,O000368,,12,
D000369,O000369,Amit,15,Cancelled
D000370,O000370,Kiran,12,delivered
D000371,O000371,Amit,-5,Delivered
D000372,O000372,Kiran,19,Cancelled
D000373,O000373,Amit,9,delivered
D000374,O000374,Amit,7,delivered
D000375,O000375,John,9,delivered
D000376,O000376,John,17,delivered
D000377,O000377,John,-2,Cancelled
D000378,O000378,Amit,13,delivered
D000379,O000379,,-3,delivered
D000380,O000380,Amit,7,Cancelled
D000381,O000381,John,1,Cancelled
D000382,O000382,Amit,19,delivered
D000383,O000383,,6,Cancelled
D000384,O000384,Kiran,17,Cancelled
D000385,O000385,Ravi,-4,Delivered
D000386,O000386,John,10,Cancelled
D000387,O000387,Amit,16,
D000388,O000388,,2,Delivered
D000389,O000389,John,17,
D000390,O000390,John,6,Delivered
D000391,O000391,Kiran,-4,Delivered
D000392,O000392,Ravi,10,Delivered
D000393,O000393,Amit,17,Delivered
D000394,O000394,Amit,9,Cancelled
D000395,O000395,John,3,
D000396,O000396,,9,Cancelled
D000397,O000397,John,-3,Cancelled
D000398,O000398,Kiran,5,delivered
D000399,O000399,Ravi,13,Cancelled
D000400,O000400,Kiran,9,Delivered
D000401,O000401,,15,delivered
D000402,O000402,Amit,19,delivered
D000403,O000403,,-5,Cancelled
D000404,O000404,Kiran,1,
D000405,O000405,Amit,17,delivered
D000406,O000406,Ravi,-2,Cancelled
D000407,O000407,John,16,Cancelled
D000408,O000408,Ravi,-5,Delivered
D000409,O000409,John,14,
D000410,O000410,Ravi,5,delivered
D000411,O000411,Amit,13,
D000412,O000412,Amit,6,
D000413,O000413,Amit,15,
D000414,O000414,John,2,delivered
D000415,O000415,Amit,7,delivered
D000416,O000416,,-1,
D000417,O000417,John,-5,Cancelled
D000418,O000418,Amit,12,delivered
D000419,O000419,Amit,-4,Delivered
D000420,O000420,Ravi,3,
D000421,O000421,,7,delivered
D000422,O000422,,7,delivered
D000423,O000423,John,17,
D000424,O000424,,9,Delivered
D000425,O000425,Amit,14,Cancelled
D000426,O000426,John,3,Cancelled
D000427,O000427,Kiran,9,delivered
D000428,O000428,Ravi,19,Delivered
D000429,O000429,Ravi,1,Delivered
D000430,O000430,Kiran,5,
D000431,O000431,John,19,
D000432,O000432,Kiran,19,Delivered
D000433,O000433,,17,Cancelled
D000434,O000434,Amit,-1,
D000435,O000435,Kiran,3,
D000436,O000436,Kiran,8,Cancelled
D000437,O000437,,13,Cancelled
D000438,O000438,John,9,
D000439,O000439,Amit,10,Delivered
D000440,O000440,Amit,14,
D000441,O000441,Ravi,9,Cancelled
D000442,O000442,Amit,16,
D000443,O000443,Amit,17,delivered
D000444,O000444,Amit,9,Cancelled
D000445,O000445,Amit,18,
D000446,O000446,,-2,delivered
D000447,O000447,Ravi,19,Cancelled
D000448,O000448,Kiran,13,delivered
D000449,O000449,Ravi,13,Delivered
D000450,O000450,John,-1,Cancelled
D000451,O000451,Kiran,-4,delivered
D000452,O000452,Ravi,-5,Delivered
D000453,O000453,Ravi,3,delivered
D000454,O000454,Ravi,2,Cancelled
D000455,O000455,Ravi,6,Cancelled
D000456,O000456,Ravi,-3,Cancelled
D000457,O000457,Ravi,15,Delivered
D000458,O000458,,2,
D000459,O000459,,12,Cancelled
D000460,O000460,Kiran,17,Delivered
D000461,O000461,Amit,3,Delivered
D000462,O000462,Ravi,-2,Cancelled
D000463,O000463,Amit,10,Cancelled
D000464,O000464,,12,Cancelled
D000465,O000465,John,19,Cancelled
D000466,O000466,Ravi,4,
D000467,O000467,Kiran,11,
D000468,O000468,Amit,16,delivered
D000469,O000469,Kiran,2,
D000470,O000470,Ravi,-4,delivered
D000471,O000471,Amit,4,delivered
D000472,O000472,Amit,6,Delivered
D000473,O000473,Ravi,1,
D000474,O000474,John,1,
D000475,O000475,Ravi,7,
D000476,O000476,Kiran,13,Delivered
D000477,O000477,,4,delivered
D000478,O000478,,14,
D000479,O000479,,18,Cancelled
D000480,O000480,Amit,0,Delivered
D000481,O000481,Amit,7,Delivered
D000482,O000482,Ravi,12,Delivered
D000483,O000483,Amit,10,Delivered
D000484,O000484,Kiran,16,delivered
D000485,O000485,Ravi,1,delivered
D000486,O000486,Kiran,2,
D000487,O000487,,2,
D000488,O000488,Kiran,10,Delivered
D000489,O000489,,2,Cancelled
D000490,O000490,Amit,9,delivered
D000491,O000491,Ravi,2,Delivered
D000492,O000492,John,0,delivered
D000493,O000493,Kiran,-5,Delivered
D000494,O000494,Ravi,10,Cancelled
D000495,O000495,John,7,Delivered
D000496,O000496,Ravi,-2,Delivered
D000497,O000497,John,12,Delivered
D000498,O000498,Ravi,1,Cancelled
D000499,O000499,,-5,
D000500,O000500,John,-1,
D000501,O000501,Ravi,2,
D000502,O000502,John,-2,Delivered
D000503,O000503,,1,
D000504,O000504,John,10,Delivered
D000505,O000505,John,-1,delivered
D000506,O000506,Ravi,11,Delivered
D000507,O000507,Kiran,5,delivered
D000508,O000508,,12,Delivered
D000509,O000509,Ravi,-1,Cancelled
D000510,O000510,Amit,17,Cancelled
D000511,O000511,John,17,
D000512,O000512,Amit,19,Cancelled
D000513,O000513,Ravi,-3,Delivered
D000514,O000514,Kiran,14,Cancelled
D000515,O000515,,-3,Cancelled
D000516,O000516,Ravi,6,Delivered
D000517,O000517,Kiran,18,
D000518,O000518,Ravi,9,
D000519,O000519,Kiran,3,
D000520,O000520,Amit,8,delivered
D000521,O000521,Kiran,2,
D000522,O000522,,12,Delivered
D000523,O000523,Amit,4,
D000524,O000524,John,11,Delivered
D000525,O000525,Amit,9,delivered
D000526,O000526,Amit,15,Cancelled
D000527,O000527,John,-4,Delivered
D000528,O000528,Amit,-3,delivered
D000529,O000529,Amit,3,delivered
D000530,O000530,John,13,Cancelled
D000531,O000531,John,11,Delivered
D000532,O000532,,19,
D000533,O000533,Amit,-4,delivered
D000534,O000534,Amit,0,
D000535,O000535,Amit,5,Delivered
D000536,O000536,,5,Delivered
D000537,O000537,Amit,17,Cancelled
D000538,O000538,John,3,
D000539,O000539,John,10,Delivered
D000540,O000540,John,18,Cancelled
D000541,O000541,John,16,delivered
D000542,O000542,Kiran,14,
D000543,O000543,John,14,Cancelled
D000544,O000544,,8,Cancelled
D000545,O000545,Kiran,14,delivered
D000546,O000546,Amit,5,Cancelled
D000547,O000547,John,4,Cancelled
D000548,O000548,Amit,-4,delivered
D000549,O000549,John,1,Cancelled
D000550,O000550,John,-5,
D000551,O000551,Kiran,-1,Delivered
D000552,O000552,John,9,Cancelled
D000553,O000553,John,5,Cancelled
D000554,O000554,Ravi,14,Delivered
D000555,O000555,,12,Cancelled
D000556,O000556,,3,delivered
D000557,O000557,Amit,-5,
D000558,O000558,Amit,14,delivered
D000559,O000559,Kiran,0,Delivered
D000560,O000560,Amit,14,delivered
D000561,O000561,Ravi,4,
D000562,O000562,Amit,-2,Cancelled
D000563,O000563,John,12,delivered
D000564,O000564,Amit,6,Cancelled
D000565,O000565,Amit,19,Cancelled
D000566,O000566,John,3,
D000567,O000567,Ravi,11,
D000568,O000568,,11,Cancelled
D000569,O000569,Ravi,8,
D000570,O000570,Ravi,18,Cancelled
D000571,O000571,Kiran,3,Cancelled
D000572,O000572,Kiran,13,delivered
D000573,O000573,John,7,Cancelled
D000574,O000574,Kiran,-3,Delivered
D000575,O000575,,12,
D000576,O000576,John,3,Delivered
D000577,O000577,Kiran,10,Delivered
D000578,O000578,Amit,12,delivered
D000579,O000579,Kiran,1,Delivered
D000580,O000580,,12,
D000581,O000581,Kiran,8,Cancelled
D000582,O000582,John,4,
D000583,O000583,Amit,4,delivered
D000584,O000584,John,0,delivered
D000585,O000585,Amit,-3,Cancelled
D000586,O000586,Amit,11,Delivered
D000587,O000587,,16,Cancelled
D000588,O000588,Ravi,-4,Delivered
D000589,O000589,,1,Delivered
D000590,O000590,Ravi,6,Delivered
D000591,O000591,Ravi,19,Delivered
D000592,O000592,,-5,Delivered
D000593,O000593,Kiran,14,Cancelled
D000594,O000594,,-1,delivered
D000595,O000595,John,7,delivered
D000596,O000596,John,19,delivered
D000597,O000597,John,13,Cancelled
D000598,O000598,John,0,
D000599,O000599,Ravi,-1,Cancelled
D000600,O000600,Ravi,-1,delivered
D000601,O000601,,12,
D000602,O000602,Amit,4,Delivered
D000603,O000603,Amit,15,delivered
D000604,O000604,Ravi,13,delivered
D000605,O000605,Kiran,-4,Delivered
D000606,O000606,Ravi,5,
D000607,O000607,Kiran,16,Delivered
D000608,O000608,Amit,-5,Delivered
D000609,O000609,Ravi,0,Cancelled
D000610,O000610,,8,Delivered
D000611,O000611,John,18,delivered
D000612,O000612,Amit,-3,delivered
D000613,O000613,Ravi,1,delivered
D000614,O000614,Ravi,9,
D000615,O000615,John,13,delivered
D000616,O000616,Amit,16,Delivered
D000617,O000617,,1,Cancelled
D000618,O000618,,-3,delivered
D000619,O000619,,5,
D000620,O000620,Amit,-1,Delivered
D000621,O000621,,8,Delivered
D000622,O000622,Kiran,-3,
D000623,O000623,Ravi,-2,Cancelled
D000624,O000624,Kiran,-1,
D000625,O000625,Amit,17,Cancelled
D000626,O000626,,-2,
D000627,O000627,,-2,Delivered
D000628,O000628,,-4,delivered
D000629,O000629,John,-1,delivered
D000630,O000630,John,-3,Cancelled
D000631,O000631,,8,Delivered
D000632,O000632,Ravi,-2,delivered
D000633,O000633,John,10,
D000634,O000634,Amit,18,Delivered
D000635,O000635,,-2,Delivered
D000636,O000636,Ravi,0,delivered
D000637,O000637,John,13,
D000638,O000638,Amit,11,
D000639,O000639,John,-2,delivered
D000640,O000640,Amit,16,
D000641,O000641,,19,delivered
D000642,O000642,Ravi,15,Cancelled
D000643,O000643,Kiran,6,Cancelled
D000644,O000644,John,1,Delivered
D000645,O000645,Ravi,10,delivered
D000646,O000646,Kiran,8,
D000647,O000647,,7,
D000648,O000648,Amit,5,delivered
D000649,O000649,,5,Delivered
D000650,O000650,Ravi,-5,delivered
D000651,O000651,Ravi,2,
D000652,O000652,John,7,delivered
D000653,O000653,Kiran,-2,
D000654,O000654,Kiran,18,
D000655,O000655,John,19,delivered
D000656,O000656,,13,Cancelled
D000657,O000657,Kiran,14,
D000658,O000658,,0,
D000659,O000659,Amit,-3,Delivered
D000660,O000660,Ravi,3,
D000661,O000661,Amit,13,delivered
D000662,O000662,John,1,Cancelled
D000663,O000663,Kiran,17,
D000664,O000664,Amit,5,Cancelled
D000665,O000665,Ravi,9,Delivered
D000666,O000666,Kiran,9,delivered
D000667,O000667,,15,
D000668,O000668,Kiran,16,Cancelled
D000669,O000669,Ravi,11,
D000670,O000670,Kiran,9,Cancelled
D000671,O000671,Amit,6,Delivered
D000672,O000672,John,13,Cancelled
D000673,O000673,Amit,-3,
D000674,O000674,Kiran,-4,delivered
D000675,O000675,,-5,Cancelled
D000676,O000676,Kiran,19,Cancelled
D000677,O000677,Ravi,-2,delivered
D000678,O000678,Amit,18,
D000679,O000679,Amit,1,Cancelled
D000680,O000680,Kiran,6,Delivered
D000681,O000681,John,16,
D000682,O000682,Kiran,11,Cancelled
D000683,O000683,John,-3,Delivered
D000684,O000684,Kiran,15,Delivered
D000685,O000685,Amit,11,delivered
D000686,O000686,John,11,
D000687,O000687,Ravi,4,Delivered
D000688,O000688,John,9,Cancelled
D000689,O000689,,3,
D000690,O000690,Ravi,11,delivered
D000691,O000691,Kiran,-2,Delivered
D000692,O000692,,18,Delivered
D000693,O000693,Ravi,3,Delivered
D000694,O000694,Kiran,0,Cancelled
D000695,O000695,John,9,
D000696,O000696,Kiran,6,Cancelled
D000697,O000697,Amit,18,Delivered
D000698,O000698,Ravi,16,delivered
D000699,O000699,John,2,Cancelled
D000700,O000700,Kiran,17,delivered
D000701,O000701,John,3,Cancelled
D000702,O000702,John,3,delivered
D000703,O000703,Ravi,12,delivered
D000704,O000704,John,15,Delivered
D000705,O000705,Ravi,-4,Delivered
D000706,O000706,John,16,
D000707,O000707,John,14,Delivered
D000708,O000708,Kiran,18,
D000709,O000709,,4,Delivered
D000710,O000710,Ravi,-2,delivered
D000711,O000711,Amit,0,
D000712,O000712,Ravi,6,Delivered
D000713,O000713,John,7,Cancelled
D000714,O000714,,11,Delivered
D000715,O000715,Ravi,14,Delivered
D000716,O000716,John,14,Cancelled
D000717,O000717,Amit,0,Delivered
D000718,O000718,Kiran,9,
D000719,O000719,Kiran,2,Delivered
D000720,O000720,Ravi,-2,Delivered
D000721,O000721,Ravi,-2,Cancelled
D000722,O000722,Amit,-3,Cancelled
D000723,O000723,Kiran,10,Delivered
D000724,O000724,John,2,Cancelled
D000725,O000725,Ravi,0,delivered
D000726,O000726,,14,Cancelled
D000727,O000727,Kiran,7,
D000728,O000728,John,10,Delivered
D000729,O000729,Kiran,15,Cancelled
D000730,O000730,Amit,12,Delivered
D000731,O000731,,3,
D000732,O000732,John,18,delivered
D000733,O000733,John,-4,delivered
D000734,O000734,Ravi,18,Delivered
D000735,O000735,Amit,0,Cancelled
D000736,O000736,Amit,8,delivered
D000737,O000737,John,11,Delivered
D000738,O000738,Kiran,9,Delivered
D000739,O000739,John,14,delivered
D000740,O000740,John,-1,Delivered
D000741,O000741,John,-4,delivered
D000742,O000742,John,6,delivered
D000743,O000743,John,-1,Cancelled
D000744,O000744,John,-5,Delivered
D000745,O000745,Kiran,-4,delivered
D000746,O000746,,-5,delivered
D000747,O000747,,5,Cancelled
D000748,O000748,Ravi,-4,delivered
D000749,O000749,,5,Cancelled
D000750,O000750,Kiran,-4,delivered
D000751,O000751,John,1,Delivered
D000752,O000752,Amit,1,Delivered
D000753,O000753,Kiran,1,Delivered
D000754,O000754,Amit,-4,Cancelled
D000755,O000755,Ravi,10,Delivered
D000756,O000756,Kiran,-3,Cancelled
D000757,O000757,John,-4,
D000758,O000758,John,-1,Cancelled
D000759,O000759,Kiran,-3,
D000760,O000760,Kiran,0,Cancelled
D000761,O000761,John,16,delivered
D000762,O000762,Amit,-1,Cancelled
D000763,O000763,Kiran,12,delivered
D000764,O000764,John,2,Cancelled
D000765,O000765,,7,Cancelled
D000766,O000766,Kiran,16,
D000767,O000767,Ravi,-4,
D000768,O000768,Ravi,7,delivered
D000769,O000769,Kiran,11,delivered
D000770,O000770,John,0,Delivered
D000771,O000771,Amit,-4,Delivered
D000772,O000772,Kiran,14,
D000773,O000773,Ravi,6,delivered
D000774,O000774,Amit,10,Delivered
D000775,O000775,,-2,delivered
D000776,O000776,Amit,10,
D000777,O000777,,7,delivered
D000778,O000778,Ravi,8,
D000779,O000779,,3,Delivered
D000780,O000780,Amit,6,delivered
D000781,O000781,Ravi,8,delivered
D000782,O000782,Amit,5,Delivered
D000783,O000783,Kiran,4,Cancelled
D000784,O000784,Amit,1,Cancelled
D000785,O000785,Kiran,19,
D000786,O000786,Kiran,0,delivered
D000787,O000787,,11,Delivered
D000788,O000788,Kiran,7,
D000789,O000789,,9,Delivered
D000790,O000790,Kiran,18,Cancelled
D000791,O000791,Ravi,-2,delivered
D000792,O000792,,18,
D000793,O000793,Amit,-3,Cancelled
D000794,O000794,,5,Cancelled
D000795,O000795,Ravi,16,delivered
D000796,O000796,Kiran,14,delivered
D000797,O000797,Ravi,14,delivered
D000798,O000798,John,-4,delivered
D000799,O000799,Ravi,5,
D000800,O000800,Ravi,-2,delivered
D000801,O000801,Ravi,11,
D000802,O000802,Amit,11,delivered
D000803,O000803,Amit,15,
D000804,O000804,Ravi,11,
D000805,O000805,John,7,delivered
D000806,O000806,John,7,Delivered
D000807,O000807,,13,
D000808,O000808,Ravi,-3,
D000809,O000809,,4,Delivered
D000810,O000810,Kiran,10,
D000811,O000811,John,14,Cancelled
D000812,O000812,Kiran,-5,Cancelled
D000813,O000813,Kiran,17,Delivered
D000814,O000814,Ravi,14,Delivered
D000815,O000815,John,17,delivered
D000816,O000816,,-1,
D000817,O000817,Kiran,-5,Cancelled
D000818,O000818,Ravi,10,Delivered
D000819,O000819,Amit,5,delivered
D000820,O000820,John,-2,Delivered
D000821,O000821,Amit,-1,Cancelled
D000822,O000822,,10,Delivered
D000823,O000823,,6,Delivered
D000824,O000824,,6,
D000825,O000825,John,-2,Cancelled
D000826,O000826,Kiran,17,
D000827,O000827,Ravi,11,Delivered
D000828,O000828,Kiran,3,Cancelled
D000829,O000829,John,0,delivered
D000830,O000830,Amit,2,
D000831,O000831,Ravi,2,
D000832,O000832,,19,delivered
D000833,O000833,Amit,15,Delivered
D000834,O000834,Kiran,2,delivered
D000835,O000835,Ravi,2,Cancelled
D000836,O000836,,9,
D000837,O000837,Ravi,8,Cancelled
D000838,O000838,Kiran,0,Delivered
D000839,O000839,John,4,delivered
D000840,O000840,Kiran,2,Cancelled
D000841,O000841,John,15,
D000842,O000842,,4,Cancelled
D000843,O000843,Kiran,2,
D000844,O000844,Kiran,-3,Delivered
D000845,O000845,Kiran,-2,delivered
D000846,O000846,Kiran,5,Cancelled
D000847,O000847,John,7,Delivered
D000848,O000848,John,-3,Delivered
D000849,O000849,Amit,15,Cancelled
D000850,O000850,,15,Cancelled
D000851,O000851,,-1,
D000852,O000852,John,6,Delivered
D000853,O000853,Amit,6,delivered
D000854,O000854,Amit,12,Delivered
D000855,O000855,Kiran,19,delivered
D000856,O000856,Amit,17,Cancelled
D000857,O000857,,6,
D000858,O000858,Ravi,18,
D000859,O000859,John,12,Cancelled
D000860,O000860,Kiran,4,
D000861,O000861,Amit,1,Cancelled
D000862,O000862,John,-3,
D000863,O000863,John,-1,Delivered
D000864,O000864,John,17,
D000865,O000865,,6,delivered
D000866,O000866,Kiran,8,Delivered
D000867,O000867,Ravi,7,
D000868,O000868,Kiran,3,Delivered
D000869,O000869,Amit,4,Delivered
D000870,O000870,Kiran,-5,delivered
D000871,O000871,,0,delivered
D000872,O000872,Ravi,0,Cancelled
D000873,O000873,Kiran,-4,Delivered
D000874,O000874,Amit,10,
D000875,O000875,Kiran,19,delivered
D000876,O000876,,-1,Delivered
D000877,O000877,John,8,Cancelled
D000878,O000878,,10,Cancelled
D000879,O000879,,3,Delivered
D000880,O000880,,5,Cancelled
D000881,O000881,Ravi,10,
D000882,O000882,Kiran,14,
D000883,O000883,Amit,6,
D000884,O000884,John,9,
D000885,O000885,John,15,delivered
D000886,O000886,Ravi,-1,
D000887,O000887,Amit,15,delivered
D000888,O000888,John,19,delivered
D000889,O000889,Amit,11,delivered
D000890,O000890,Amit,2,Cancelled
D000891,O000891,Kiran,17,delivered
D000892,O000892,Ravi,-5,Cancelled
D000893,O000893,,-4,
D000894,O000894,,-5,Cancelled
D000895,O000895,John,14,Delivered
D000896,O000896,John,3,Cancelled
D000897,O000897,Ravi,-5,Delivered
D000898,O000898,Kiran,-3,Cancelled
D000899,O000899,John,10,delivered
D000900,O000900,John,5,Delivered
D000901,O000901,Amit,1,Cancelled
D000902,O000902,Ravi,14,
D000903,O000903,,7,Cancelled
D000904,O000904,Ravi,0,Delivered
D000905,O000905,,17,
D000906,O000906,Amit,6,Delivered
D000907,O000907,Kiran,0,delivered
D000908,O000908,,18,delivered
D000909,O000909,Amit,-4,Cancelled
D000910,O000910,Kiran,-5,Cancelled
D000911,O000911,Amit,1,Cancelled
D000912,O000912,Kiran,13,Cancelled
D000913,O000913,John,8,Delivered
D000914,O000914,Kiran,-2,Delivered
D000915,O000915,,10,Cancelled
D000916,O000916,Kiran,8,Cancelled
D000917,O000917,Ravi,17,delivered
D000918,O000918,Kiran,12,Cancelled
D000919,O000919,Amit,1,delivered
D000920,O000920,,-2,delivered
D000921,O000921,John,19,Cancelled
D000922,O000922,John,-5,Delivered
D000923,O000923,Amit,13,delivered
D000924,O000924,John,18,delivered
D000925,O000925,,17,Cancelled
D000926,O000926,Amit,12,Delivered
D000927,O000927,,15,
D000928,O000928,John,1,delivered
D000929,O000929,John,15,Cancelled
D000930,O000930,Ravi,10,Delivered
D000931,O000931,Amit,11,Delivered
D000932,O000932,Kiran,15,Delivered
D000933,O000933,Amit,13,delivered
D000934,O000934,,-5,
D000935,O000935,John,10,Delivered
D000936,O000936,Ravi,14,delivered
D000937,O000937,Amit,1,Cancelled
D000938,O000938,,1,Delivered
D000939,O000939,Ravi,9,delivered
D000940,O000940,Ravi,-4,
D000941,O000941,Ravi,7,Delivered
D000942,O000942,John,-4,
D000943,O000943,,11,delivered
D000944,O000944,Ravi,-4,Cancelled
D000945,O000945,John,9,delivered
D000946,O000946,John,8,
D000947,O000947,John,19,
D000948,O000948,Amit,10,Cancelled
D000949,O000949,John,5,Delivered
D000950,O000950,,6,delivered
D000951,O000951,Kiran,3,Cancelled
D000952,O000952,Amit,1,Delivered
D000953,O000953,Ravi,5,Cancelled
D000954,O000954,John,13,
D000955,O000955,Amit,18,Delivered
D000956,O000956,Amit,-2,Cancelled
D000957,O000957,,-1,delivered
D000958,O000958,Ravi,15,Cancelled
D000959,O000959,Kiran,-4,Delivered
D000960,O000960,Kiran,10,Cancelled
D000961,O000961,Amit,3,Cancelled
D000962,O000962,Amit,9,delivered
D000963,O000963,Ravi,16,Delivered
D000964,O000964,Amit,8,Delivered
D000965,O000965,John,10,
D000966,O000966,Kiran,0,Cancelled
D000967,O000967,John,-5,Delivered
D000968,O000968,,12,Delivered
D000969,O000969,Amit,9,Delivered
D000970,O000970,Ravi,14,delivered
D000971,O000971,,6,delivered
D000972,O000972,,18,delivered
D000973,O000973,Ravi,2,Delivered
D000974,O000974,,3,delivered
D000975,O000975,John,-5,Delivered
D000976,O000976,,10,delivered
D000977,O000977,Ravi,8,Cancelled
D000978,O000978,Kiran,6,Delivered
D000979,O000979,Amit,9,
D000980,O000980,Ravi,2,Cancelled
D000981,O000981,John,-2,Cancelled
D000982,O000982,John,-1,Cancelled
D000983,O000983,Kiran,15,
D000984,O000984,John,8,
D000985,O000985,Ravi,1,
D000986,O000986,John,9,delivered
D000987,O000987,Kiran,13,delivered
D000988,O000988,Kiran,15,Cancelled
D000989,O000989,,8,
D000990,O000990,,1,Cancelled
D000991,O000991,John,0,Cancelled
D000992,O000992,John,-4,
D000993,O000993,John,18,delivered
D000994,O000994,John,19,Cancelled
D000995,O000995,,3,Cancelled
D000996,O000996,Ravi,19,Delivered
D000997,O000997,Ravi,12,
D000998,O000998,Ravi,9,Cancelled
D000999,O000999,,9,
D001000,O001000,Ravi,4,Delivered
D001001,O001001,Ravi,-3,
D001002,O001002,,-2,Delivered
D001003,O001003,Amit,-4,Delivered
D001004,O001004,John,16,delivered
D001005,O001005,John,1,Cancelled
D001006,O001006,Amit,19,Cancelled
D001007,O001007,Kiran,-5,
D001008,O001008,Ravi,6,
D001009,O001009,Amit,17,Delivered
D001010,O001010,Ravi,-1,Delivered
D001011,O001011,Amit,10,
D001012,O001012,John,-3,
D001013,O001013,Ravi,5,
D001014,O001014,,9,Delivered
D001015,O001015,John,-1,
D001016,O001016,John,0,Delivered
D001017,O001017,John,-2,Cancelled
D001018,O001018,Ravi,6,Cancelled
D001019,O001019,Kiran,4,Delivered
D001020,O001020,Amit,3,Delivered
D001021,O001021,Amit,-5,Delivered
D001022,O001022,,4,Delivered
D001023,O001023,Kiran,0,delivered
D001024,O001024,John,8,Cancelled
D001025,O001025,Amit,5,Cancelled
D001026,O001026,Ravi,8,delivered
D001027,O001027,John,5,
D001028,O001028,John,-4,Delivered
D001029,O001029,Kiran,17,Delivered
D001030,O001030,Kiran,19,
D001031,O001031,Amit,16,Cancelled
D001032,O001032,Amit,9,delivered
D001033,O001033,John,4,Delivered
D001034,O001034,,19,Cancelled
D001035,O001035,John,5,Cancelled
D001036,O001036,Ravi,2,Cancelled
D001037,O001037,,15,delivered
D001038,O001038,Amit,2,delivered
D001039,O001039,,-1,delivered
D001040,O001040,,18,delivered
D001041,O001041,Amit,8,delivered
D001042,O001042,Ravi,10,delivered
D001043,O001043,Ravi,17,
D001044,O001044,Kiran,15,Cancelled
D001045,O001045,Kiran,18,Cancelled
D001046,O001046,Ravi,7,
D001047,O001047,Ravi,16,Delivered
D001048,O001048,Kiran,1,
D001049,O001049,Kiran,-1,Delivered
D001050,O001050,Ravi,9,Delivered
D001051,O001051,Amit,18,
D001052,O001052,Ravi,5,
D001053,O001053,Amit,18,delivered
D001054,O001054,Amit,11,
D001055,O001055,Amit,2,delivered
D001056,O001056,Kiran,4,
D001057,O001057,John,18,
D001058,O001058,Ravi,17,Delivered
D001059,O001059,,0,
D001060,O001060,,4,Delivered
D001061,O001061,Ravi,13,delivered
D001062,O001062,Amit,1,
D001063,O001063,Kiran,14,delivered
D001064,O001064,Kiran,18,
D001065,O001065,Amit,-1,
D001066,O001066,Ravi,7,Cancelled
D001067,O001067,,-3,
D001068,O001068,Kiran,16,Delivered
D001069,O001069,Amit,10,delivered
D001070,O001070,Kiran,0,Cancelled
D001071,O001071,Amit,16,Cancelled
D001072,O001072,Kiran,2,delivered
D001073,O001073,,10,delivered
D001074,O001074,Kiran,11,Cancelled
D001075,O001075,Ravi,4,
D001076,O001076,John,11,Cancelled
D001077,O001077,Amit,4,
D001078,O001078,John,1,delivered
D001079,O001079,,5,
D001080,O001080,,-3,
D001081,O001081,John,2,
D001082,O001082,,-3,Delivered
D001083,O001083,,7,
D001084,O001084,Amit,0,Delivered
D001085,O001085,Amit,11,
D001086,O001086,Amit,-4,
D001087,O001087,Ravi,1,Delivered
D001088,O001088,Ravi,0,
D001089,O001089,Ravi,-5,
D001090,O001090,Ravi,4,Delivered
D001091,O001091,John,17,Delivered
D001092,O001092,Amit,14,Delivered
D001093,O001093,,-5,Delivered
D001094,O001094,Kiran,19,
D001095,O001095,Ravi,8,
D001096,O001096,,-3,delivered
D001097,O001097,Amit,3,
D001098,O001098,John,1,Cancelled
D001099,O001099,,2,Cancelled
D001100,O001100,Kiran,1,Cancelled
D001101,O001101,,4,
D001102,O001102,Amit,19,Cancelled
D001103,O001103,,9,
D001104,O001104,John,13,Delivered
D001105,O001105,Amit,18,
D001106,O001106,Ravi,-4,delivered
D001107,O001107,Amit,14,
D001108,O001108,,4,Cancelled
D001109,O001109,Kiran,-2,Delivered
D001110,O001110,Amit,9,Delivered
D001111,O001111,Amit,0,Delivered
D001112,O001112,Amit,-3,delivered
D001113,O001113,Amit,6,delivered
D001114,O001114,,-5,delivered
D001115,O001115,Ravi,18,Cancelled
D001116,O001116,Kiran,3,Cancelled
D001117,O001117,Amit,17,delivered
D001118,O001118,Kiran,3,
D001119,O001119,,0,delivered
D001120,O001120,Ravi,-3,delivered
D001121,O001121,Amit,3,delivered
D001122,O001122,Ravi,8,Delivered
D001123,O001123,Amit,11,Cancelled
D001124,O001124,Amit,11,Delivered
D001125,O001125,John,12,
D001126,O001126,Kiran,5,
D001127,O001127,Ravi,14,Cancelled
D001128,O001128,Kiran,13,
D001129,O001129,Kiran,11,Delivered
D001130,O001130,Kiran,17,Delivered
D001131,O001131,Ravi,8,Delivered
D001132,O001132,Amit,10,
D001133,O001133,Amit,14,delivered
D001134,O001134,Amit,10,Delivered
D001135,O001135,Amit,5,Delivered
D001136,O001136,Amit,-5,delivered
D001137,O001137,Amit,10,delivered
D001138,O001138,,16,Cancelled
D001139,O001139,,0,
D001140,O001140,Amit,9,Delivered
D001141,O001141,Ravi,-5,Cancelled
D001142,O001142,Kiran,1,
D001143,O001143,Kiran,2,Cancelled
D001144,O001144,Ravi,15,
D001145,O001145,,4,Delivered
D001146,O001146,Kiran,1,Cancelled
D001147,O001147,,2,
D001148,O001148,John,7,
D001149,O001149,Kiran,8,
D001150,O001150,John,17,delivered
D001151,O001151,John,-3,
D001152,O001152,John,6,delivered
D001153,O001153,John,-4,Delivered
D001154,O001154,Amit,19,Cancelled
D001155,O001155,Amit,-1,Delivered
D001156,O001156,Ravi,6,delivered
D001157,O001157,Kiran,19,Delivered
D001158,O001158,Ravi,-2,delivered
D001159,O001159,John,-5,delivered
D001160,O001160,Ravi,2,
D001161,O001161,Amit,15,delivered
D001162,O001162,,14,
D001163,O001163,,19,Cancelled
D001164,O001164,,19,
D001165,O001165,,-4,
D001166,O001166,,11,
D001167,O001167,Kiran,18,
D001168,O001168,John,3,Cancelled
D001169,O001169,Amit,14,Cancelled
D001170,O001170,,5,Cancelled
D001171,O001171,Kiran,11,delivered
D001172,O001172,Amit,17,delivered
D001173,O001173,,15,
D001174,O001174,John,-1,
D001175,O001175,Ravi,15,delivered
D001176,O001176,John,3,
D001177,O001177,John,1,Cancelled
D001178,O001178,,12,Delivered
D001179,O001179,Ravi,9,
D001180,O001180,Ravi,19,Delivered
D001181,O001181,Amit,10,Cancelled
D001182,O001182,Kiran,10,
D001183,O001183,Amit,14,Cancelled
D001184,O001184,,7,Cancelled
D001185,O001185,Ravi,-1,Cancelled
D001186,O001186,John,-4,delivered
D001187,O001187,John,13,
D001188,O001188,Kiran,-1,Cancelled
D001189,O001189,,-5,delivered
D001190,O001190,,-5,
D001191,O001191,Amit,10,Cancelled
D001192,O001192,Ravi,11,
D001193,O001193,Ravi,1,delivered
D001194,O001194,Kiran,4,delivered
D001195,O001195,John,-2,
D001196,O001196,Amit,-2,
D001197,O001197,Kiran,7,delivered
D001198,O001198,Ravi,7,Cancelled
D001199,O001199,Amit,-3,delivered
D001200,O001200,,5,Cancelled
D001201,O001201,John,12,delivered
D001202,O001202,Ravi,14,delivered
D001203,O001203,Ravi,5,Cancelled
D001204,O001204,Kiran,12,Delivered
D001205,O001205,John,8,Cancelled
D001206,O001206,Ravi,5,Delivered
D001207,O001207,Ravi,7,Cancelled
D001208,O001208,Ravi,5,delivered
D001209,O001209,Kiran,1,Cancelled
D001210,O001210,Ravi,4,Delivered
D001211,O001211,Kiran,0,delivered
D001212,O001212,,0,Cancelled
D001213,O001213,,12,Cancelled
D001214,O001214,,5,delivered
D001215,O001215,,15,Delivered
D001216,O001216,Amit,9,Cancelled
D001217,O001217,Amit,18,Delivered
D001218,O001218,,12,Cancelled
D001219,O001219,,2,Cancelled
D001220,O001220,John,3,
D001221,O001221,Ravi,-3,
D001222,O001222,John,9,Cancelled
D001223,O001223,John,14,
D001224,O001224,John,8,Delivered
D001225,O001225,John,18,
D001226,O001226,John,-4,delivered
D001227,O001227,John,12,
D001228,O001228,,-5,Cancelled
D001229,O001229,John,-4,delivered
D001230,O001230,Amit,7,Cancelled
D001231,O001231,Ravi,7,
D001232,O001232,Amit,8,Cancelled
D001233,O001233,Kiran,6,
D001234,O001234,Amit,19,Delivered
D001235,O001235,Kiran,15,delivered
D001236,O001236,,14,delivered
D001237,O001237,Kiran,-4,Delivered
D001238,O001238,John,-4,delivered
D001239,O001239,John,8,Cancelled
D001240,O001240,John,16,Cancelled
D001241,O001241,Kiran,1,
D001242,O001242,Kiran,-2,delivered
D001243,O001243,Kiran,5,delivered
D001244,O001244,Ravi,1,delivered
D001245,O001245,Ravi,-5,Delivered
D001246,O001246,Ravi,7,
D001247,O001247,John,2,delivered
D001248,O001248,,10,delivered
D001249,O001249,Amit,13,Cancelled
D001250,O001250,Ravi,10,Delivered
D001251,O001251,Amit,7,delivered
D001252,O001252,Ravi,1,delivered
D001253,O001253,Kiran,17,Delivered
D001254,O001254,Kiran,13,Cancelled
D001255,O001255,John,-1,Delivered
D001256,O001256,John,-4,
D001257,O001257,Amit,3,Cancelled
D001258,O001258,John,10,delivered
D001259,O001259,,15,delivered
D001260,O001260,,-2,
D001261,O001261,,4,Delivered
D001262,O001262,John,-3,delivered
D001263,O001263,Ravi,-5,Delivered
D001264,O001264,Amit,1,Delivered
D001265,O001265,Amit,-3,Delivered
D001266,O001266,Amit,5,delivered
D001267,O001267,Ravi,7,Cancelled
D001268,O001268,John,11,delivered
D001269,O001269,Ravi,4,Cancelled
D001270,O001270,Kiran,2,Cancelled
D001271,O001271,Ravi,2,Cancelled
D001272,O001272,John,13,delivered
D001273,O001273,Ravi,13,
D001274,O001274,John,12,
D001275,O001275,Ravi,18,Cancelled
D001276,O001276,Ravi,3,delivered
D001277,O001277,Amit,14,
D001278,O001278,Amit,14,
D001279,O001279,Amit,6,delivered
D001280,O001280,John,7,Delivered
D001281,O001281,,-1,
D001282,O001282,,13,
D001283,O001283,,-1,delivered
D001284,O001284,,-2,delivered
D001285,O001285,John,18,delivered
D001286,O001286,Amit,15,
D001287,O001287,Amit,17,delivered
D001288,O001288,Amit,14,Cancelled
D001289,O001289,John,-4,Cancelled
D001290,O001290,Ravi,9,delivered
D001291,O001291,Kiran,2,
D001292,O001292,John,8,
D001293,O001293,Ravi,-2,
D001294,O001294,Amit,6,delivered
D001295,O001295,Amit,19,Delivered
D001296,O001296,,0,Cancelled
D001297,O001297,,2,delivered
D001298,O001298,Ravi,3,Delivered
D001299,O001299,Kiran,3,Delivered
D001300,O001300,Ravi,10,delivered
D001301,O001301,Ravi,3,Delivered
D001302,O001302,Kiran,17,Delivered
D001303,O001303,Ravi,13,Delivered
D001304,O001304,Ravi,2,Cancelled
D001305,O001305,John,1,Delivered
D001306,O001306,Kiran,19,Delivered
D001307,O001307,Amit,7,delivered
D001308,O001308,,-1,delivered
D001309,O001309,Amit,14,Cancelled
D001310,O001310,Amit,12,delivered
D001311,O001311,,1,Cancelled
D001312,O001312,,0,Delivered
D001313,O001313,Ravi,16,Delivered
D001314,O001314,Kiran,4,Delivered
D001315,O001315,,9,delivered
D001316,O001316,Kiran,18,Cancelled
D001317,O001317,Ravi,11,delivered
D001318,O001318,Amit,7,delivered
D001319,O001319,,-5,Cancelled
D001320,O001320,,14,Cancelled
D001321,O001321,Ravi,18,
D001322,O001322,Kiran,15,
D001323,O001323,Kiran,3,
D001324,O001324,John,13,Cancelled
D001325,O001325,Amit,0,Delivered
D001326,O001326,John,16,delivered
D001327,O001327,Kiran,-2,delivered
D001328,O001328,John,12,
D001329,O001329,Kiran,0,Delivered
D001330,O001330,,4,Cancelled
D001331,O001331,Ravi,-3,delivered
D001332,O001332,John,8,Delivered
D001333,O001333,,18,delivered
D001334,O001334,,-4,delivered
D001335,O001335,Ravi,13,delivered
D001336,O001336,Ravi,3,Cancelled
D001337,O001337,,-4,Cancelled
D001338,O001338,,9,delivered
D001339,O001339,John,7,Cancelled
D001340,O001340,John,6,Delivered
D001341,O001341,Amit,11,Delivered
D001342,O001342,Amit,10,delivered
D001343,O001343,,-3,
D001344,O001344,Amit,0,Delivered
D001345,O001345,,18,Cancelled
D001346,O001346,Ravi,4,Cancelled
D001347,O001347,Ravi,-1,Delivered
D001348,O001348,John,8,
D001349,O001349,Kiran,12,delivered
D001350,O001350,,2,Delivered
D001351,O001351,John,10,Cancelled
D001352,O001352,Amit,-4,
D001353,O001353,,14,delivered
D001354,O001354,John,3,Cancelled
D001355,O001355,Amit,17,delivered
D001356,O001356,,13,delivered
D001357,O001357,John,-5,
D001358,O001358,Kiran,16,delivered
D001359,O001359,John,3,Cancelled
D001360,O001360,,14,delivered
D001361,O001361,Amit,1,delivered
D001362,O001362,,-3,Delivered
D001363,O001363,,-5,Delivered
D001364,O001364,John,7,Cancelled
D001365,O001365,,8,delivered
D001366,O001366,Ravi,15,Delivered
D001367,O001367,Kiran,-5,Cancelled
D001368,O001368,Amit,12,delivered
D001369,O001369,Kiran,1,Cancelled
D001370,O001370,John,9,delivered
D001371,O001371,John,-5,
D001372,O001372,Ravi,16,Delivered
D001373,O001373,John,1,
D001374,O001374,John,14,delivered
D001375,O001375,John,14,
D001376,O001376,Kiran,-4,
D001377,O001377,Ravi,8,Delivered
D001378,O001378,,15,
D001379,O001379,Amit,1,delivered
D001380,O001380,Ravi,8,delivered
D001381,O001381,Kiran,14,
D001382,O001382,,18,Delivered
D001383,O001383,,9,Delivered
D001384,O001384,Amit,18,
D001385,O001385,,1,Delivered
D001386,O001386,Ravi,-3,
D001387,O001387,,4,
D001388,O001388,Kiran,6,Cancelled
D001389,O001389,,3,
D001390,O001390,Kiran,2,Delivered
D001391,O001391,,4,delivered
D001392,O001392,Amit,11,
D001393,O001393,Ravi,3,Cancelled
D001394,O001394,Kiran,17,Cancelled
D001395,O001395,,4,Cancelled
D001396,O001396,John,9,Cancelled
D001397,O001397,John,-2,Delivered
D001398,O001398,Ravi,15,delivered
D001399,O001399,Kiran,1,
D001400,O001400,Amit,10,
D001401,O001401,Amit,2,delivered
D001402,O001402,Ravi,8,
D001403,O001403,Amit,14,
D001404,O001404,,1,Cancelled
D001405,O001405,Ravi,8,Cancelled
D001406,O001406,Kiran,0,Delivered
D001407,O001407,Amit,3,delivered
D001408,O001408,,8,Delivered
D001409,O001409,Amit,10,
D001410,O001410,Ravi,-2,Cancelled
D001411,O001411,Ravi,14,Cancelled
D001412,O001412,Amit,-3,Cancelled
D001413,O001413,Ravi,7,delivered
D001414,O001414,John,18,
D001415,O001415,Ravi,18,delivered
D001416,O001416,Kiran,10,Cancelled
D001417,O001417,Amit,-2,delivered
D001418,O001418,John,-3,Cancelled
D001419,O001419,Amit,16,delivered
D001420,O001420,Ravi,19,delivered
D001421,O001421,John,18,Cancelled
D001422,O001422,Amit,1,
D001423,O001423,Ravi,17,
D001424,O001424,Ravi,15,delivered
D001425,O001425,Amit,9,Cancelled
D001426,O001426,Amit,-4,Delivered
D001427,O001427,Amit,3,delivered
D001428,O001428,John,-3,Delivered
D001429,O001429,John,19,Cancelled
D001430,O001430,Kiran,4,
D001431,O001431,John,12,
D001432,O001432,Ravi,9,Cancelled
D001433,O001433,John,10,delivered
D001434,O001434,Amit,7,
D001435,O001435,Amit,6,delivered
D001436,O001436,John,6,
D001437,O001437,Ravi,-5,
D001438,O001438,Kiran,9,delivered
D001439,O001439,Amit,17,Cancelled
D001440,O001440,,-5,delivered
D001441,O001441,Kiran,2,Delivered
D001442,O001442,,10,
D001443,O001443,,10,
D001444,O001444,,-3,delivered
D001445,O001445,Amit,13,Cancelled
D001446,O001446,Amit,8,
D001447,O001447,,3,Delivered
D001448,O001448,,6,Delivered
D001449,O001449,Kiran,10,delivered
D001450,O001450,Amit,-5,
D001451,O001451,,1,Cancelled
D001452,O001452,Ravi,12,Cancelled
D001453,O001453,Amit,5,delivered
D001454,O001454,Amit,-3,
D001455,O001455,Ravi,4,Cancelled
D001456,O001456,,6,delivered
D001457,O001457,John,2,
D001458,O001458,Amit,-3,Cancelled
D001459,O001459,,-4,Delivered
D001460,O001460,Ravi,1,
D001461,O001461,Ravi,6,delivered
D001462,O001462,Amit,7,Cancelled
D001463,O001463,Ravi,13,Cancelled
D001464,O001464,Ravi,18,delivered
D001465,O001465,,14,
D001466,O001466,Ravi,16,
D001467,O001467,John,5,Delivered
D001468,O001468,,7,Cancelled
D001469,O001469,,2,delivered
D001470,O001470,Amit,14,Delivered
D001471,O001471,,-1,Cancelled
D001472,O001472,Amit,13,Cancelled
D001473,O001473,Ravi,14,Cancelled
D001474,O001474,Kiran,2,delivered
D001475,O001475,John,1,delivered
D001476,O001476,John,16,delivered
D001477,O001477,Ravi,-1,Delivered
D001478,O001478,Kiran,3,Cancelled
D001479,O001479,,6,Cancelled
D001480,O001480,Kiran,-2,Delivered
D001481,O001481,,-3,Delivered
D001482,O001482,,5,delivered
D001483,O001483,,16,Cancelled
D001484,O001484,Kiran,12,
D001485,O001485,Ravi,19,
D001486,O001486,,16,Delivered
D001487,O001487,Ravi,13,Delivered
D001488,O001488,,-4,Delivered
D001489,O001489,Ravi,3,
D001490,O001490,Ravi,4,
D001491,O001491,Ravi,13,delivered
D001492,O001492,Amit,0,delivered
D001493,O001493,Kiran,3,Cancelled
D001494,O001494,,13,delivered
D001495,O001495,,19,Cancelled
D001496,O001496,Amit,12,delivered
D001497,O001497,Ravi,14,delivered
D001498,O001498,Ravi,13,delivered
D001499,O001499,,17,
D001500,O001500,John,-2,
D001501,O001501,,-2,Delivered
D001502,O001502,,11,delivered
D001503,O001503,Amit,7,
D001504,O001504,Ravi,-3,Cancelled
D001505,O001505,Kiran,15,delivered
D001506,O001506,,15,
D001507,O001507,,-2,Delivered
D001508,O001508,Kiran,1,Delivered
D001509,O001509,Amit,4,Cancelled
D001510,O001510,John,7,Cancelled
D001511,O001511,Amit,-2,
D001512,O001512,,1,Delivered
D001513,O001513,Amit,16,
D001514,O001514,Kiran,16,delivered
D001515,O001515,Amit,15,Cancelled
D001516,O001516,,5,Cancelled
D001517,O001517,Kiran,10,delivered
D001518,O001518,Kiran,18,delivered
D001519,O001519,,19,delivered
D001520,O001520,,6,Delivered
D001521,O001521,,19,Delivered
D001522,O001522,John,0,delivered
D001523,O001523,,-1,Cancelled
D001524,O001524,Amit,7,Cancelled
D001525,O001525,Ravi,-5,Delivered
D001526,O001526,John,9,Delivered
D001527,O001527,John,13,Cancelled
D001528,O001528,Ravi,2,
D001529,O001529,Amit,5,Delivered
D001530,O001530,John,-5,Delivered
D001531,O001531,John,-5,Cancelled
D001532,O001532,,6,delivered
D001533,O001533,Kiran,10,Cancelled
D001534,O001534,John,2,Delivered
D001535,O001535,Amit,8,delivered
D001536,O001536,Kiran,1,
D001537,O001537,Ravi,12,delivered
D001538,O001538,John,16,
D001539,O001539,Amit,7,Cancelled
D001540,O001540,Ravi,7,delivered
D001541,O001541,,3,delivered
D001542,O001542,,18,Cancelled
D001543,O001543,Kiran,16,
D001544,O001544,Ravi,12,
D001545,O001545,Kiran,-3,
D001546,O001546,Ravi,-3,delivered
D001547,O001547,Ravi,8,delivered
D001548,O001548,,3,
D001549,O001549,Kiran,10,
D001550,O001550,,19,Cancelled
D001551,O001551,Ravi,-1,
D001552,O001552,,7,Cancelled
D001553,O001553,Kiran,15,
D001554,O001554,Kiran,2,
D001555,O001555,Amit,13,
D001556,O001556,,3,Delivered
D001557,O001557,Amit,15,Delivered
D001558,O001558,Ravi,3,Cancelled
D001559,O001559,,4,
D001560,O001560,John,3,Delivered
D001561,O001561,Amit,6,
D001562,O001562,Kiran,6,Cancelled
D001563,O001563,Amit,5,
D001564,O001564,,14,
D001565,O001565,Amit,12,Delivered
D001566,O001566,Kiran,1,
D001567,O001567,Amit,-5,Delivered
D001568,O001568,Amit,1,delivered
D001569,O001569,John,-5,Delivered
D001570,O001570,Ravi,8,delivered
D001571,O001571,Kiran,7,Delivered
D001572,O001572,Ravi,15,delivered
D001573,O001573,John,7,Delivered
D001574,O001574,,11,
D001575,O001575,,2,Delivered
D001576,O001576,John,11,delivered
D001577,O001577,,7,delivered
D001578,O001578,,16,Cancelled
D001579,O001579,Amit,11,
D001580,O001580,Amit,9,
D001581,O001581,Amit,-4,Cancelled
D001582,O001582,John,7,delivered
D001583,O001583,,14,Delivered
D001584,O001584,Ravi,2,Cancelled
D001585,O001585,Kiran,-3,Cancelled
D001586,O001586,,18,Cancelled
D001587,O001587,John,1,Cancelled
D001588,O001588,Amit,16,Cancelled
D001589,O001589,Kiran,11,delivered
D001590,O001590,Kiran,0,Cancelled
D001591,O001591,Kiran,0,delivered
D001592,O001592,Ravi,18,delivered
D001593,O001593,Amit,5,Delivered
D001594,O001594,Amit,0,Cancelled
D001595,O001595,Amit,-4,Cancelled
D001596,O001596,Amit,-3,Delivered
D001597,O001597,,-4,
D001598,O001598,Kiran,-3,
D001599,O001599,Kiran,-5,Cancelled
D001600,O001600,Kiran,1,
D001601,O001601,John,15,Cancelled
D001602,O001602,Amit,10,
D001603,O001603,,19,delivered
D001604,O001604,,10,
D001605,O001605,John,17,
D001606,O001606,John,11,delivered
D001607,O001607,Kiran,-5,Delivered
D001608,O001608,Kiran,12,delivered
D001609,O001609,Kiran,1,
D001610,O001610,Kiran,17,Cancelled
D001611,O001611,Kiran,3,Cancelled
D001612,O001612,Amit,-3,
D001613,O001613,,10,Delivered
D001614,O001614,Amit,-3,Cancelled
D001615,O001615,,18,Delivered
D001616,O001616,Ravi,0,Cancelled
D001617,O001617,Ravi,13,Delivered
D001618,O001618,Ravi,18,Cancelled
D001619,O001619,,8,Cancelled
D001620,O001620,John,-3,Cancelled
D001621,O001621,Amit,0,Cancelled
D001622,O001622,John,11,
D001623,O001623,,-2,Cancelled
D001624,O001624,Kiran,16,Delivered
D001625,O001625,John,15,Delivered
D001626,O001626,,-2,delivered
D001627,O001627,Ravi,4,Delivered
D001628,O001628,Kiran,9,Cancelled
D001629,O001629,Ravi,11,Delivered
D001630,O001630,John,14,Cancelled
D001631,O001631,John,11,Cancelled
D001632,O001632,Amit,5,delivered
D001633,O001633,Amit,-2,
D001634,O001634,,7,Delivered
D001635,O001635,John,13,Delivered
D001636,O001636,Ravi,8,Cancelled
D001637,O001637,Amit,17,Delivered
D001638,O001638,Ravi,5,Delivered
D001639,O001639,,16,
D001640,O001640,Ravi,0,Delivered
D001641,O001641,Ravi,10,Cancelled
D001642,O001642,Kiran,5,
D001643,O001643,,13,Delivered
D001644,O001644,Amit,0,Cancelled
D001645,O001645,Kiran,6,Cancelled
D001646,O001646,John,13,Delivered
D001647,O001647,John,17,
D001648,O001648,Amit,12,delivered
D001649,O001649,,8,Cancelled
D001650,O001650,John,3,Delivered
D001651,O001651,John,4,delivered
D001652,O001652,John,9,Cancelled
D001653,O001653,,12,
D001654,O001654,John,11,delivered
D001655,O001655,Amit,14,Delivered
D001656,O001656,Amit,7,delivered
D001657,O001657,Amit,18,delivered
D001658,O001658,Kiran,10,Cancelled
D001659,O001659,Amit,1,Cancelled
D001660,O001660,Ravi,0,Delivered
D001661,O001661,John,7,
D001662,O001662,Amit,6,Cancelled
D001663,O001663,,17,delivered
D001664,O001664,,9,delivered
D001665,O001665,,-2,Delivered
D001666,O001666,Kiran,18,Cancelled
D001667,O001667,,6,
D001668,O001668,Kiran,14,Cancelled
D001669,O001669,John,4,Delivered
D001670,O001670,Ravi,2,
D001671,O001671,,8,Cancelled
D001672,O001672,,8,delivered
D001673,O001673,Kiran,15,Delivered
D001674,O001674,Kiran,19,
D001675,O001675,Ravi,1,
D001676,O001676,Amit,4,Cancelled
D001677,O001677,Kiran,4,
D001678,O001678,Ravi,16,delivered
D001679,O001679,John,12,
D001680,O001680,,16,Delivered
D001681,O001681,,11,delivered
D001682,O001682,Ravi,12,delivered
D001683,O001683,Ravi,8,Cancelled
D001684,O001684,,-1,delivered
D001685,O001685,Kiran,1,
D001686,O001686,Amit,11,
D001687,O001687,John,-4,Cancelled
D001688,O001688,Amit,-2,
D001689,O001689,Amit,3,
D001690,O001690,Amit,2,delivered
D001691,O001691,,19,Cancelled
D001692,O001692,Amit,-2,Cancelled
D001693,O001693,Kiran,5,
D001694,O001694,Kiran,1,
D001695,O001695,Kiran,5,Delivered
D001696,O001696,Ravi,-3,Cancelled
D001697,O001697,John,6,delivered
D001698,O001698,Kiran,2,
D001699,O001699,Amit,1,Delivered
D001700,O001700,Ravi,18,Delivered
D001701,O001701,,19,delivered
D001702,O001702,Kiran,16,
D001703,O001703,Amit,7,delivered
D001704,O001704,Amit,-2,
D001705,O001705,,13,Delivered
D001706,O001706,Ravi,-3,
D001707,O001707,Amit,5,Delivered
D001708,O001708,John,0,Cancelled
D001709,O001709,Kiran,10,Delivered
D001710,O001710,Ravi,18,delivered
D001711,O001711,Kiran,2,Delivered
D001712,O001712,Kiran,5,
D001713,O001713,,18,delivered
D001714,O001714,John,3,delivered
D001715,O001715,John,-5,Cancelled
D001716,O001716,,1,Cancelled
D001717,O001717,Kiran,4,Cancelled
D001718,O001718,John,3,delivered
D001719,O001719,Kiran,7,delivered
D001720,O001720,Ravi,12,
D001721,O001721,,10,delivered
D001722,O001722,,-2,Cancelled
D001723,O001723,John,0,Delivered
D001724,O001724,Ravi,14,
D001725,O001725,Kiran,3,
D001726,O001726,John,6,Delivered
D001727,O001727,Kiran,6,
D001728,O001728,Ravi,-5,Cancelled
D001729,O001729,Amit,3,Cancelled
D001730,O001730,John,4,
D001731,O001731,John,11,
D001732,O001732,,-5,
D001733,O001733,Amit,15,delivered
D001734,O001734,John,-5,delivered
D001735,O001735,Kiran,4,delivered
D001736,O001736,Ravi,3,Delivered
D001737,O001737,Amit,16,Delivered
D001738,O001738,,3,Cancelled
D001739,O001739,,-1,
D001740,O001740,Kiran,16,
D001741,O001741,Ravi,-4,
D001742,O001742,,8,Cancelled
D001743,O001743,,6,delivered
D001744,O001744,Ravi,10,Delivered
D001745,O001745,Amit,10,Delivered
D001746,O001746,John,3,Cancelled
D001747,O001747,John,13,
D001748,O001748,Ravi,15,
D001749,O001749,Ravi,18,Delivered
D001750,O001750,Ravi,15,delivered
D001751,O001751,Kiran,14,Delivered
D001752,O001752,Kiran,14,delivered
D001753,O001753,Ravi,15,delivered
D001754,O001754,Kiran,13,delivered
D001755,O001755,John,4,delivered
D001756,O001756,Ravi,5,
D001757,O001757,John,14,Delivered
D001758,O001758,John,-1,Delivered
D001759,O001759,Kiran,14,delivered
D001760,O001760,,10,Cancelled
D001761,O001761,,13,
D001762,O001762,Amit,6,Cancelled
D001763,O001763,Amit,11,delivered
D001764,O001764,,-4,delivered
D001765,O001765,Ravi,3,Cancelled
D001766,O001766,,12,Delivered
D001767,O001767,Kiran,-4,Delivered
D001768,O001768,,15,Cancelled
D001769,O001769,Ravi,4,delivered
D001770,O001770,Ravi,3,
D001771,O001771,Amit,-3,delivered
D001772,O001772,Amit,3,Delivered
D001773,O001773,Ravi,-2,Delivered
D001774,O001774,John,7,delivered
D001775,O001775,Amit,13,Delivered
D001776,O001776,Kiran,15,Cancelled
D001777,O001777,John,6,Cancelled
D001778,O001778,Kiran,6,Delivered
D001779,O001779,Kiran,17,delivered
D001780,O001780,Ravi,9,Cancelled
D001781,O001781,John,17,Delivered
D001782,O001782,Amit,6,Delivered
D001783,O001783,Ravi,-4,
D001784,O001784,,6,delivered
D001785,O001785,Amit,1,Delivered
D001786,O001786,,1,Cancelled
D001787,O001787,Ravi,12,Delivered
D001788,O001788,Kiran,19,delivered
D001789,O001789,Kiran,18,Delivered
D001790,O001790,John,6,Cancelled
D001791,O001791,Amit,12,Cancelled
D001792,O001792,,0,Delivered
D001793,O001793,,2,
D001794,O001794,John,19,delivered
D001795,O001795,Amit,11,Cancelled
D001796,O001796,Kiran,9,delivered
D001797,O001797,Ravi,6,delivered
D001798,O001798,John,1,Cancelled
D001799,O001799,Ravi,15,Delivered
D001800,O001800,Ravi,19,delivered
D001801,O001801,John,7,Delivered
D001802,O001802,,6,
D001803,O001803,Amit,10,
D001804,O001804,,19,delivered
D001805,O001805,Kiran,13,Cancelled
D001806,O001806,Amit,4,delivered
D001807,O001807,John,17,Delivered
D001808,O001808,John,10,Delivered
D001809,O001809,John,6,delivered
D001810,O001810,Ravi,-3,delivered
D001811,O001811,John,-2,delivered
D001812,O001812,Kiran,18,
D001813,O001813,Kiran,-5,Cancelled
D001814,O001814,John,-2,Delivered
D001815,O001815,Amit,-2,
D001816,O001816,Kiran,-3,
D001817,O001817,Amit,12,delivered
D001818,O001818,Amit,18,Delivered
D001819,O001819,Amit,16,Delivered
D001820,O001820,John,12,Delivered
D001821,O001821,Ravi,2,Delivered
D001822,O001822,John,2,delivered
D001823,O001823,Kiran,1,
D001824,O001824,Kiran,2,
D001825,O001825,Kiran,19,
D001826,O001826,Kiran,10,
D001827,O001827,Ravi,-3,Delivered
D001828,O001828,Amit,9,Delivered
D001829,O001829,John,12,Cancelled
D001830,O001830,Kiran,5,delivered
D001831,O001831,Amit,17,Delivered
D001832,O001832,John,-4,Delivered
D001833,O001833,Ravi,13,delivered
D001834,O001834,,10,delivered
D001835,O001835,Ravi,0,Delivered
D001836,O001836,,3,
D001837,O001837,Kiran,9,Cancelled
D001838,O001838,Amit,3,Cancelled
D001839,O001839,Amit,4,delivered
D001840,O001840,John,-4,
D001841,O001841,,9,delivered
D001842,O001842,,-5,Cancelled
D001843,O001843,John,0,Cancelled
D001844,O001844,Amit,17,
D001845,O001845,Amit,18,Cancelled
D001846,O001846,John,7,Cancelled
D001847,O001847,,14,
D001848,O001848,Kiran,1,Cancelled
D001849,O001849,John,19,delivered
D001850,O001850,Amit,11,delivered
D001851,O001851,Kiran,13,delivered
D001852,O001852,Kiran,15,delivered
D001853,O001853,,17,Delivered
D001854,O001854,John,15,Cancelled
D001855,O001855,Kiran,11,Cancelled
D001856,O001856,Ravi,-5,delivered
D001857,O001857,Kiran,11,Cancelled
D001858,O001858,Kiran,18,Delivered
D001859,O001859,Kiran,1,Delivered
D001860,O001860,John,-3,Delivered
D001861,O001861,,-2,
D001862,O001862,,8,delivered
D001863,O001863,Ravi,18,Cancelled
D001864,O001864,Ravi,6,Delivered
D001865,O001865,Kiran,1,Delivered
D001866,O001866,Kiran,17,Cancelled
D001867,O001867,Kiran,8,Cancelled
D001868,O001868,Ravi,16,
D001869,O001869,,19,Delivered
D001870,O001870,Ravi,16,Delivered
D001871,O001871,,7,
D001872,O001872,Ravi,11,
D001873,O001873,,-1,Cancelled
D001874,O001874,Ravi,2,delivered
D001875,O001875,,5,Cancelled
D001876,O001876,John,16,
D001877,O001877,John,9,delivered
D001878,O001878,Amit,15,
D001879,O001879,,9,Delivered
D001880,O001880,,19,
D001881,O001881,,17,delivered
D001882,O001882,Amit,7,delivered
D001883,O001883,Ravi,1,Delivered
D001884,O001884,John,11,Delivered
D001885,O001885,Amit,12,delivered
D001886,O001886,John,6,Cancelled
D001887,O001887,Kiran,9,
D001888,O001888,Amit,-1,Cancelled
D001889,O001889,Amit,13,Delivered
D001890,O001890,John,2,
D001891,O001891,,-2,
D001892,O001892,Kiran,17,Delivered
D001893,O001893,John,-1,Cancelled
D001894,O001894,Amit,16,Cancelled
D001895,O001895,,17,Delivered
D001896,O001896,Kiran,2,Cancelled
D001897,O001897,,13,delivered
D001898,O001898,John,13,Delivered
D001899,O001899,,-4,delivered
D001900,O001900,Amit,0,delivered
D001901,O001901,Amit,12,delivered
D001902,O001902,Ravi,11,
D001903,O001903,Kiran,11,delivered
D001904,O001904,John,19,Cancelled
D001905,O001905,,11,Delivered
D001906,O001906,Amit,9,Cancelled
D001907,O001907,Ravi,1,delivered
D001908,O001908,John,-1,delivered
D001909,O001909,Amit,16,delivered
D001910,O001910,John,19,delivered
D001911,O001911,Amit,13,Delivered
D001912,O001912,John,16,Delivered
D001913,O001913,Amit,1,
D001914,O001914,,-4,Delivered
D001915,O001915,Kiran,9,delivered
D001916,O001916,Amit,16,
D001917,O001917,John,8,delivered
D001918,O001918,Amit,0,
D001919,O001919,Ravi,15,Delivered
D001920,O001920,,1,Delivered
D001921,O001921,Ravi,3,Delivered
D001922,O001922,John,17,
D001923,O001923,Amit,-4,Cancelled
D001924,O001924,Amit,14,delivered
D001925,O001925,Ravi,-5,Delivered
D001926,O001926,Kiran,12,Delivered
D001927,O001927,,19,delivered
D001928,O001928,Amit,6,Cancelled
D001929,O001929,Amit,1,delivered
D001930,O001930,John,18,Delivered
D001931,O001931,Ravi,18,Delivered
D001932,O001932,John,5,Cancelled
D001933,O001933,,6,
D001934,O001934,Amit,12,Cancelled
D001935,O001935,Ravi,-1,delivered
D001936,O001936,Ravi,-5,Delivered
D001937,O001937,Ravi,19,Cancelled
D001938,O001938,,15,Delivered
D001939,O001939,Kiran,-5,
D001940,O001940,Kiran,17,Cancelled
D001941,O001941,Kiran,3,Cancelled
D001942,O001942,John,-5,Delivered
D001943,O001943,John,6,
D001944,O001944,,11,Delivered
D001945,O001945,Ravi,10,delivered
D001946,O001946,Kiran,11,delivered
D001947,O001947,Amit,1,
D001948,O001948,Kiran,-3,delivered
D001949,O001949,,19,Delivered
D001950,O001950,Kiran,3,Cancelled
D001951,O001951,Amit,17,delivered
D001952,O001952,Amit,-3,
D001953,O001953,Amit,10,
D001954,O001954,,10,Delivered
D001955,O001955,Kiran,4,delivered
D001956,O001956,,2,delivered
D001957,O001957,Amit,10,delivered
D001958,O001958,Kiran,10,
D001959,O001959,John,0,
D001960,O001960,,-2,
D001961,O001961,John,18,Cancelled
D001962,O001962,John,9,Delivered
D001963,O001963,Ravi,-3,Cancelled
D001964,O001964,Amit,11,
D001965,O001965,John,9,delivered
D001966,O001966,,14,delivered
D001967,O001967,Amit,3,Cancelled
D001968,O001968,Amit,17,
D001969,O001969,,7,
D001970,O001970,Kiran,-5,
D001971,O001971,,6,delivered
D001972,O001972,Kiran,11,delivered
D001973,O001973,Amit,8,
D001974,O001974,,-5,Cancelled
D001975,O001975,John,16,Delivered
D001976,O001976,,4,delivered
D001977,O001977,John,8,delivered
D001978,O001978,John,19,Delivered
D001979,O001979,Amit,9,
D001980,O001980,Kiran,5,Cancelled
D001981,O001981,Kiran,13,Cancelled
D001982,O001982,John,5,
D001983,O001983,Kiran,13,delivered
D001984,O001984,,17,
D001985,O001985,John,5,delivered
D001986,O001986,John,16,Cancelled
D001987,O001987,Ravi,19,delivered
D001988,O001988,,13,Cancelled
D001989,O001989,Kiran,1,Cancelled
D001990,O001990,Kiran,1,Cancelled
D001991,O001991,Ravi,19,delivered
D001992,O001992,,0,
D001993,O001993,Amit,3,Cancelled
D001994,O001994,Amit,16,
D001995,O001995,,12,Delivered
D001996,O001996,Kiran,0,Delivered
D001997,O001997,Amit,8,Cancelled
D001998,O001998,Amit,15,Delivered
D001999,O001999,Kiran,16,Cancelled
D002000,O002000,,3,delivered
D002001,O002001,Ravi,16,delivered
D002002,O002002,,15,delivered
D002003,O002003,Ravi,15,
D002004,O002004,,-3,Cancelled
D002005,O002005,Amit,15,Cancelled
D002006,O002006,John,15,
D002007,O002007,John,-3,
D002008,O002008,Kiran,17,Delivered
D002009,O002009,,2,Delivered
D002010,O002010,,6,delivered
D002011,O002011,Kiran,17,
D002012,O002012,Kiran,12,
D002013,O002013,Ravi,17,
D002014,O002014,Ravi,-5,Cancelled
D002015,O002015,John,13,Delivered
D002016,O002016,Amit,6,
D002017,O002017,,14,delivered
D002018,O002018,John,16,Cancelled
D002019,O002019,John,10,
D002020,O002020,Amit,3,Delivered
D002021,O002021,John,19,
D002022,O002022,John,0,Delivered
D002023,O002023,Amit,19,Delivered
D002024,O002024,John,0,Delivered
D002025,O002025,,1,delivered
D002026,O002026,Kiran,8,delivered
D002027,O002027,Amit,10,Delivered
D002028,O002028,Kiran,16,Cancelled
D002029,O002029,,-3,
D002030,O002030,John,-5,Cancelled
D002031,O002031,John,14,Cancelled
D002032,O002032,John,11,
D002033,O002033,Kiran,-5,delivered
D002034,O002034,Ravi,-1,Cancelled
D002035,O002035,Kiran,18,Cancelled
D002036,O002036,Ravi,11,
D002037,O002037,Kiran,-1,Cancelled
D002038,O002038,,5,Cancelled
D002039,O002039,Kiran,18,delivered
D002040,O002040,Kiran,-3,Cancelled
D002041,O002041,Amit,16,Delivered
D002042,O002042,John,17,delivered
D002043,O002043,John,4,
D002044,O002044,John,18,
D002045,O002045,Ravi,8,
D002046,O002046,,13,Cancelled
D002047,O002047,Ravi,5,
D002048,O002048,Amit,-5,Delivered
D002049,O002049,Amit,6,delivered
D002050,O002050,Kiran,18,Delivered
D002051,O002051,Amit,14,
D002052,O002052,Amit,-4,Cancelled
D002053,O002053,,-5,Cancelled
D002054,O002054,Amit,9,
D002055,O002055,Kiran,7,
D002056,O002056,John,16,
D002057,O002057,Ravi,7,Cancelled
D002058,O002058,Ravi,7,Delivered
D002059,O002059,Ravi,11,delivered
D002060,O002060,Kiran,0,
D002061,O002061,,6,Delivered
D002062,O002062,Kiran,9,Delivered
D002063,O002063,Ravi,18,Delivered
D002064,O002064,Kiran,-3,
D002065,O002065,Kiran,16,Cancelled
D002066,O002066,Kiran,0,Delivered
D002067,O002067,John,15,Delivered
D002068,O002068,Kiran,-3,Delivered
D002069,O002069,,6,delivered
D002070,O002070,John,5,Delivered
D002071,O002071,Kiran,0,Delivered
D002072,O002072,Amit,5,Cancelled
D002073,O002073,Ravi,11,Delivered
D002074,O002074,John,-2,Delivered
D002075,O002075,Amit,5,
D002076,O002076,Ravi,7,Cancelled
D002077,O002077,,18,Delivered
D002078,O002078,Amit,10,Delivered
D002079,O002079,,0,delivered
D002080,O002080,,14,delivered
D002081,O002081,Amit,0,Delivered
D002082,O002082,Amit,11,delivered
D002083,O002083,John,-3,Delivered
D002084,O002084,,1,
D002085,O002085,Amit,-5,delivered
D002086,O002086,,6,
D002087,O002087,Kiran,12,Delivered
D002088,O002088,Kiran,7,delivered
D002089,O002089,Kiran,-3,Delivered
D002090,O002090,,14,Cancelled
D002091,O002091,,0,
D002092,O002092,Amit,8,Cancelled
D002093,O002093,Amit,8,
D002094,O002094,John,3,Delivered
D002095,O002095,John,7,delivered
D002096,O002096,John,-5,Cancelled
D002097,O002097,Ravi,-2,delivered
D002098,O002098,Kiran,7,delivered
D002099,O002099,,14,Cancelled
D002100,O002100,Kiran,0,Cancelled
D002101,O002101,,-5,delivered
D002102,O002102,Ravi,8,Delivered
D002103,O002103,,19,Cancelled
D002104,O002104,John,-5,Delivered
D002105,O002105,Kiran,4,Delivered
D002106,O002106,Kiran,11,Cancelled
D002107,O002107,Kiran,13,Delivered
D002108,O002108,Ravi,11,
D002109,O002109,Kiran,14,Delivered
D002110,O002110,Amit,1,Delivered
D002111,O002111,John,3,Delivered
D002112,O002112,John,6,delivered
D002113,O002113,,14,Delivered
D002114,O002114,Ravi,16,Delivered
D002115,O002115,,7,Delivered
D002116,O002116,,-4,Delivered
D002117,O002117,John,17,delivered
D002118,O002118,Amit,6,delivered
D002119,O002119,Ravi,18,delivered
D002120,O002120,Ravi,13,Cancelled
D002121,O002121,Ravi,11,Cancelled
D002122,O002122,Amit,-4,delivered
D002123,O002123,Ravi,-4,Cancelled
D002124,O002124,Kiran,0,delivered
D002125,O002125,Amit,1,Delivered
D002126,O002126,,-1,delivered
D002127,O002127,Kiran,6,delivered
D002128,O002128,,5,Cancelled
D002129,O002129,Ravi,4,delivered
D002130,O002130,Amit,11,
D002131,O002131,Kiran,15,Delivered
D002132,O002132,Amit,2,delivered
D002133,O002133,Amit,4,delivered
D002134,O002134,Amit,6,delivered
D002135,O002135,,-4,delivered
D002136,O002136,Amit,2,Cancelled
D002137,O002137,Ravi,0,Cancelled
D002138,O002138,Kiran,-5,
D002139,O002139,John,7,Cancelled
D002140,O002140,Amit,8,
D002141,O002141,Kiran,4,
D002142,O002142,,3,delivered
D002143,O002143,,5,
D002144,O002144,Amit,10,Delivered
D002145,O002145,Amit,2,Cancelled
D002146,O002146,Ravi,9,
D002147,O002147,John,15,Delivered
D002148,O002148,Amit,8,Cancelled
D002149,O002149,Amit,-2,Delivered
D002150,O002150,Ravi,6,delivered
D002151,O002151,,11,delivered
D002152,O002152,John,12,Cancelled
D002153,O002153,,15,
D002154,O002154,Amit,-1,Delivered
D002155,O002155,John,2,delivered
D002156,O002156,Amit,15,
D002157,O002157,Ravi,-1,delivered
D002158,O002158,Ravi,-3,delivered
D002159,O002159,,17,
D002160,O002160,Kiran,16,Cancelled
D002161,O002161,,10,
D002162,O002162,John,15,Delivered
D002163,O002163,Ravi,-4,Cancelled
D002164,O002164,,-2,Delivered
D002165,O002165,Ravi,-3,Cancelled
D002166,O002166,Kiran,6,delivered
D002167,O002167,,17,
D002168,O002168,Ravi,3,Delivered
D002169,O002169,Amit,13,Cancelled
D002170,O002170,Kiran,17,delivered
D002171,O002171,Amit,7,delivered
D002172,O002172,John,8,
D002173,O002173,Kiran,3,
D002174,O002174,Ravi,-1,Delivered
D002175,O002175,Amit,2,Cancelled
D002176,O002176,John,18,delivered
D002177,O002177,Amit,17,Delivered
D002178,O002178,Kiran,-5,Delivered
D002179,O002179,Amit,15,delivered
D002180,O002180,Amit,10,Cancelled
D002181,O002181,,7,Delivered
D002182,O002182,Ravi,4,
D002183,O002183,Amit,3,delivered
D002184,O002184,,10,delivered
D002185,O002185,Ravi,3,delivered
D002186,O002186,Kiran,6,Cancelled
D002187,O002187,Kiran,16,Cancelled
D002188,O002188,,18,Delivered
D002189,O002189,,-2,Delivered
D002190,O002190,Kiran,3,delivered
D002191,O002191,John,12,Delivered
D002192,O002192,Ravi,10,delivered
D002193,O002193,Ravi,-4,
D002194,O002194,,8,Delivered
D002195,O002195,Ravi,17,Cancelled
D002196,O002196,John,-2,Cancelled
D002197,O002197,Ravi,5,delivered
D002198,O002198,,-2,
D002199,O002199,Amit,-4,Delivered
D002200,O002200,Amit,9,Delivered
D002201,O002201,,19,
D002202,O002202,Amit,12,
D002203,O002203,Ravi,3,Delivered
D002204,O002204,,6,delivered
D002205,O002205,,15,Delivered
D002206,O002206,,-1,
D002207,O002207,Amit,1,Cancelled
D002208,O002208,Kiran,6,Delivered
D002209,O002209,Amit,-1,
D002210,O002210,,16,Cancelled
D002211,O002211,Ravi,13,Delivered
D002212,O002212,Kiran,-3,delivered
D002213,O002213,,9,delivered
D002214,O002214,Amit,13,Delivered
D002215,O002215,John,11,Delivered
D002216,O002216,,-3,Cancelled
D002217,O002217,Ravi,14,delivered
D002218,O002218,John,9,
D002219,O002219,John,0,Delivered
D002220,O002220,Amit,5,delivered
D002221,O002221,Amit,8,delivered
D002222,O002222,Kiran,-2,Delivered
D002223,O002223,,-3,Delivered
D002224,O002224,Kiran,2,
D002225,O002225,Kiran,15,Delivered
D002226,O002226,John,-3,
D002227,O002227,Amit,-2,Delivered
D002228,O002228,John,-2,Cancelled
D002229,O002229,,8,Delivered
D002230,O002230,Kiran,6,Cancelled
D002231,O002231,Kiran,-3,Delivered
D002232,O002232,,19,delivered
D002233,O002233,Kiran,14,Delivered
D002234,O002234,Amit,2,Cancelled
D002235,O002235,Amit,19,Delivered
D002236,O002236,Kiran,17,Delivered
D002237,O002237,,13,delivered
D002238,O002238,John,8,delivered
D002239,O002239,Kiran,-5,Cancelled
D002240,O002240,Ravi,19,Delivered
D002241,O002241,Amit,14,Delivered
D002242,O002242,Ravi,8,delivered
D002243,O002243,Ravi,13,Cancelled
D002244,O002244,Ravi,1,Delivered
D002245,O002245,Kiran,7,Cancelled
D002246,O002246,Kiran,19,Cancelled
D002247,O002247,Ravi,17,Cancelled
D002248,O002248,Kiran,3,delivered
D002249,O002249,Ravi,17,
D002250,O002250,Ravi,10,delivered
D002251,O002251,John,10,Delivered
D002252,O002252,John,2,Cancelled
D002253,O002253,John,2,Cancelled
D002254,O002254,,18,Cancelled
D002255,O002255,Amit,12,Delivered
D002256,O002256,Kiran,-4,Delivered
D002257,O002257,John,-4,Cancelled
D002258,O002258,Amit,17,Cancelled
D002259,O002259,Amit,18,Cancelled
D002260,O002260,Kiran,4,Delivered
D002261,O002261,,11,Cancelled
D002262,O002262,Ravi,2,Cancelled
D002263,O002263,John,2,delivered
D002264,O002264,,-1,Cancelled
D002265,O002265,Kiran,-3,delivered
D002266,O002266,,-5,Cancelled
D002267,O002267,Amit,14,delivered
D002268,O002268,,1,delivered
D002269,O002269,John,1,Delivered
D002270,O002270,,7,Cancelled
D002271,O002271,,15,Cancelled
D002272,O002272,Amit,0,Cancelled
D002273,O002273,,7,delivered
D002274,O002274,Amit,19,Delivered
D002275,O002275,John,17,
D002276,O002276,John,-4,delivered
D002277,O002277,Ravi,-4,
D002278,O002278,Ravi,-4,delivered
D002279,O002279,Amit,9,delivered
D002280,O002280,Ravi,9,Cancelled
D002281,O002281,Ravi,12,delivered
D002282,O002282,Kiran,-1,delivered
D002283,O002283,Ravi,8,Delivered
D002284,O002284,,-1,Cancelled
D002285,O002285,John,2,Delivered
D002286,O002286,Ravi,15,
D002287,O002287,Amit,5,Cancelled
D002288,O002288,Kiran,2,Delivered
D002289,O002289,Kiran,0,Cancelled
D002290,O002290,John,-2,Cancelled
D002291,O002291,John,14,
D002292,O002292,Amit,-3,delivered
D002293,O002293,Amit,19,
D002294,O002294,Amit,6,Delivered
D002295,O002295,Kiran,5,Cancelled
D002296,O002296,Kiran,-1,delivered
D002297,O002297,Amit,2,Delivered
D002298,O002298,Ravi,5,
D002299,O002299,Ravi,5,Cancelled
D002300,O002300,Amit,14,
D002301,O002301,Amit,-3,Cancelled
D002302,O002302,Kiran,5,Cancelled
D002303,O002303,Ravi,0,delivered
D002304,O002304,John,0,
D002305,O002305,John,16,Delivered
D002306,O002306,,12,Cancelled
D002307,O002307,John,16,Cancelled
D002308,O002308,Ravi,-1,Delivered
D002309,O002309,Kiran,-1,Delivered
D002310,O002310,Ravi,13,Delivered
D002311,O002311,Ravi,-1,Delivered
D002312,O002312,John,-5,
D002313,O002313,Amit,-5,Cancelled
D002314,O002314,,17,delivered
D002315,O002315,John,1,Delivered
D002316,O002316,John,3,delivered
D002317,O002317,John,10,delivered
D002318,O002318,,3,delivered
D002319,O002319,Kiran,6,
D002320,O002320,John,5,Delivered
D002321,O002321,Kiran,17,delivered
D002322,O002322,Kiran,6,delivered
D002323,O002323,Ravi,4,Cancelled
D002324,O002324,Amit,3,Delivered
D002325,O002325,,7,
D002326,O002326,Amit,6,Delivered
D002327,O002327,Kiran,3,Delivered
D002328,O002328,Kiran,13,Delivered
D002329,O002329,,-2,Delivered
D002330,O002330,Amit,-5,Cancelled
D002331,O002331,Ravi,7,delivered
D002332,O002332,Amit,-4,Cancelled
D002333,O002333,John,2,
D002334,O002334,Amit,19,delivered
D002335,O002335,Kiran,19,Delivered
D002336,O002336,,6,Cancelled
D002337,O002337,John,19,Delivered
D002338,O002338,Kiran,7,Delivered
D002339,O002339,Amit,7,
D002340,O002340,,-5,delivered
D002341,O002341,John,2,
D002342,O002342,Amit,-1,
D002343,O002343,John,13,delivered
D002344,O002344,Ravi,16,
D002345,O002345,Ravi,14,delivered
D002346,O002346,,11,
D002347,O002347,Ravi,13,Cancelled
D002348,O002348,Kiran,-4,delivered
D002349,O002349,Amit,6,Delivered
D002350,O002350,John,-5,
D002351,O002351,John,19,
D002352,O002352,Ravi,6,delivered
D002353,O002353,John,13,
D002354,O002354,John,6,
D002355,O002355,Amit,-5,delivered
D002356,O002356,,-3,delivered
D002357,O002357,John,-5,
D002358,O002358,Ravi,-5,delivered
D002359,O002359,Ravi,3,
D002360,O002360,,-5,
D002361,O002361,John,6,
D002362,O002362,John,15,Delivered
D002363,O002363,John,-1,delivered
D002364,O002364,,9,Delivered
D002365,O002365,Ravi,9,Cancelled
D002366,O002366,John,9,Cancelled
D002367,O002367,John,11,
D002368,O002368,Kiran,3,Delivered
D002369,O002369,Amit,15,
D002370,O002370,,8,
D002371,O002371,Amit,12,
D002372,O002372,,10,
D002373,O002373,Amit,17,
D002374,O002374,Kiran,3,Cancelled
D002375,O002375,Amit,9,delivered
D002376,O002376,John,14,delivered
D002377,O002377,Amit,15,delivered
D002378,O002378,Amit,9,Cancelled
D002379,O002379,Ravi,3,Delivered
D002380,O002380,,-4,Cancelled
D002381,O002381,Amit,15,Cancelled
D002382,O002382,John,5,Delivered
D002383,O002383,John,16,
D002384,O002384,,-3,
D002385,O002385,Kiran,4,
D002386,O002386,,3,Delivered
D002387,O002387,John,10,Cancelled
D002388,O002388,Kiran,4,Cancelled
D002389,O002389,Kiran,2,Delivered
D002390,O002390,Ravi,-2,
D002391,O002391,Amit,15,Delivered
D002392,O002392,Ravi,2,Cancelled
D002393,O002393,Amit,9,delivered
D002394,O002394,Ravi,4,delivered
D002395,O002395,Kiran,6,delivered
D002396,O002396,Amit,9,
D002397,O002397,John,-5,
D002398,O002398,Kiran,2,
D002399,O002399,,16,
D002400,O002400,Kiran,17,Delivered
D002401,O002401,John,14,delivered
D002402,O002402,Ravi,9,delivered
D002403,O002403,Amit,9,
D002404,O002404,Ravi,5,
D002405,O002405,Ravi,16,Delivered
D002406,O002406,Amit,10,Delivered
D002407,O002407,Ravi,4,Delivered
D002408,O002408,John,-2,delivered
D002409,O002409,,4,delivered
D002410,O002410,Amit,12,delivered
D002411,O002411,Ravi,11,delivered
D002412,O002412,Amit,10,Delivered
D002413,O002413,Ravi,14,
D002414,O002414,John,1,delivered
D002415,O002415,Kiran,18,Delivered
D002416,O002416,,13,
D002417,O002417,,13,Cancelled
D002418,O002418,Amit,-1,
D002419,O002419,,4,Cancelled
D002420,O002420,Ravi,17,Cancelled
D002421,O002421,John,-2,delivered
D002422,O002422,John,1,Delivered
D002423,O002423,Amit,12,
D002424,O002424,Ravi,5,Cancelled
D002425,O002425,,-5,Delivered
D002426,O002426,Ravi,16,
D002427,O002427,,-2,delivered
D002428,O002428,Ravi,10,
D002429,O002429,,17,delivered
D002430,O002430,,-5,
D002431,O002431,John,-5,
D002432,O002432,Kiran,15,Cancelled
D002433,O002433,Kiran,11,Cancelled
D002434,O002434,Amit,-4,Cancelled
D002435,O002435,Kiran,-3,delivered
D002436,O002436,Amit,11,
D002437,O002437,John,18,
D002438,O002438,Amit,-4,delivered
D002439,O002439,Kiran,-4,
D002440,O002440,,2,Cancelled
D002441,O002441,Amit,1,delivered
D002442,O002442,Kiran,13,delivered
D002443,O002443,Kiran,15,
D002444,O002444,,13,Cancelled
D002445,O002445,Ravi,5,
D002446,O002446,Kiran,5,
D002447,O002447,John,15,delivered
D002448,O002448,,19,delivered
D002449,O002449,Ravi,13,Delivered
D002450,O002450,,5,
D002451,O002451,Amit,7,Delivered
D002452,O002452,Kiran,-3,
D002453,O002453,Kiran,-5,Delivered
D002454,O002454,,-1,
D002455,O002455,Amit,-3,delivered
D002456,O002456,,-3,delivered
D002457,O002457,John,6,Delivered
D002458,O002458,Kiran,-2,Delivered
D002459,O002459,Kiran,12,Delivered
D002460,O002460,John,12,Cancelled
D002461,O002461,Ravi,18,Delivered
D002462,O002462,Kiran,13,Delivered
D002463,O002463,,-2,Delivered
D002464,O002464,Ravi,-4,Cancelled
D002465,O002465,Ravi,-1,Cancelled
D002466,O002466,,6,
D002467,O002467,John,19,delivered
D002468,O002468,Ravi,3,Delivered
D002469,O002469,Kiran,18,Delivered
D002470,O002470,Amit,19,delivered
D002471,O002471,Ravi,19,
D002472,O002472,John,6,
D002473,O002473,,7,Delivered
D002474,O002474,Kiran,19,delivered
D002475,O002475,Amit,7,Delivered
D002476,O002476,Ravi,12,Delivered
D002477,O002477,John,13,Delivered
D002478,O002478,Amit,14,delivered
D002479,O002479,Amit,-5,delivered
D002480,O002480,Kiran,16,
D002481,O002481,Kiran,6,delivered
D002482,O002482,Ravi,-4,delivered
D002483,O002483,Ravi,-2,delivered
D002484,O002484,Amit,-1,Cancelled
D002485,O002485,John,14,
D002486,O002486,Amit,16,delivered
D002487,O002487,John,4,Delivered
D002488,O002488,Kiran,16,Cancelled
D002489,O002489,John,19,Cancelled
D002490,O002490,John,19,
D002491,O002491,Kiran,-5,Cancelled
D002492,O002492,,4,Cancelled
D002493,O002493,Amit,9,
D002494,O002494,Ravi,2,delivered
D002495,O002495,John,15,
D002496,O002496,Ravi,11,Delivered
D002497,O002497,Ravi,6,delivered
D002498,O002498,Amit,-1,delivered
D002499,O002499,,0,Cancelled
D002500,O002500,,10,delivered
D002501,O002501,,1,Cancelled
D002502,O002502,,13,delivered
D002503,O002503,Kiran,3,
D002504,O002504,Ravi,13,Cancelled
D002505,O002505,Ravi,11,
D002506,O002506,Kiran,13,Cancelled
D002507,O002507,Amit,17,Cancelled
D002508,O002508,John,4,Cancelled
D002509,O002509,,11,delivered
D002510,O002510,,8,delivered
D002511,O002511,Kiran,8,
D002512,O002512,,14,Delivered
D002513,O002513,Kiran,17,
D002514,O002514,John,9,Delivered
D002515,O002515,Ravi,13,Cancelled
D002516,O002516,,1,Delivered
D002517,O002517,Amit,10,Delivered
D002518,O002518,Kiran,14,Cancelled
D002519,O002519,John,17,
D002520,O002520,Amit,3,Cancelled
D002521,O002521,Ravi,15,Cancelled
D002522,O002522,Amit,13,Delivered
D002523,O002523,Kiran,11,Cancelled
D002524,O002524,,13,
D002525,O002525,Ravi,14,Delivered
D002526,O002526,Kiran,6,
D002527,O002527,John,-4,Cancelled
D002528,O002528,Amit,-2,
D002529,O002529,Amit,15,
D002530,O002530,Ravi,2,Cancelled
D002531,O002531,Ravi,5,delivered
D002532,O002532,John,5,
D002533,O002533,John,6,delivered
D002534,O002534,Ravi,-1,Cancelled
D002535,O002535,Kiran,12,delivered
D002536,O002536,Kiran,9,delivered
D002537,O002537,Ravi,11,delivered
D002538,O002538,Amit,3,delivered
D002539,O002539,,-2,
D002540,O002540,John,8,
D002541,O002541,Kiran,3,Delivered
D002542,O002542,,3,delivered
D002543,O002543,Amit,11,Cancelled
D002544,O002544,John,6,
D002545,O002545,Kiran,1,delivered
D002546,O002546,Kiran,6,Cancelled
D002547,O002547,Amit,6,Delivered
D002548,O002548,Amit,0,Cancelled
D002549,O002549,Kiran,10,Cancelled
D002550,O002550,Kiran,-4,delivered
D002551,O002551,,4,
D002552,O002552,Amit,-2,Cancelled
D002553,O002553,Amit,-1,Cancelled
D002554,O002554,,-1,Delivered
D002555,O002555,Amit,1,
D002556,O002556,Ravi,-4,
D002557,O002557,John,13,
D002558,O002558,Ravi,12,
D002559,O002559,Amit,1,
D002560,O002560,,8,Delivered
D002561,O002561,Kiran,9,
D002562,O002562,Amit,17,
D002563,O002563,Kiran,19,delivered
D002564,O002564,John,14,Delivered
D002565,O002565,Ravi,9,Delivered
D002566,O002566,John,14,
D002567,O002567,Kiran,16,Cancelled
D002568,O002568,John,8,delivered
D002569,O002569,Kiran,-3,delivered
D002570,O002570,Ravi,-3,Cancelled
D002571,O002571,Kiran,19,
D002572,O002572,Ravi,17,
D002573,O002573,Amit,6,Delivered
D002574,O002574,Kiran,19,
D002575,O002575,John,-4,Delivered
D002576,O002576,,-2,Delivered
D002577,O002577,John,2,delivered
D002578,O002578,,3,Cancelled
D002579,O002579,John,-3,Cancelled
D002580,O002580,Kiran,18,Delivered
D002581,O002581,Amit,18,delivered
D002582,O002582,Kiran,-3,Cancelled
D002583,O002583,Ravi,5,Delivered
D002584,O002584,Amit,18,Delivered
D002585,O002585,Kiran,0,Cancelled
D002586,O002586,Amit,19,Cancelled
D002587,O002587,Ravi,-5,Cancelled
D002588,O002588,,3,delivered
D002589,O002589,Amit,18,Delivered
D002590,O002590,Amit,6,
D002591,O002591,Ravi,7,Cancelled
D002592,O002592,Kiran,8,delivered
D002593,O002593,,2,delivered
D002594,O002594,Amit,18,Cancelled
D002595,O002595,Amit,9,Cancelled
D002596,O002596,Amit,4,Cancelled
D002597,O002597,Amit,17,Cancelled
D002598,O002598,Ravi,13,delivered
D002599,O002599,Amit,0,Cancelled
D002600,O002600,,10,Delivered
D002601,O002601,Ravi,4,Delivered
D002602,O002602,Amit,18,Cancelled
D002603,O002603,,7,Cancelled
D002604,O002604,John,2,delivered
D002605,O002605,John,-2,Delivered
D002606,O002606,,2,Delivered
D002607,O002607,Amit,2,delivered
D002608,O002608,Amit,5,Cancelled
D002609,O002609,Ravi,-5,
D002610,O002610,Amit,5,delivered
D002611,O002611,Ravi,-1,delivered
D002612,O002612,Amit,17,
D002613,O002613,Kiran,9,Delivered
D002614,O002614,Kiran,18,delivered
D002615,O002615,,3,Delivered
D002616,O002616,Kiran,5,Delivered
D002617,O002617,John,5,delivered
D002618,O002618,John,9,delivered
D002619,O002619,Ravi,6,Cancelled
D002620,O002620,John,8,Delivered
D002621,O002621,Amit,0,delivered
D002622,O002622,Ravi,10,Delivered
D002623,O002623,Kiran,7,delivered
D002624,O002624,Kiran,-1,delivered
D002625,O002625,John,18,Cancelled
D002626,O002626,John,16,Cancelled
D002627,O002627,Amit,12,Cancelled
D002628,O002628,Kiran,3,delivered
D002629,O002629,John,6,Cancelled
D002630,O002630,Kiran,3,Delivered
D002631,O002631,Kiran,11,Delivered
D002632,O002632,John,19,delivered
D002633,O002633,Kiran,15,Cancelled
D002634,O002634,John,8,
D002635,O002635,,19,delivered
D002636,O002636,John,7,
D002637,O002637,Kiran,-1,delivered
D002638,O002638,,4,
D002639,O002639,Kiran,16,Delivered
D002640,O002640,Kiran,3,
D002641,O002641,,7,Cancelled
D002642,O002642,Amit,1,
D002643,O002643,,8,
D002644,O002644,Kiran,-2,Delivered
D002645,O002645,Kiran,16,Cancelled
D002646,O002646,Amit,2,Cancelled
D002647,O002647,,-1,
D002648,O002648,John,7,delivered
D002649,O002649,Kiran,14,Cancelled
D002650,O002650,,17,Cancelled
D002651,O002651,Ravi,13,delivered
D002652,O002652,Kiran,14,Delivered
D002653,O002653,John,9,Delivered
D002654,O002654,Kiran,1,Delivered
D002655,O002655,,15,Cancelled
D002656,O002656,Amit,11,Cancelled
D002657,O002657,Ravi,0,delivered
D002658,O002658,John,8,delivered
D002659,O002659,Kiran,8,delivered
D002660,O002660,John,19,
D002661,O002661,Amit,4,Delivered
D002662,O002662,Ravi,8,Cancelled
D002663,O002663,John,13,delivered
D002664,O002664,,14,Cancelled
D002665,O002665,,5,
D002666,O002666,John,4,delivered
D002667,O002667,Ravi,9,delivered
D002668,O002668,Kiran,-4,
D002669,O002669,,13,Delivered
D002670,O002670,Kiran,6,Delivered
D002671,O002671,Kiran,15,Cancelled
D002672,O002672,John,16,Cancelled
D002673,O002673,,12,delivered
D002674,O002674,John,8,Delivered
D002675,O002675,Amit,-4,Cancelled
D002676,O002676,Kiran,6,Delivered
D002677,O002677,Ravi,16,Cancelled
D002678,O002678,Kiran,-5,
D002679,O002679,Ravi,12,
D002680,O002680,John,6,Cancelled
D002681,O002681,,6,
D002682,O002682,Kiran,-2,Delivered
D002683,O002683,Amit,11,Cancelled
D002684,O002684,Kiran,15,
D002685,O002685,Ravi,10,Cancelled
D002686,O002686,Ravi,13,Delivered
D002687,O002687,Ravi,-5,Delivered
D002688,O002688,,14,Cancelled
D002689,O002689,Amit,11,Cancelled
D002690,O002690,Amit,-4,Delivered
D002691,O002691,Ravi,5,Cancelled
D002692,O002692,Amit,1,Cancelled
D002693,O002693,Amit,-5,Cancelled
D002694,O002694,John,0,delivered
D002695,O002695,Amit,14,Delivered
D002696,O002696,Ravi,0,delivered
D002697,O002697,,-1,delivered
D002698,O002698,John,5,delivered
D002699,O002699,Amit,16,
D002700,O002700,John,-1,delivered
D002701,O002701,Kiran,-4,Cancelled
D002702,O002702,John,4,delivered
D002703,O002703,John,8,
D002704,O002704,John,14,
D002705,O002705,Amit,17,delivered
D002706,O002706,John,14,Delivered
D002707,O002707,,15,Cancelled
D002708,O002708,Amit,12,Cancelled
D002709,O002709,Ravi,7,Delivered
D002710,O002710,Kiran,-3,Cancelled
D002711,O002711,Ravi,15,
D002712,O002712,Amit,-2,
D002713,O002713,Ravi,13,Cancelled
D002714,O002714,Kiran,12,Delivered
D002715,O002715,John,6,Cancelled
D002716,O002716,Ravi,19,delivered
D002717,O002717,Amit,12,
D002718,O002718,,8,
D002719,O002719,Kiran,19,delivered
D002720,O002720,Ravi,-2,
D002721,O002721,,4,delivered
D002722,O002722,Kiran,3,
D002723,O002723,Ravi,19,Delivered
D002724,O002724,Amit,15,
D002725,O002725,,17,Cancelled
D002726,O002726,,14,Cancelled
D002727,O002727,Ravi,10,Cancelled
D002728,O002728,Ravi,5,Cancelled
D002729,O002729,Amit,14,Delivered
D002730,O002730,Amit,-5,
D002731,O002731,John,4,Cancelled
D002732,O002732,Ravi,19,
D002733,O002733,Amit,4,Delivered
D002734,O002734,Ravi,18,delivered
D002735,O002735,Amit,3,Delivered
D002736,O002736,Kiran,-5,Cancelled
D002737,O002737,Amit,-4,Delivered
D002738,O002738,Amit,9,Cancelled
D002739,O002739,Kiran,2,Delivered
D002740,O002740,Kiran,18,Cancelled
D002741,O002741,John,9,delivered
D002742,O002742,Amit,11,delivered
D002743,O002743,Kiran,4,
D002744,O002744,John,-1,
D002745,O002745,John,16,Delivered
D002746,O002746,Ravi,-1,delivered
D002747,O002747,Kiran,16,Cancelled
D002748,O002748,,17,delivered
D002749,O002749,Kiran,5,delivered
D002750,O002750,Kiran,4,delivered
D002751,O002751,John,16,delivered
D002752,O002752,Kiran,-3,Cancelled
D002753,O002753,Kiran,16,delivered
D002754,O002754,John,3,delivered
D002755,O002755,John,16,Delivered
D002756,O002756,Ravi,16,
D002757,O002757,Ravi,-1,
D002758,O002758,Kiran,-5,
D002759,O002759,Kiran,-1,
D002760,O002760,Amit,5,Cancelled
D002761,O002761,,-5,Delivered
D002762,O002762,Amit,10,Delivered
D002763,O002763,Amit,2,Delivered
D002764,O002764,Kiran,10,delivered
D002765,O002765,John,-5,delivered
D002766,O002766,John,2,Delivered
D002767,O002767,,-2,Cancelled
D002768,O002768,John,13,
D002769,O002769,Kiran,-2,Cancelled
D002770,O002770,John,12,Delivered
D002771,O002771,Ravi,13,
D002772,O002772,,-2,
D002773,O002773,John,3,
D002774,O002774,John,-4,Cancelled
D002775,O002775,Ravi,-3,Delivered
D002776,O002776,Amit,7,delivered
D002777,O002777,Kiran,14,
D002778,O002778,John,13,
D002779,O002779,Ravi,13,
D002780,O002780,Ravi,3,
D002781,O002781,Amit,-1,
D002782,O002782,John,9,delivered
D002783,O002783,Amit,3,
D002784,O002784,,0,
D002785,O002785,Ravi,4,delivered
D002786,O002786,Kiran,18,Cancelled
D002787,O002787,Ravi,-5,Delivered
D002788,O002788,Amit,7,Cancelled
D002789,O002789,Kiran,18,
D002790,O002790,Kiran,11,Cancelled
D002791,O002791,Ravi,8,delivered
D002792,O002792,Kiran,19,
D002793,O002793,John,-3,Cancelled
D002794,O002794,Ravi,7,Delivered
D002795,O002795,Amit,19,Cancelled
D002796,O002796,,2,
D002797,O002797,Amit,17,
D002798,O002798,John,-5,
D002799,O002799,,17,delivered
D002800,O002800,,-4,
D002801,O002801,Amit,-4,Cancelled
D002802,O002802,Ravi,19,Delivered
D002803,O002803,Ravi,3,Cancelled
D002804,O002804,,-5,Delivered
D002805,O002805,Amit,5,
D002806,O002806,Amit,1,Delivered
D002807,O002807,Ravi,15,delivered
D002808,O002808,John,0,delivered
D002809,O002809,Ravi,11,delivered
D002810,O002810,Ravi,0,delivered
D002811,O002811,John,10,delivered
D002812,O002812,Ravi,-5,Delivered
D002813,O002813,,-2,Delivered
D002814,O002814,,12,
D002815,O002815,,-4,Delivered
D002816,O002816,,-5,Delivered
D002817,O002817,,1,Cancelled
D002818,O002818,Amit,10,
D002819,O002819,Amit,7,Delivered
D002820,O002820,John,12,
D002821,O002821,Kiran,1,delivered
D002822,O002822,,12,Delivered
D002823,O002823,Kiran,1,Cancelled
D002824,O002824,Kiran,-2,Cancelled
D002825,O002825,,19,delivered
D002826,O002826,Ravi,11,Cancelled
D002827,O002827,John,13,Cancelled
D002828,O002828,Kiran,-1,delivered
D002829,O002829,Ravi,1,Delivered
D002830,O002830,Ravi,17,Cancelled
D002831,O002831,,0,Cancelled
D002832,O002832,John,-1,Delivered
D002833,O002833,,7,delivered
D002834,O002834,John,6,Cancelled
D002835,O002835,,-1,Cancelled
D002836,O002836,John,-2,delivered
D002837,O002837,Amit,19,Cancelled
D002838,O002838,Ravi,2,Delivered
D002839,O002839,Ravi,9,Cancelled
D002840,O002840,Ravi,19,Cancelled
D002841,O002841,John,17,Cancelled
D002842,O002842,Ravi,5,Delivered
D002843,O002843,Amit,-1,Delivered
D002844,O002844,Amit,5,
D002845,O002845,Kiran,4,Cancelled
D002846,O002846,Ravi,-4,Delivered
D002847,O002847,,14,Cancelled
D002848,O002848,,16,delivered
D002849,O002849,,2,delivered
D002850,O002850,Amit,15,Cancelled
D002851,O002851,Kiran,19,delivered
D002852,O002852,Kiran,14,Delivered
D002853,O002853,Amit,16,Cancelled
D002854,O002854,Kiran,-2,Cancelled
D002855,O002855,,16,Cancelled
D002856,O002856,,10,
D002857,O002857,Amit,8,
D002858,O002858,,-3,
D002859,O002859,John,2,Cancelled
D002860,O002860,,-2,Cancelled
D002861,O002861,Ravi,1,
D002862,O002862,Amit,18,delivered
D002863,O002863,Amit,3,Delivered
D002864,O002864,Kiran,-4,delivered
D002865,O002865,Kiran,-3,
D002866,O002866,Kiran,3,Delivered
D002867,O002867,Ravi,17,
D002868,O002868,,1,Delivered
D002869,O002869,Amit,14,Delivered
D002870,O002870,,9,Delivered
D002871,O002871,Kiran,11,
D002872,O002872,Amit,6,
D002873,O002873,Kiran,18,Delivered
D002874,O002874,Ravi,19,Cancelled
D002875,O002875,Amit,-2,Cancelled
D002876,O002876,Kiran,11,Cancelled
D002877,O002877,Kiran,3,Cancelled
D002878,O002878,Kiran,15,delivered
D002879,O002879,Ravi,0,delivered
D002880,O002880,,12,Cancelled
D002881,O002881,,15,
D002882,O002882,,11,Cancelled
D002883,O002883,Ravi,-3,Delivered
D002884,O002884,,11,Delivered
D002885,O002885,,11,
D002886,O002886,Ravi,19,Delivered
D002887,O002887,Amit,16,Cancelled
D002888,O002888,Kiran,7,Cancelled
D002889,O002889,Kiran,18,
D002890,O002890,Ravi,9,
D002891,O002891,,15,
D002892,O002892,John,6,delivered
D002893,O002893,,8,Delivered
D002894,O002894,John,9,Delivered
D002895,O002895,Kiran,8,delivered
D002896,O002896,Ravi,19,Delivered
D002897,O002897,,-2,
D002898,O002898,Ravi,10,Delivered
D002899,O002899,,2,Cancelled
D002900,O002900,,16,delivered
D002901,O002901,,5,delivered
D002902,O002902,John,15,Delivered
D002903,O002903,Ravi,-1,delivered
D002904,O002904,Kiran,-3,Delivered
D002905,O002905,Amit,14,Delivered
D002906,O002906,John,4,Cancelled
D002907,O002907,Kiran,-1,Cancelled
D002908,O002908,Ravi,3,Delivered
D002909,O002909,Amit,-3,delivered
D002910,O002910,Amit,-1,delivered
D002911,O002911,Ravi,10,Cancelled
D002912,O002912,John,7,Delivered
D002913,O002913,,5,Delivered
D002914,O002914,,19,Cancelled
D002915,O002915,,11,Delivered
D002916,O002916,Kiran,15,Cancelled
D002917,O002917,Ravi,-2,Delivered
D002918,O002918,John,11,delivered
D002919,O002919,Ravi,-5,Cancelled
D002920,O002920,Amit,17,Delivered
D002921,O002921,Kiran,0,Delivered
D002922,O002922,John,-5,Cancelled
D002923,O002923,Amit,14,
D002924,O002924,,1,
D002925,O002925,,5,Delivered
D002926,O002926,,16,Delivered
D002927,O002927,Ravi,4,Delivered
D002928,O002928,Amit,12,
D002929,O002929,John,19,Cancelled
D002930,O002930,Amit,4,
D002931,O002931,John,13,delivered
D002932,O002932,Kiran,-4,
D002933,O002933,Kiran,-5,
D002934,O002934,John,8,Delivered
D002935,O002935,Amit,6,Cancelled
D002936,O002936,John,9,Cancelled
D002937,O002937,John,13,
D002938,O002938,,16,Delivered
D002939,O002939,John,11,Cancelled
D002940,O002940,,12,Delivered
D002941,O002941,,3,
D002942,O002942,John,-5,Cancelled
D002943,O002943,Ravi,-5,delivered
D002944,O002944,Amit,3,
D002945,O002945,John,13,
D002946,O002946,Kiran,0,delivered
D002947,O002947,John,13,
D002948,O002948,John,12,delivered
D002949,O002949,Kiran,-3,delivered
D002950,O002950,,-2,
D002951,O002951,,5,delivered
D002952,O002952,Ravi,11,delivered
D002953,O002953,John,-3,
D002954,O002954,John,17,
D002955,O002955,Amit,-4,delivered
D002956,O002956,,17,Delivered
D002957,O002957,John,-2,
D002958,O002958,Amit,17,
D002959,O002959,Ravi,5,Delivered
D002960,O002960,Amit,-3,
D002961,O002961,,17,Delivered
D002962,O002962,,1,Cancelled
D002963,O002963,Ravi,13,
D002964,O002964,John,0,
D002965,O002965,Amit,19,Cancelled
D002966,O002966,John,10,
D002967,O002967,John,17,delivered
D002968,O002968,John,15,delivered
D002969,O002969,Kiran,5,Cancelled
D002970,O002970,Ravi,-5,delivered
D002971,O002971,John,2,Cancelled
D002972,O002972,Ravi,-2,delivered
D002973,O002973,John,12,
D002974,O002974,Amit,19,delivered
D002975,O002975,Amit,-3,
D002976,O002976,Ravi,7,delivered
D002977,O002977,John,0,Cancelled
D002978,O002978,Ravi,-3,delivered
D002979,O002979,Ravi,8,
D002980,O002980,Kiran,1,Cancelled
D002981,O002981,John,12,delivered
D002982,O002982,Kiran,-2,Delivered
D002983,O002983,John,7,Delivered
D002984,O002984,,5,Cancelled
D002985,O002985,,4,Delivered
D002986,O002986,Kiran,10,Delivered
D002987,O002987,,19,delivered
D002988,O002988,Kiran,5,delivered
D002989,O002989,,18,
D002990,O002990,Kiran,8,delivered
D002991,O002991,,2,Cancelled
D002992,O002992,Ravi,2,
D002993,O002993,Ravi,17,
D002994,O002994,Ravi,0,delivered
D002995,O002995,John,18,
D002996,O002996,Amit,17,
D002997,O002997,Kiran,-5,delivered
D002998,O002998,Amit,0,Cancelled
D002999,O002999,Ravi,18,delivered
D003000,O003000,Kiran,8,Delivered
D003001,O003001,Kiran,15,
D003002,O003002,John,0,delivered
D003003,O003003,Amit,9,Cancelled
D003004,O003004,Amit,12,Cancelled
D003005,O003005,,9,
D003006,O003006,Kiran,6,Delivered
D003007,O003007,Ravi,5,delivered
D003008,O003008,,-4,Delivered
D003009,O003009,,-4,delivered
D003010,O003010,Kiran,6,Cancelled
D003011,O003011,,16,Cancelled
D003012,O003012,Kiran,15,
D003013,O003013,Kiran,0,Delivered
D003014,O003014,,0,Cancelled
D003015,O003015,Ravi,6,
D003016,O003016,,-2,Cancelled
D003017,O003017,Amit,1,delivered
D003018,O003018,Kiran,6,Delivered
D003019,O003019,Ravi,3,Delivered
D003020,O003020,John,1,delivered
D003021,O003021,John,10,delivered
D003022,O003022,,9,Delivered
D003023,O003023,John,16,
D003024,O003024,Amit,-3,
D003025,O003025,,0,Cancelled
D003026,O003026,,18,
D003027,O003027,Ravi,8,Delivered
D003028,O003028,Kiran,2,
D003029,O003029,,-2,delivered
D003030,O003030,,7,Delivered
D003031,O003031,,-1,Cancelled
D003032,O003032,Ravi,14,Delivered
D003033,O003033,,12,Delivered
D003034,O003034,Kiran,5,
D003035,O003035,Kiran,-1,
D003036,O003036,,11,
D003037,O003037,Ravi,-4,Cancelled
D003038,O003038,John,17,Cancelled
D003039,O003039,,-1,Cancelled
D003040,O003040,,2,Cancelled
D003041,O003041,Amit,0,delivered
D003042,O003042,Ravi,2,Delivered
D003043,O003043,Kiran,-4,
D003044,O003044,Ravi,2,Delivered
D003045,O003045,Ravi,19,Delivered
D003046,O003046,,18,Delivered
D003047,O003047,Amit,1,
D003048,O003048,,2,Delivered
D003049,O003049,Ravi,12,delivered
D003050,O003050,,16,
D003051,O003051,Ravi,1,delivered
D003052,O003052,Kiran,9,
D003053,O003053,,3,Delivered
D003054,O003054,,8,Delivered
D003055,O003055,Kiran,7,Delivered
D003056,O003056,,-3,delivered
D003057,O003057,Ravi,0,Delivered
D003058,O003058,John,18,Cancelled
D003059,O003059,,-2,delivered
D003060,O003060,Kiran,15,Cancelled
D003061,O003061,Kiran,12,
D003062,O003062,John,5,Cancelled
D003063,O003063,Ravi,1,Cancelled
D003064,O003064,Amit,9,delivered
D003065,O003065,Ravi,18,
D003066,O003066,,16,Cancelled
D003067,O003067,Kiran,19,Delivered
D003068,O003068,Kiran,5,Delivered
D003069,O003069,Ravi,13,
D003070,O003070,Ravi,19,Cancelled
D003071,O003071,,3,delivered
D003072,O003072,Ravi,19,
D003073,O003073,John,0,
D003074,O003074,John,19,
D003075,O003075,Amit,1,
D003076,O003076,Kiran,2,Delivered
D003077,O003077,,18,delivered
D003078,O003078,,6,Delivered
D003079,O003079,Ravi,18,
D003080,O003080,Kiran,13,delivered
D003081,O003081,Amit,16,Delivered
D003082,O003082,Amit,8,Cancelled
D003083,O003083,Amit,17,Cancelled
D003084,O003084,Kiran,14,
D003085,O003085,Amit,14,Cancelled
D003086,O003086,John,1,delivered
D003087,O003087,Ravi,-4,
D003088,O003088,Amit,5,Cancelled
D003089,O003089,John,5,delivered
D003090,O003090,John,2,Delivered
D003091,O003091,,0,Delivered
D003092,O003092,Ravi,5,delivered
D003093,O003093,,5,Cancelled
D003094,O003094,Kiran,19,delivered
D003095,O003095,John,-1,delivered
D003096,O003096,,4,delivered
D003097,O003097,Ravi,-5,Delivered
D003098,O003098,John,1,Delivered
D003099,O003099,Amit,-2,Delivered
D003100,O003100,Ravi,7,Cancelled
D003101,O003101,Amit,14,
D003102,O003102,Kiran,9,Delivered
D003103,O003103,Amit,10,Delivered
D003104,O003104,Amit,-3,delivered
D003105,O003105,Kiran,15,Cancelled
D003106,O003106,Kiran,16,delivered
D003107,O003107,Amit,-3,delivered
D003108,O003108,John,2,delivered
D003109,O003109,John,10,delivered
D003110,O003110,,-4,Delivered
D003111,O003111,,1,Cancelled
D003112,O003112,Kiran,-5,Delivered
D003113,O003113,Ravi,3,
D003114,O003114,Amit,3,delivered
D003115,O003115,Kiran,15,Delivered
D003116,O003116,Kiran,12,Cancelled
D003117,O003117,Kiran,16,
D003118,O003118,John,6,Delivered
D003119,O003119,Ravi,6,Delivered
D003120,O003120,John,-1,
D003121,O003121,,5,Cancelled
D003122,O003122,Kiran,-2,
D003123,O003123,John,10,
D003124,O003124,Kiran,6,delivered
D003125,O003125,Ravi,-4,delivered
D003126,O003126,Amit,-1,
D003127,O003127,John,2,delivered
D003128,O003128,Ravi,10,Cancelled
D003129,O003129,Amit,12,Delivered
D003130,O003130,Kiran,17,
D003131,O003131,Ravi,-3,delivered
D003132,O003132,,0,Cancelled
D003133,O003133,Amit,-2,Cancelled
D003134,O003134,Amit,16,Cancelled
D003135,O003135,Kiran,5,
D003136,O003136,,-4,delivered
D003137,O003137,John,15,Cancelled
D003138,O003138,Ravi,7,delivered
D003139,O003139,Kiran,7,Delivered
D003140,O003140,,12,Cancelled
D003141,O003141,Amit,18,Cancelled
D003142,O003142,Amit,7,delivered
D003143,O003143,Amit,6,delivered
D003144,O003144,,3,delivered
D003145,O003145,,18,Delivered
D003146,O003146,John,-5,
D003147,O003147,Ravi,-1,delivered
D003148,O003148,Amit,-2,Cancelled
D003149,O003149,John,-2,Delivered
D003150,O003150,,8,delivered
D003151,O003151,John,5,delivered
D003152,O003152,Amit,17,Cancelled
D003153,O003153,Ravi,8,Cancelled
D003154,O003154,John,6,delivered
D003155,O003155,,10,Delivered
D003156,O003156,Kiran,9,delivered
D003157,O003157,Kiran,4,
D003158,O003158,John,-2,Delivered
D003159,O003159,,-5,Cancelled
D003160,O003160,John,13,Cancelled
D003161,O003161,John,2,Delivered
D003162,O003162,Kiran,4,Delivered
D003163,O003163,John,1,Cancelled
D003164,O003164,Kiran,-4,
D003165,O003165,,17,Delivered
D003166,O003166,,-4,Cancelled
D003167,O003167,,16,delivered
D003168,O003168,Kiran,18,Delivered
D003169,O003169,Amit,13,
D003170,O003170,Amit,6,Delivered
D003171,O003171,Amit,13,
D003172,O003172,Amit,18,Cancelled
D003173,O003173,,6,Delivered
D003174,O003174,Amit,7,Delivered
D003175,O003175,John,10,
D003176,O003176,Kiran,2,
D003177,O003177,Amit,4,delivered
D003178,O003178,,0,
D003179,O003179,Amit,9,Cancelled
D003180,O003180,Kiran,11,Delivered
D003181,O003181,Ravi,5,
D003182,O003182,Ravi,13,delivered
D003183,O003183,,4,delivered
D003184,O003184,,17,
D003185,O003185,,12,delivered
D003186,O003186,Amit,3,Delivered
D003187,O003187,Kiran,3,Cancelled
D003188,O003188,Kiran,12,delivered
D003189,O003189,Kiran,0,
D003190,O003190,Ravi,10,
D003191,O003191,Kiran,6,Delivered
D003192,O003192,,-4,Cancelled
D003193,O003193,Amit,11,
D003194,O003194,Ravi,3,Cancelled
D003195,O003195,Amit,-1,delivered
D003196,O003196,John,11,Delivered
D003197,O003197,,9,delivered
D003198,O003198,Ravi,1,Cancelled
D003199,O003199,,13,
D003200,O003200,Amit,0,
D003201,O003201,Kiran,-2,Delivered
D003202,O003202,John,6,delivered
D003203,O003203,,13,Cancelled
D003204,O003204,John,0,
D003205,O003205,Amit,18,
D003206,O003206,,16,Delivered
D003207,O003207,Kiran,8,Delivered
D003208,O003208,John,10,delivered
D003209,O003209,Ravi,16,
D003210,O003210,Amit,-1,delivered
D003211,O003211,,-1,Cancelled
D003212,O003212,Ravi,11,delivered
D003213,O003213,Kiran,-2,Delivered
D003214,O003214,Kiran,5,delivered
D003215,O003215,John,18,Delivered
D003216,O003216,Amit,0,
D003217,O003217,,17,Cancelled
D003218,O003218,Ravi,6,
D003219,O003219,,5,delivered
D003220,O003220,Ravi,3,
D003221,O003221,Amit,18,Delivered
D003222,O003222,Kiran,14,
D003223,O003223,Kiran,7,Cancelled
D003224,O003224,,17,Delivered
D003225,O003225,,9,Cancelled
D003226,O003226,John,-3,delivered
D003227,O003227,Ravi,-1,Cancelled
D003228,O003228,John,13,Delivered
D003229,O003229,Ravi,9,Delivered
D003230,O003230,Amit,1,Cancelled
D003231,O003231,,-3,
D003232,O003232,Ravi,2,delivered
D003233,O003233,Kiran,7,Delivered
D003234,O003234,Amit,10,delivered
D003235,O003235,Kiran,2,
D003236,O003236,Amit,16,Cancelled
D003237,O003237,Ravi,3,Cancelled
D003238,O003238,Kiran,-4,Delivered
D003239,O003239,Ravi,16,Delivered
D003240,O003240,John,14,delivered
D003241,O003241,Amit,17,
D003242,O003242,,-5,Cancelled
D003243,O003243,Kiran,14,delivered
D003244,O003244,Ravi,7,delivered
D003245,O003245,Kiran,7,delivered
D003246,O003246,Ravi,5,
D003247,O003247,John,4,Cancelled
D003248,O003248,,14,Cancelled
D003249,O003249,Kiran,0,
D003250,O003250,Kiran,10,
D003251,O003251,Ravi,0,delivered
D003252,O003252,Ravi,16,delivered
D003253,O003253,Kiran,14,delivered
D003254,O003254,John,15,
D003255,O003255,Kiran,7,Cancelled
D003256,O003256,Amit,6,Cancelled
D003257,O003257,Amit,2,Cancelled
D003258,O003258,Kiran,-3,delivered
D003259,O003259,John,7,Cancelled
D003260,O003260,Ravi,16,delivered
D003261,O003261,Ravi,-5,
D003262,O003262,Kiran,4,Delivered
D003263,O003263,,16,
D003264,O003264,Ravi,19,delivered
D003265,O003265,Amit,9,Cancelled
D003266,O003266,Amit,5,Delivered
D003267,O003267,,10,Delivered
D003268,O003268,,18,Delivered
D003269,O003269,Amit,15,
D003270,O003270,Kiran,17,Delivered
D003271,O003271,Kiran,15,delivered
D003272,O003272,Kiran,-3,delivered
D003273,O003273,Amit,3,
D003274,O003274,,1,Cancelled
D003275,O003275,John,18,Cancelled
D003276,O003276,Amit,10,
D003277,O003277,Amit,17,Cancelled
D003278,O003278,Ravi,1,Cancelled
D003279,O003279,Kiran,2,Delivered
D003280,O003280,Ravi,18,
D003281,O003281,Amit,16,
D003282,O003282,Amit,14,Cancelled
D003283,O003283,Amit,-1,Cancelled
D003284,O003284,John,0,
D003285,O003285,Ravi,3,delivered
D003286,O003286,,-1,
D003287,O003287,Kiran,3,Delivered
D003288,O003288,Kiran,19,Cancelled
D003289,O003289,John,18,Delivered
D003290,O003290,Ravi,4,
D003291,O003291,Kiran,0,Cancelled
D003292,O003292,Amit,-5,
D003293,O003293,Ravi,7,
D003294,O003294,Kiran,-1,Delivered
D003295,O003295,Ravi,13,Delivered
D003296,O003296,John,10,delivered
D003297,O003297,,9,Cancelled
D003298,O003298,,19,
D003299,O003299,Ravi,8,Cancelled
D003300,O003300,John,8,Delivered
D003301,O003301,Kiran,-2,Cancelled
D003302,O003302,Amit,1,delivered
D003303,O003303,Ravi,16,
D003304,O003304,Ravi,9,
D003305,O003305,Kiran,16,
D003306,O003306,Amit,-1,Delivered
D003307,O003307,Amit,-5,
D003308,O003308,Kiran,13,Delivered
D003309,O003309,Ravi,15,delivered
D003310,O003310,Kiran,12,
D003311,O003311,,8,Cancelled
D003312,O003312,Kiran,-4,Delivered
D003313,O003313,John,-2,Delivered
D003314,O003314,Ravi,1,Cancelled
D003315,O003315,John,-5,Cancelled
D003316,O003316,Ravi,19,delivered
D003317,O003317,Ravi,6,Delivered
D003318,O003318,,-5,delivered
D003319,O003319,Kiran,8,Cancelled
D003320,O003320,Kiran,18,
D003321,O003321,,0,Cancelled
D003322,O003322,,-5,Cancelled
D003323,O003323,Amit,17,delivered
D003324,O003324,John,-4,delivered
D003325,O003325,Ravi,11,Cancelled
D003326,O003326,Amit,2,delivered
D003327,O003327,Kiran,12,Delivered
D003328,O003328,Amit,19,delivered
D003329,O003329,Kiran,16,delivered
D003330,O003330,,11,
D003331,O003331,Ravi,10,
D003332,O003332,Ravi,9,
D003333,O003333,Ravi,9,Delivered
D003334,O003334,,18,delivered
D003335,O003335,Kiran,17,delivered
D003336,O003336,,6,
D003337,O003337,Ravi,11,Delivered
D003338,O003338,Ravi,18,delivered
D003339,O003339,Ravi,12,delivered
D003340,O003340,Kiran,2,delivered
D003341,O003341,Kiran,3,delivered
D003342,O003342,Amit,9,Delivered
D003343,O003343,Amit,7,
D003344,O003344,John,-1,
D003345,O003345,Kiran,15,Delivered
D003346,O003346,,17,delivered
D003347,O003347,Kiran,-5,delivered
D003348,O003348,Amit,15,Delivered
D003349,O003349,Ravi,6,Delivered
D003350,O003350,Amit,-5,Cancelled
D003351,O003351,Amit,18,Delivered
D003352,O003352,Amit,18,delivered
D003353,O003353,John,11,Delivered
D003354,O003354,John,-4,
D003355,O003355,John,1,delivered
D003356,O003356,,17,Delivered
D003357,O003357,John,19,Delivered
D003358,O003358,,-3,Delivered
D003359,O003359,Kiran,12,delivered
D003360,O003360,Kiran,8,Delivered
D003361,O003361,John,4,Delivered
D003362,O003362,Kiran,18,
D003363,O003363,Kiran,1,Cancelled
D003364,O003364,Ravi,8,
D003365,O003365,John,-3,Cancelled
D003366,O003366,John,5,
D003367,O003367,Amit,9,Delivered
D003368,O003368,Amit,13,Delivered
D003369,O003369,Kiran,17,delivered
D003370,O003370,Amit,6,delivered
D003371,O003371,Ravi,-1,
D003372,O003372,John,3,
D003373,O003373,Ravi,1,Cancelled
D003374,O003374,John,9,delivered
D003375,O003375,,-5,
D003376,O003376,John,-5,Delivered
D003377,O003377,Ravi,0,
D003378,O003378,Kiran,15,Cancelled
D003379,O003379,Amit,-1,delivered
D003380,O003380,Amit,5,delivered
D003381,O003381,Ravi,5,Delivered
D003382,O003382,Amit,8,delivered
D003383,O003383,Kiran,2,delivered
D003384,O003384,Amit,18,Cancelled
D003385,O003385,,8,delivered
D003386,O003386,John,3,
D003387,O003387,,5,Delivered
D003388,O003388,John,5,delivered
D003389,O003389,,14,
D003390,O003390,Amit,15,Delivered
D003391,O003391,Amit,10,Delivered
D003392,O003392,Kiran,6,Cancelled
D003393,O003393,,1,delivered
D003394,O003394,John,-3,Delivered
D003395,O003395,John,6,Delivered
D003396,O003396,Amit,0,Delivered
D003397,O003397,Amit,13,Delivered
D003398,O003398,Amit,-2,Cancelled
D003399,O003399,,4,Delivered
D003400,O003400,John,2,Delivered
D003401,O003401,,4,Cancelled
D003402,O003402,John,10,Cancelled
D003403,O003403,John,5,Cancelled
D003404,O003404,Kiran,-2,Delivered
D003405,O003405,Amit,7,
D003406,O003406,,14,
D003407,O003407,,17,Delivered
D003408,O003408,Amit,-3,delivered
D003409,O003409,,-3,delivered
D003410,O003410,Kiran,11,delivered
D003411,O003411,,1,Cancelled
D003412,O003412,John,5,delivered
D003413,O003413,Amit,-2,delivered
D003414,O003414,Amit,10,Cancelled
D003415,O003415,Kiran,1,
D003416,O003416,,10,Delivered
D003417,O003417,John,12,
D003418,O003418,Ravi,15,Cancelled
D003419,O003419,John,6,delivered
D003420,O003420,John,17,delivered
D003421,O003421,,3,
D003422,O003422,Ravi,4,Cancelled
D003423,O003423,Kiran,-2,Cancelled
D003424,O003424,,0,
D003425,O003425,Amit,13,delivered
D003426,O003426,Ravi,12,Cancelled
D003427,O003427,Amit,6,
D003428,O003428,Ravi,12,delivered
D003429,O003429,Amit,15,delivered
D003430,O003430,,-3,delivered
D003431,O003431,Ravi,12,Delivered
D003432,O003432,Kiran,-4,Cancelled
D003433,O003433,,13,Cancelled
D003434,O003434,Ravi,11,delivered
D003435,O003435,Amit,5,Delivered
D003436,O003436,John,7,Cancelled
D003437,O003437,Ravi,18,Cancelled
D003438,O003438,,3,Delivered
D003439,O003439,Amit,11,Cancelled
D003440,O003440,,7,Cancelled
D003441,O003441,Amit,15,
D003442,O003442,,18,Cancelled
D003443,O003443,Ravi,7,Delivered
D003444,O003444,Ravi,-4,Delivered
D003445,O003445,Ravi,11,delivered
D003446,O003446,Amit,-1,
D003447,O003447,Kiran,8,delivered
D003448,O003448,,11,
D003449,O003449,Kiran,0,
D003450,O003450,Kiran,3,delivered
D003451,O003451,Kiran,18,Cancelled
D003452,O003452,John,6,
D003453,O003453,,16,delivered
D003454,O003454,John,14,delivered
D003455,O003455,,17,delivered
D003456,O003456,John,6,delivered
D003457,O003457,,16,delivered
D003458,O003458,Ravi,1,Cancelled
D003459,O003459,Kiran,12,Delivered
D003460,O003460,Amit,17,Cancelled
D003461,O003461,Kiran,14,Delivered
D003462,O003462,,-1,
D003463,O003463,Amit,5,
D003464,O003464,Kiran,8,delivered
D003465,O003465,,1,Cancelled
D003466,O003466,Kiran,5,delivered
D003467,O003467,,-4,Cancelled
D003468,O003468,John,11,
D003469,O003469,John,9,Cancelled
D003470,O003470,Ravi,15,delivered
D003471,O003471,Amit,-5,delivered
D003472,O003472,John,7,
D003473,O003473,,0,Delivered
D003474,O003474,Kiran,-4,
D003475,O003475,Ravi,-4,delivered
D003476,O003476,Kiran,14,
D003477,O003477,Kiran,4,Delivered
D003478,O003478,Amit,12,delivered
D003479,O003479,Kiran,19,Delivered
D003480,O003480,Amit,6,Cancelled
D003481,O003481,,13,Cancelled
D003482,O003482,Kiran,7,
D003483,O003483,Kiran,2,delivered
D003484,O003484,Kiran,17,Cancelled
D003485,O003485,,10,delivered
D003486,O003486,John,5,delivered
D003487,O003487,John,17,delivered
D003488,O003488,,14,Delivered
D003489,O003489,Ravi,-2,
D003490,O003490,Ravi,11,Delivered
D003491,O003491,Amit,2,delivered
D003492,O003492,,-5,Cancelled
D003493,O003493,Ravi,14,Cancelled
D003494,O003494,Amit,-3,Cancelled
D003495,O003495,Kiran,7,
D003496,O003496,Kiran,-5,Delivered
D003497,O003497,Ravi,17,Delivered
D003498,O003498,Amit,17,
D003499,O003499,Amit,-4,Delivered
D003500,O003500,John,-1,
D003501,O003501,Ravi,2,
D003502,O003502,John,11,Cancelled
D003503,O003503,,19,
D003504,O003504,Amit,17,Cancelled
D003505,O003505,John,17,Cancelled
D003506,O003506,Amit,-4,Cancelled
D003507,O003507,,2,Delivered
D003508,O003508,John,5,
D003509,O003509,,13,delivered
D003510,O003510,Amit,7,Cancelled
D003511,O003511,Amit,1,Cancelled
D003512,O003512,Kiran,13,Delivered
D003513,O003513,Amit,0,Delivered
D003514,O003514,Kiran,7,Cancelled
D003515,O003515,,11,delivered
D003516,O003516,Ravi,14,Delivered
D003517,O003517,,19,Delivered
D003518,O003518,Kiran,17,
D003519,O003519,Ravi,17,Delivered
D003520,O003520,Kiran,-2,Delivered
D003521,O003521,Amit,5,
D003522,O003522,Kiran,11,Cancelled
D003523,O003523,Ravi,-5,
D003524,O003524,Kiran,5,
D003525,O003525,John,13,Cancelled
D003526,O003526,John,7,Cancelled
D003527,O003527,,17,
D003528,O003528,,8,delivered
D003529,O003529,Ravi,10,Delivered
D003530,O003530,Kiran,8,Delivered
D003531,O003531,Amit,1,Delivered
D003532,O003532,Ravi,-1,Cancelled
D003533,O003533,Ravi,3,Delivered
D003534,O003534,Ravi,5,Cancelled
D003535,O003535,,12,Cancelled
D003536,O003536,Ravi,3,delivered
D003537,O003537,Kiran,3,Delivered
D003538,O003538,Ravi,0,Cancelled
D003539,O003539,Amit,14,Delivered
D003540,O003540,Ravi,15,Cancelled
D003541,O003541,,0,
D003542,O003542,,-2,Cancelled
D003543,O003543,Amit,19,Cancelled
D003544,O003544,Ravi,5,Cancelled
D003545,O003545,Ravi,-4,
D003546,O003546,Ravi,6,delivered
D003547,O003547,,2,Delivered
D003548,O003548,Ravi,19,
D003549,O003549,,7,Delivered
D003550,O003550,,-2,
D003551,O003551,Kiran,3,Cancelled
D003552,O003552,John,10,
D003553,O003553,,-4,Delivered
D003554,O003554,John,13,Delivered
D003555,O003555,Kiran,-1,Delivered
D003556,O003556,John,14,delivered
D003557,O003557,John,8,
D003558,O003558,Amit,5,Cancelled
D003559,O003559,Amit,-3,
D003560,O003560,John,14,delivered
D003561,O003561,,19,Delivered
D003562,O003562,Ravi,3,Delivered
D003563,O003563,Ravi,-1,delivered
D003564,O003564,Kiran,17,
D003565,O003565,,18,Cancelled
D003566,O003566,John,12,Delivered
D003567,O003567,Amit,3,delivered
D003568,O003568,Ravi,3,delivered
D003569,O003569,John,-4,Cancelled
D003570,O003570,Ravi,0,delivered
D003571,O003571,Amit,-2,delivered
D003572,O003572,Amit,-5,delivered
D003573,O003573,,7,Delivered
D003574,O003574,John,-1,Delivered
D003575,O003575,John,8,
D003576,O003576,Kiran,8,Cancelled
D003577,O003577,Kiran,13,delivered
D003578,O003578,Amit,-5,delivered
D003579,O003579,,12,Delivered
D003580,O003580,John,1,Delivered
D003581,O003581,,11,Delivered
D003582,O003582,Amit,-3,Cancelled
D003583,O003583,Amit,-5,Delivered
D003584,O003584,Kiran,-5,delivered
D003585,O003585,Kiran,6,delivered
D003586,O003586,John,7,delivered
D003587,O003587,,18,
D003588,O003588,Amit,16,Cancelled
D003589,O003589,Kiran,-2,delivered
D003590,O003590,,9,delivered
D003591,O003591,Amit,18,delivered
D003592,O003592,,17,Delivered
D003593,O003593,Ravi,19,delivered
D003594,O003594,Ravi,11,Delivered
D003595,O003595,Kiran,15,Delivered
D003596,O003596,Ravi,0,Cancelled
D003597,O003597,Amit,16,Cancelled
D003598,O003598,Kiran,7,delivered
D003599,O003599,,1,Cancelled
D003600,O003600,John,-1,Delivered
D003601,O003601,Ravi,5,Delivered
D003602,O003602,Ravi,-1,delivered
D003603,O003603,Kiran,-5,delivered
D003604,O003604,Amit,7,delivered
D003605,O003605,Ravi,6,Delivered
D003606,O003606,,8,Delivered
D003607,O003607,Amit,15,delivered
D003608,O003608,Ravi,-5,delivered
D003609,O003609,Ravi,7,Delivered
D003610,O003610,,12,Cancelled
D003611,O003611,Ravi,11,Delivered
D003612,O003612,Amit,2,Cancelled
D003613,O003613,John,2,delivered
D003614,O003614,John,2,Delivered
D003615,O003615,Ravi,11,delivered
D003616,O003616,Kiran,14,delivered
D003617,O003617,Amit,6,delivered
D003618,O003618,John,5,
D003619,O003619,Kiran,11,
D003620,O003620,John,14,Delivered
D003621,O003621,Kiran,1,
D003622,O003622,Ravi,4,Delivered
D003623,O003623,Kiran,17,Cancelled
D003624,O003624,Ravi,11,Delivered
D003625,O003625,Kiran,12,
D003626,O003626,Kiran,16,
D003627,O003627,Kiran,16,Cancelled
D003628,O003628,Amit,11,Cancelled
D003629,O003629,John,14,Delivered
D003630,O003630,Kiran,5,Delivered
D003631,O003631,Ravi,3,delivered
D003632,O003632,Kiran,2,delivered
D003633,O003633,Amit,5,Delivered
D003634,O003634,Amit,-2,Cancelled
D003635,O003635,Amit,13,Delivered
D003636,O003636,Kiran,2,delivered
D003637,O003637,Kiran,3,Cancelled
D003638,O003638,Kiran,8,delivered
D003639,O003639,John,8,Delivered
D003640,O003640,Kiran,-5,Delivered
D003641,O003641,,9,
D003642,O003642,Amit,2,Delivered
D003643,O003643,Kiran,-1,
D003644,O003644,John,13,
D003645,O003645,Ravi,10,
D003646,O003646,Amit,4,
D003647,O003647,Kiran,5,delivered
D003648,O003648,Kiran,-1,Delivered
D003649,O003649,Ravi,4,Delivered
D003650,O003650,John,10,Delivered
D003651,O003651,,-2,
D003652,O003652,Ravi,-5,delivered
D003653,O003653,John,18,delivered
D003654,O003654,John,9,
D003655,O003655,Kiran,1,
D003656,O003656,Kiran,14,Delivered
D003657,O003657,Amit,-2,delivered
D003658,O003658,Kiran,8,Cancelled
D003659,O003659,Kiran,-1,Cancelled
D003660,O003660,John,11,Cancelled
D003661,O003661,Kiran,-2,Cancelled
D003662,O003662,Kiran,-1,
D003663,O003663,Kiran,18,Delivered
D003664,O003664,,11,Cancelled
D003665,O003665,,5,Delivered
D003666,O003666,Amit,-2,Delivered
D003667,O003667,Ravi,9,delivered
D003668,O003668,John,1,Cancelled
D003669,O003669,Amit,-1,Delivered
D003670,O003670,John,8,delivered
D003671,O003671,Ravi,-5,
D003672,O003672,Ravi,1,Delivered
D003673,O003673,Amit,7,Delivered
D003674,O003674,,7,delivered
D003675,O003675,,-5,Delivered
D003676,O003676,,9,
D003677,O003677,Kiran,-4,
D003678,O003678,Kiran,2,delivered
D003679,O003679,Amit,19,Cancelled
D003680,O003680,Kiran,2,Delivered
D003681,O003681,John,18,Delivered
D003682,O003682,Amit,8,Cancelled
D003683,O003683,Amit,16,
D003684,O003684,Ravi,17,Delivered
D003685,O003685,Ravi,-2,delivered
D003686,O003686,Amit,7,delivered
D003687,O003687,,-1,delivered
D003688,O003688,Ravi,8,Delivered
D003689,O003689,Kiran,12,Cancelled
D003690,O003690,Amit,4,Delivered
D003691,O003691,John,-2,Cancelled
D003692,O003692,Amit,1,Cancelled
D003693,O003693,John,-2,Delivered
D003694,O003694,Ravi,16,
D003695,O003695,,5,Cancelled
D003696,O003696,John,5,Delivered
D003697,O003697,,6,
D003698,O003698,John,18,
D003699,O003699,,9,Delivered
D003700,O003700,John,-1,Delivered
D003701,O003701,Amit,2,
D003702,O003702,Amit,14,Delivered
D003703,O003703,Ravi,5,
D003704,O003704,Amit,12,
D003705,O003705,Kiran,19,
D003706,O003706,Ravi,12,delivered
D003707,O003707,Amit,17,Delivered
D003708,O003708,Amit,0,delivered
D003709,O003709,Kiran,12,Delivered
D003710,O003710,,13,Cancelled
D003711,O003711,Amit,8,delivered
D003712,O003712,John,5,Delivered
D003713,O003713,,1,Delivered
D003714,O003714,John,8,
D003715,O003715,,10,Cancelled
D003716,O003716,John,16,Cancelled
D003717,O003717,Amit,7,Delivered
D003718,O003718,John,0,Cancelled
D003719,O003719,Amit,17,Cancelled
D003720,O003720,Kiran,9,delivered
D003721,O003721,John,-1,Cancelled
D003722,O003722,Ravi,11,Cancelled
D003723,O003723,Ravi,-1,
D003724,O003724,John,19,
D003725,O003725,Amit,12,delivered
D003726,O003726,,4,Delivered
D003727,O003727,Kiran,13,
D003728,O003728,John,-4,delivered
D003729,O003729,Kiran,15,Cancelled
D003730,O003730,Amit,10,delivered
D003731,O003731,Ravi,15,
D003732,O003732,Amit,7,Cancelled
D003733,O003733,Amit,15,delivered
D003734,O003734,John,16,
D003735,O003735,Kiran,13,delivered
D003736,O003736,,18,Delivered
D003737,O003737,Kiran,-3,Cancelled
D003738,O003738,,12,delivered
D003739,O003739,Ravi,19,delivered
D003740,O003740,Kiran,8,Cancelled
D003741,O003741,,16,
D003742,O003742,Kiran,1,delivered
D003743,O003743,Amit,6,
D003744,O003744,Ravi,11,Delivered
D003745,O003745,Kiran,6,Cancelled
D003746,O003746,Amit,-3,
D003747,O003747,Amit,17,
D003748,O003748,Ravi,2,
D003749,O003749,Kiran,12,Delivered
D003750,O003750,John,15,Cancelled
D003751,O003751,John,15,
D003752,O003752,John,19,
D003753,O003753,Amit,9,Delivered
D003754,O003754,Kiran,13,Cancelled
D003755,O003755,,7,delivered
D003756,O003756,Kiran,10,Cancelled
D003757,O003757,Ravi,9,delivered
D003758,O003758,,5,Delivered
D003759,O003759,Ravi,7,delivered
D003760,O003760,Kiran,15,Delivered
D003761,O003761,Ravi,8,delivered
D003762,O003762,Amit,7,Delivered
D003763,O003763,John,2,Cancelled
D003764,O003764,Kiran,5,Cancelled
D003765,O003765,,8,delivered
D003766,O003766,,13,Cancelled
D003767,O003767,Ravi,9,delivered
D003768,O003768,John,16,Delivered
D003769,O003769,Kiran,19,
D003770,O003770,Amit,4,Delivered
D003771,O003771,Ravi,-2,
D003772,O003772,Kiran,1,Cancelled
D003773,O003773,Kiran,18,Cancelled
D003774,O003774,John,0,delivered
D003775,O003775,,-5,delivered
D003776,O003776,John,16,
D003777,O003777,Ravi,14,Delivered
D003778,O003778,Ravi,5,
D003779,O003779,John,13,
D003780,O003780,Kiran,-3,Delivered
D003781,O003781,,-3,delivered
D003782,O003782,Ravi,-5,Cancelled
D003783,O003783,John,4,Cancelled
D003784,O003784,Ravi,8,delivered
D003785,O003785,,11,
D003786,O003786,Amit,-4,delivered
D003787,O003787,Amit,8,
D003788,O003788,Kiran,-1,Cancelled
D003789,O003789,Kiran,1,
D003790,O003790,Amit,9,Cancelled
D003791,O003791,,15,Cancelled
D003792,O003792,John,13,
D003793,O003793,John,15,Cancelled
D003794,O003794,,0,delivered
D003795,O003795,John,14,
D003796,O003796,Kiran,-2,Delivered
D003797,O003797,John,8,Cancelled
D003798,O003798,John,-5,
D003799,O003799,Kiran,17,
D003800,O003800,Ravi,2,
D003801,O003801,Amit,14,Delivered
D003802,O003802,John,0,Delivered
D003803,O003803,Amit,9,Cancelled
D003804,O003804,Amit,0,delivered
D003805,O003805,,9,Delivered
D003806,O003806,,-5,Delivered
D003807,O003807,,4,
D003808,O003808,Ravi,-2,
D003809,O003809,Ravi,8,delivered
D003810,O003810,Amit,16,Cancelled
D003811,O003811,Amit,6,
D003812,O003812,Amit,19,Cancelled
D003813,O003813,Amit,14,delivered
D003814,O003814,Kiran,10,delivered
D003815,O003815,Amit,19,Delivered
D003816,O003816,,14,Cancelled
D003817,O003817,Amit,1,
D003818,O003818,,1,
D003819,O003819,,18,Cancelled
D003820,O003820,Amit,1,
D003821,O003821,Amit,0,
D003822,O003822,John,13,
D003823,O003823,,9,
D003824,O003824,Amit,17,delivered
D003825,O003825,Amit,16,delivered
D003826,O003826,John,4,
D003827,O003827,Kiran,6,Cancelled
D003828,O003828,,2,
D003829,O003829,,-2,Cancelled
D003830,O003830,John,1,Cancelled
D003831,O003831,Kiran,17,Delivered
D003832,O003832,Ravi,-3,Delivered
D003833,O003833,John,2,Delivered
D003834,O003834,Amit,7,Cancelled
D003835,O003835,Amit,7,Cancelled
D003836,O003836,Amit,10,Cancelled
D003837,O003837,Ravi,10,Cancelled
D003838,O003838,Amit,-4,Cancelled
D003839,O003839,Ravi,-3,delivered
D003840,O003840,John,9,
D003841,O003841,Ravi,11,Delivered
D003842,O003842,Amit,-4,Cancelled
D003843,O003843,,11,delivered
D003844,O003844,Amit,0,Delivered
D003845,O003845,Ravi,5,
D003846,O003846,Ravi,-1,delivered
D003847,O003847,Kiran,0,Cancelled
D003848,O003848,Kiran,-3,delivered
D003849,O003849,Kiran,17,delivered
D003850,O003850,Amit,-2,
D003851,O003851,Ravi,9,delivered
D003852,O003852,Kiran,11,Delivered
D003853,O003853,,-3,delivered
D003854,O003854,John,10,Delivered
D003855,O003855,John,15,Cancelled
D003856,O003856,Kiran,17,Cancelled
D003857,O003857,Kiran,10,Delivered
D003858,O003858,Kiran,19,Cancelled
D003859,O003859,John,15,
D003860,O003860,Kiran,-5,
D003861,O003861,,15,
D003862,O003862,,5,
D003863,O003863,,-5,Delivered
D003864,O003864,,1,
D003865,O003865,Ravi,3,Delivered
D003866,O003866,Kiran,7,delivered
D003867,O003867,Amit,16,Delivered
D003868,O003868,Ravi,14,Cancelled
D003869,O003869,Amit,0,
D003870,O003870,Amit,11,Delivered
D003871,O003871,Ravi,14,Delivered
D003872,O003872,Kiran,0,Delivered
D003873,O003873,Ravi,-4,delivered
D003874,O003874,John,-3,Delivered
D003875,O003875,,14,
D003876,O003876,Ravi,0,Cancelled
D003877,O003877,Ravi,13,delivered
D003878,O003878,John,-5,Cancelled
D003879,O003879,,16,delivered
D003880,O003880,Amit,18,delivered
D003881,O003881,John,10,
D003882,O003882,Kiran,2,Cancelled
D003883,O003883,Ravi,10,Cancelled
D003884,O003884,Ravi,-2,delivered
D003885,O003885,John,16,
D003886,O003886,Ravi,9,
D003887,O003887,,8,delivered
D003888,O003888,,-5,Cancelled
D003889,O003889,John,16,delivered
D003890,O003890,John,-5,delivered
D003891,O003891,John,-2,delivered
D003892,O003892,Kiran,9,
D003893,O003893,Ravi,19,delivered
D003894,O003894,Amit,0,delivered
D003895,O003895,Amit,-2,Delivered
D003896,O003896,Amit,14,
D003897,O003897,John,-2,
D003898,O003898,Kiran,4,Delivered
D003899,O003899,Kiran,1,delivered
D003900,O003900,Amit,19,
D003901,O003901,Amit,0,Delivered
D003902,O003902,Kiran,17,delivered
D003903,O003903,John,-2,
D003904,O003904,John,7,
D003905,O003905,Amit,5,delivered
D003906,O003906,,15,delivered
D003907,O003907,John,3,Delivered
D003908,O003908,,2,delivered
D003909,O003909,Ravi,4,Delivered
D003910,O003910,John,-4,delivered
D003911,O003911,,18,
D003912,O003912,Ravi,-3,Delivered
D003913,O003913,Ravi,-4,Delivered
D003914,O003914,Amit,12,Cancelled
D003915,O003915,,5,
D003916,O003916,Amit,14,delivered
D003917,O003917,Ravi,-5,Delivered
D003918,O003918,John,-1,Cancelled
D003919,O003919,John,1,delivered
D003920,O003920,John,12,
D003921,O003921,,-1,Delivered
D003922,O003922,Kiran,14,Cancelled
D003923,O003923,Amit,0,Cancelled
D003924,O003924,Kiran,-5,Cancelled
D003925,O003925,Kiran,11,Delivered
D003926,O003926,Ravi,12,
D003927,O003927,Amit,-2,delivered
D003928,O003928,Ravi,11,delivered
D003929,O003929,Kiran,7,Cancelled
D003930,O003930,Ravi,-1,delivered
D003931,O003931,Ravi,16,
D003932,O003932,,-2,Cancelled
D003933,O003933,Amit,17,
D003934,O003934,Amit,-1,
D003935,O003935,Kiran,3,Delivered
D003936,O003936,John,7,Delivered
D003937,O003937,Ravi,3,delivered
D003938,O003938,Amit,-2,Cancelled
D003939,O003939,John,8,Delivered
D003940,O003940,Amit,16,delivered
D003941,O003941,Kiran,-4,Cancelled
D003942,O003942,Ravi,12,
D003943,O003943,,13,
D003944,O003944,Kiran,-4,Delivered
D003945,O003945,Kiran,3,
D003946,O003946,Kiran,8,delivered
D003947,O003947,John,6,Cancelled
D003948,O003948,Kiran,14,Cancelled
D003949,O003949,,-1,Delivered
D003950,O003950,Ravi,-4,delivered
D003951,O003951,Amit,2,delivered
D003952,O003952,John,18,Cancelled
D003953,O003953,Kiran,17,Delivered
D003954,O003954,Amit,1,Delivered
D003955,O003955,Kiran,1,
D003956,O003956,Ravi,2,delivered
D003957,O003957,,14,
D003958,O003958,,16,
D003959,O003959,John,18,Cancelled
D003960,O003960,Amit,18,delivered
D003961,O003961,Amit,-2,delivered
D003962,O003962,,-5,Cancelled
D003963,O003963,Ravi,-4,Delivered
D003964,O003964,John,-2,
D003965,O003965,Kiran,3,
D003966,O003966,John,-3,
D003967,O003967,,15,
D003968,O003968,Kiran,-5,delivered
D003969,O003969,John,-1,Cancelled
D003970,O003970,Ravi,5,Delivered
D003971,O003971,Amit,5,Cancelled
D003972,O003972,Kiran,5,Cancelled
D003973,O003973,John,9,
D003974,O003974,Ravi,-5,
D003975,O003975,John,5,
D003976,O003976,Kiran,0,Cancelled
D003977,O003977,Ravi,11,Delivered
D003978,O003978,Amit,12,Delivered
D003979,O003979,Ravi,5,Delivered
D003980,O003980,John,3,delivered
D003981,O003981,John,6,delivered
D003982,O003982,John,7,
D003983,O003983,John,-3,Delivered
D003984,O003984,John,19,delivered
D003985,O003985,,-2,Cancelled
D003986,O003986,Ravi,15,Cancelled
D003987,O003987,Ravi,10,
D003988,O003988,Ravi,17,Cancelled
D003989,O003989,Ravi,-2,delivered
D003990,O003990,Kiran,6,Delivered
D003991,O003991,John,4,delivered
D003992,O003992,,7,delivered
D003993,O003993,Kiran,0,
D003994,O003994,Ravi,19,Delivered
D003995,O003995,Ravi,2,Cancelled
D003996,O003996,,5,Delivered
D003997,O003997,Ravi,11,Cancelled
D003998,O003998,Ravi,0,
D003999,O003999,Ravi,9,Delivered
D004000,O004000,Ravi,7,delivered
D004001,O004001,Kiran,3,Delivered
D004002,O004002,Kiran,9,
D004003,O004003,Kiran,13,Delivered
D004004,O004004,Ravi,13,Cancelled
D004005,O004005,Amit,4,Delivered
D004006,O004006,Kiran,-1,Delivered
D004007,O004007,John,19,
D004008,O004008,John,9,Delivered
D004009,O004009,Amit,-3,Delivered
D004010,O004010,,10,delivered
D004011,O004011,John,-1,Delivered
D004012,O004012,,-1,Delivered
D004013,O004013,John,18,
D004014,O004014,Amit,-4,Cancelled
D004015,O004015,Kiran,2,Delivered
D004016,O004016,,11,delivered
D004017,O004017,,15,
D004018,O004018,Amit,-3,Cancelled
D004019,O004019,,15,
D004020,O004020,John,19,Cancelled
D004021,O004021,Kiran,-5,Delivered
D004022,O004022,Ravi,16,Cancelled
D004023,O004023,Amit,4,Cancelled
D004024,O004024,,10,Delivered
D004025,O004025,,7,delivered
D004026,O004026,,0,delivered
D004027,O004027,,7,Delivered
D004028,O004028,Amit,6,
D004029,O004029,John,17,
D004030,O004030,John,-1,Cancelled
D004031,O004031,Kiran,1,
D004032,O004032,Kiran,-4,
D004033,O004033,Ravi,12,Delivered
D004034,O004034,John,4,Delivered
D004035,O004035,Amit,18,Cancelled
D004036,O004036,John,16,
D004037,O004037,John,15,Cancelled
D004038,O004038,Kiran,13,Delivered
D004039,O004039,,14,
D004040,O004040,,18,Cancelled
D004041,O004041,John,4,Cancelled
D004042,O004042,John,1,delivered
D004043,O004043,John,7,delivered
D004044,O004044,John,19,
D004045,O004045,Kiran,7,
D004046,O004046,John,5,Delivered
D004047,O004047,John,13,Delivered
D004048,O004048,Ravi,16,Delivered
D004049,O004049,Ravi,1,delivered
D004050,O004050,John,-4,Cancelled
D004051,O004051,,6,Delivered
D004052,O004052,Amit,7,delivered
D004053,O004053,Ravi,-2,Delivered
D004054,O004054,John,-5,delivered
D004055,O004055,Ravi,14,delivered
D004056,O004056,John,9,
D004057,O004057,,12,Cancelled
D004058,O004058,,17,delivered
D004059,O004059,Ravi,9,Cancelled
D004060,O004060,Amit,11,Delivered
D004061,O004061,Amit,16,
D004062,O004062,Amit,-3,
D004063,O004063,Amit,2,Cancelled
D004064,O004064,Kiran,18,
D004065,O004065,John,17,
D004066,O004066,,1,Delivered
D004067,O004067,Amit,-5,Delivered
D004068,O004068,Kiran,19,
D004069,O004069,John,13,
D004070,O004070,Kiran,18,Cancelled
D004071,O004071,Ravi,12,Delivered
D004072,O004072,Ravi,-5,
D004073,O004073,Amit,5,
D004074,O004074,Ravi,-5,Delivered
D004075,O004075,John,9,Delivered
D004076,O004076,Amit,2,Delivered
D004077,O004077,Kiran,7,delivered
D004078,O004078,,19,delivered
D004079,O004079,,-3,Cancelled
D004080,O004080,,1,delivered
D004081,O004081,John,7,delivered
D004082,O004082,Amit,12,delivered
D004083,O004083,Ravi,18,delivered
D004084,O004084,Amit,6,
D004085,O004085,Kiran,-3,
D004086,O004086,,4,
D004087,O004087,Amit,-1,delivered
D004088,O004088,Amit,17,delivered
D004089,O004089,Ravi,3,Cancelled
D004090,O004090,Kiran,-5,Cancelled
D004091,O004091,,-1,Cancelled
D004092,O004092,Ravi,-5,delivered
D004093,O004093,,-4,
D004094,O004094,Ravi,4,delivered
D004095,O004095,Ravi,-2,delivered
D004096,O004096,,-3,Delivered
D004097,O004097,Kiran,4,delivered
D004098,O004098,John,9,Cancelled
D004099,O004099,John,15,Delivered
D004100,O004100,Amit,0,Delivered
D004101,O004101,Amit,-5,delivered
D004102,O004102,Kiran,19,delivered
D004103,O004103,John,4,Cancelled
D004104,O004104,Amit,-4,Cancelled
D004105,O004105,John,18,delivered
D004106,O004106,John,3,Cancelled
D004107,O004107,John,11,Cancelled
D004108,O004108,Amit,10,delivered
D004109,O004109,Amit,-4,Cancelled
D004110,O004110,Kiran,10,Delivered
D004111,O004111,Ravi,-3,Delivered
D004112,O004112,Amit,19,Cancelled
D004113,O004113,,13,Delivered
D004114,O004114,Ravi,7,
D004115,O004115,John,0,Cancelled
D004116,O004116,Kiran,19,Delivered
D004117,O004117,,1,
D004118,O004118,,6,
D004119,O004119,Ravi,8,Cancelled
D004120,O004120,Kiran,16,delivered
D004121,O004121,Ravi,9,
D004122,O004122,Amit,-4,Cancelled
D004123,O004123,John,16,delivered
D004124,O004124,Kiran,4,
D004125,O004125,Amit,11,
D004126,O004126,John,17,
D004127,O004127,John,9,Cancelled
D004128,O004128,Amit,0,Cancelled
D004129,O004129,Kiran,18,delivered
D004130,O004130,,-4,
D004131,O004131,Ravi,-5,Delivered
D004132,O004132,Kiran,3,delivered
D004133,O004133,,10,Delivered
D004134,O004134,,19,
D004135,O004135,,10,Cancelled
D004136,O004136,Ravi,8,Delivered
D004137,O004137,Ravi,17,Cancelled
D004138,O004138,Ravi,-5,
D004139,O004139,,-4,delivered
D004140,O004140,Amit,3,Delivered
D004141,O004141,Ravi,10,Cancelled
D004142,O004142,,-1,Delivered
D004143,O004143,Kiran,12,
D004144,O004144,,10,delivered
D004145,O004145,Ravi,-1,
D004146,O004146,Ravi,11,Cancelled
D004147,O004147,Ravi,4,
D004148,O004148,Amit,6,delivered
D004149,O004149,John,-1,
D004150,O004150,Amit,17,Cancelled
D004151,O004151,Kiran,2,
D004152,O004152,Ravi,5,Delivered
D004153,O004153,John,-3,Delivered
D004154,O004154,Kiran,10,Delivered
D004155,O004155,,14,Delivered
D004156,O004156,John,5,delivered
D004157,O004157,Amit,12,Cancelled
D004158,O004158,Ravi,11,Delivered
D004159,O004159,John,4,Delivered
D004160,O004160,Kiran,18,Delivered
D004161,O004161,Amit,17,Delivered
D004162,O004162,Kiran,5,Cancelled
D004163,O004163,Kiran,9,
D004164,O004164,Ravi,2,Delivered
D004165,O004165,John,-1,
D004166,O004166,Kiran,-1,Cancelled
D004167,O004167,Amit,-5,
D004168,O004168,Kiran,3,
D004169,O004169,Kiran,8,delivered
D004170,O004170,Amit,-3,
D004171,O004171,,11,
D004172,O004172,Kiran,7,
D004173,O004173,Amit,14,Delivered
D004174,O004174,Ravi,14,Delivered
D004175,O004175,John,18,delivered
D004176,O004176,Amit,4,delivered
D004177,O004177,Amit,4,
D004178,O004178,John,-1,Delivered
D004179,O004179,Amit,9,
D004180,O004180,,4,Delivered
D004181,O004181,Ravi,-1,delivered
D004182,O004182,,-5,Cancelled
D004183,O004183,Kiran,7,Cancelled
D004184,O004184,Ravi,-2,
D004185,O004185,Kiran,18,delivered
D004186,O004186,John,2,Delivered
D004187,O004187,Amit,14,
D004188,O004188,Amit,-3,
D004189,O004189,Ravi,14,Delivered
D004190,O004190,Amit,16,
D004191,O004191,Amit,-3,Delivered
D004192,O004192,Kiran,10,delivered
D004193,O004193,,6,delivered
D004194,O004194,Amit,7,Cancelled
D004195,O004195,Kiran,13,delivered
D004196,O004196,,3,Delivered
D004197,O004197,Amit,10,delivered
D004198,O004198,Ravi,13,delivered
D004199,O004199,Ravi,-5,Delivered
D004200,O004200,Ravi,10,Delivered
D004201,O004201,John,13,delivered
D004202,O004202,Ravi,18,
D004203,O004203,Amit,3,delivered
D004204,O004204,Amit,7,Delivered
D004205,O004205,Ravi,-2,Delivered
D004206,O004206,Ravi,0,
D004207,O004207,Kiran,2,
D004208,O004208,,1,delivered
D004209,O004209,Ravi,2,delivered
D004210,O004210,Kiran,5,Cancelled
D004211,O004211,Amit,-3,Delivered
D004212,O004212,Ravi,-2,delivered
D004213,O004213,Kiran,-5,Delivered
D004214,O004214,Kiran,14,Delivered
D004215,O004215,,-1,Delivered
D004216,O004216,Amit,-4,
D004217,O004217,,8,Delivered
D004218,O004218,,7,delivered
D004219,O004219,,11,Cancelled
D004220,O004220,Amit,7,
D004221,O004221,Ravi,15,Cancelled
D004222,O004222,,18,delivered
D004223,O004223,John,2,
D004224,O004224,Amit,5,Cancelled
D004225,O004225,Kiran,3,
D004226,O004226,Kiran,18,Delivered
D004227,O004227,Amit,7,delivered
D004228,O004228,Kiran,7,delivered
D004229,O004229,Amit,1,delivered
D004230,O004230,Ravi,5,Delivered
D004231,O004231,Amit,11,Delivered
D004232,O004232,Ravi,4,Delivered
D004233,O004233,Amit,-5,delivered
D004234,O004234,,2,Delivered
D004235,O004235,John,9,delivered
D004236,O004236,Ravi,-1,
D004237,O004237,John,16,
D004238,O004238,Kiran,14,Delivered
D004239,O004239,Ravi,-2,Delivered
D004240,O004240,Kiran,7,Delivered
D004241,O004241,,19,
D004242,O004242,,10,Delivered
D004243,O004243,Ravi,2,
D004244,O004244,Ravi,8,Cancelled
D004245,O004245,John,6,Delivered
D004246,O004246,Kiran,14,Cancelled
D004247,O004247,John,1,delivered
D004248,O004248,Ravi,18,delivered
D004249,O004249,John,17,
D004250,O004250,Ravi,-1,
D004251,O004251,Amit,9,
D004252,O004252,Kiran,4,Cancelled
D004253,O004253,,-5,delivered
D004254,O004254,,0,
D004255,O004255,John,2,
D004256,O004256,,5,Delivered
D004257,O004257,Amit,0,Cancelled
D004258,O004258,Amit,2,Cancelled
D004259,O004259,John,16,delivered
D004260,O004260,,12,delivered
D004261,O004261,,16,
D004262,O004262,Ravi,8,Cancelled
D004263,O004263,John,3,delivered
D004264,O004264,Ravi,7,Cancelled
D004265,O004265,Amit,12,
D004266,O004266,John,8,
D004267,O004267,Ravi,-3,
D004268,O004268,Amit,19,
D004269,O004269,,17,Cancelled
D004270,O004270,John,11,
D004271,O004271,Ravi,5,Cancelled
D004272,O004272,Kiran,7,Delivered
D004273,O004273,,14,
D004274,O004274,Ravi,14,Delivered
D004275,O004275,Ravi,4,delivered
D004276,O004276,John,-1,
D004277,O004277,Kiran,1,Cancelled
D004278,O004278,,15,delivered
D004279,O004279,,4,
D004280,O004280,John,0,Delivered
D004281,O004281,John,19,delivered
D004282,O004282,John,12,Cancelled
D004283,O004283,Kiran,0,Cancelled
D004284,O004284,John,7,Delivered
D004285,O004285,Kiran,16,Cancelled
D004286,O004286,Kiran,11,
D004287,O004287,Amit,16,delivered
D004288,O004288,John,17,
D004289,O004289,John,1,Cancelled
D004290,O004290,,-3,Delivered
D004291,O004291,John,18,
D004292,O004292,Kiran,1,Cancelled
D004293,O004293,John,14,Delivered
D004294,O004294,Ravi,14,
D004295,O004295,,1,Cancelled
D004296,O004296,Ravi,-4,Delivered
D004297,O004297,Kiran,-1,Delivered
D004298,O004298,Ravi,7,
D004299,O004299,Kiran,0,
D004300,O004300,,-2,Cancelled
D004301,O004301,Amit,-5,delivered
D004302,O004302,Ravi,5,
D004303,O004303,,-5,
D004304,O004304,Amit,13,Delivered
D004305,O004305,Kiran,3,Cancelled
D004306,O004306,Kiran,12,delivered
D004307,O004307,Amit,8,delivered
D004308,O004308,,15,
D004309,O004309,Amit,1,delivered
D004310,O004310,Ravi,-4,delivered
D004311,O004311,Amit,11,Delivered
D004312,O004312,John,1,Delivered
D004313,O004313,Ravi,15,Delivered
D004314,O004314,,1,
D004315,O004315,Ravi,-5,delivered
D004316,O004316,Kiran,16,Delivered
D004317,O004317,Kiran,16,Cancelled
D004318,O004318,Kiran,17,delivered
D004319,O004319,Ravi,2,Cancelled
D004320,O004320,Kiran,8,delivered
D004321,O004321,,19,Cancelled
D004322,O004322,,7,Cancelled
D004323,O004323,Ravi,4,
D004324,O004324,Amit,6,Cancelled
D004325,O004325,Amit,7,Delivered
D004326,O004326,,10,Delivered
D004327,O004327,Ravi,15,delivered
D004328,O004328,,7,Delivered
D004329,O004329,Kiran,9,
D004330,O004330,Kiran,-2,Delivered
D004331,O004331,,-1,
D004332,O004332,Kiran,8,Delivered
D004333,O004333,John,-1,
D004334,O004334,John,19,delivered
D004335,O004335,John,1,delivered
D004336,O004336,Amit,8,Delivered
D004337,O004337,Amit,-4,delivered
D004338,O004338,Ravi,-4,delivered
D004339,O004339,Amit,-5,delivered
D004340,O004340,,-4,Delivered
D004341,O004341,Ravi,-4,
D004342,O004342,Ravi,15,Delivered
D004343,O004343,,19,Cancelled
D004344,O004344,John,17,
D004345,O004345,Amit,7,Cancelled
D004346,O004346,Ravi,-1,Cancelled
D004347,O004347,John,14,delivered
D004348,O004348,Kiran,9,
D004349,O004349,John,16,
D004350,O004350,John,14,Cancelled
D004351,O004351,Amit,9,Cancelled
D004352,O004352,Kiran,1,delivered
D004353,O004353,Ravi,7,delivered
D004354,O004354,,10,Delivered
D004355,O004355,Ravi,13,
D004356,O004356,Amit,7,Cancelled
D004357,O004357,Ravi,18,Delivered
D004358,O004358,Amit,18,delivered
D004359,O004359,Amit,-3,Cancelled
D004360,O004360,Ravi,17,
D004361,O004361,,-5,Cancelled
D004362,O004362,,-1,Cancelled
D004363,O004363,Ravi,3,Delivered
D004364,O004364,Kiran,12,Cancelled
D004365,O004365,John,-3,Delivered
D004366,O004366,,14,Delivered
D004367,O004367,Amit,-4,delivered
D004368,O004368,,16,Cancelled
D004369,O004369,Kiran,15,Delivered
D004370,O004370,Ravi,-1,Cancelled
D004371,O004371,Kiran,18,
D004372,O004372,John,8,Cancelled
D004373,O004373,,16,delivered
D004374,O004374,Amit,-5,Delivered
D004375,O004375,Amit,11,Delivered
D004376,O004376,Kiran,15,
D004377,O004377,Ravi,7,delivered
D004378,O004378,John,6,Delivered
D004379,O004379,Ravi,13,
D004380,O004380,,6,Delivered
D004381,O004381,Kiran,2,Delivered
D004382,O004382,Kiran,5,delivered
D004383,O004383,Amit,-4,
D004384,O004384,,-1,Delivered
D004385,O004385,Amit,16,Cancelled
D004386,O004386,Ravi,-3,
D004387,O004387,Kiran,9,delivered
D004388,O004388,Kiran,8,delivered
D004389,O004389,John,18,delivered
D004390,O004390,Ravi,2,Delivered
D004391,O004391,,0,delivered
D004392,O004392,John,3,
D004393,O004393,Kiran,13,Delivered
D004394,O004394,,-3,Cancelled
D004395,O004395,Amit,18,delivered
D004396,O004396,Ravi,7,delivered
D004397,O004397,Amit,4,delivered
D004398,O004398,Kiran,-2,Cancelled
D004399,O004399,John,-5,Delivered
D004400,O004400,Amit,2,delivered
D004401,O004401,Kiran,2,Cancelled
D004402,O004402,Amit,8,Delivered
D004403,O004403,Ravi,15,
D004404,O004404,Amit,8,delivered
D004405,O004405,Ravi,6,Delivered
D004406,O004406,Ravi,-4,delivered
D004407,O004407,,1,Cancelled
D004408,O004408,John,-2,Delivered
D004409,O004409,Amit,18,Cancelled
D004410,O004410,Kiran,4,delivered
D004411,O004411,,5,
D004412,O004412,John,16,Cancelled
D004413,O004413,,17,Delivered
D004414,O004414,Amit,4,Delivered
D004415,O004415,Amit,12,delivered
D004416,O004416,Amit,15,Delivered
D004417,O004417,John,-2,delivered
D004418,O004418,,13,Cancelled
D004419,O004419,Kiran,1,
D004420,O004420,,-5,Cancelled
D004421,O004421,John,8,Cancelled
D004422,O004422,Ravi,7,delivered
D004423,O004423,Ravi,0,
D004424,O004424,Ravi,13,Cancelled
D004425,O004425,Kiran,17,delivered
D004426,O004426,John,3,Cancelled
D004427,O004427,John,-3,Cancelled
D004428,O004428,Ravi,11,Delivered
D004429,O004429,John,13,Cancelled
D004430,O004430,John,10,
D004431,O004431,Amit,19,Cancelled
D004432,O004432,Kiran,-2,delivered
D004433,O004433,John,10,Delivered
D004434,O004434,Ravi,13,delivered
D004435,O004435,,17,
D004436,O004436,,6,Cancelled
D004437,O004437,Kiran,1,Cancelled
D004438,O004438,John,14,Delivered
D004439,O004439,Amit,19,Cancelled
D004440,O004440,John,3,delivered
D004441,O004441,Ravi,-4,delivered
D004442,O004442,John,17,Delivered
D004443,O004443,,2,Cancelled
D004444,O004444,,18,Delivered
D004445,O004445,Kiran,4,
D004446,O004446,Ravi,-5,Cancelled
D004447,O004447,Kiran,12,Cancelled
D004448,O004448,John,2,Cancelled
D004449,O004449,Amit,7,
D004450,O004450,Kiran,1,
D004451,O004451,,8,
D004452,O004452,Ravi,1,delivered
D004453,O004453,John,11,Delivered
D004454,O004454,Ravi,12,delivered
D004455,O004455,Ravi,-4,
D004456,O004456,Ravi,-3,delivered
D004457,O004457,,13,delivered
D004458,O004458,Amit,-3,Delivered
D004459,O004459,Kiran,6,
D004460,O004460,,-2,delivered
D004461,O004461,Amit,-2,delivered
D004462,O004462,John,3,Cancelled
D004463,O004463,Kiran,-3,Cancelled
D004464,O004464,Amit,-3,
D004465,O004465,John,19,delivered
D004466,O004466,Kiran,14,
D004467,O004467,John,16,Delivered
D004468,O004468,,-1,
D004469,O004469,John,10,
D004470,O004470,Ravi,13,delivered
D004471,O004471,,18,Delivered
D004472,O004472,John,-1,
D004473,O004473,,2,Cancelled
D004474,O004474,Kiran,6,Delivered
D004475,O004475,Ravi,0,delivered
D004476,O004476,Ravi,19,Cancelled
D004477,O004477,John,-4,Delivered
D004478,O004478,Kiran,9,delivered
D004479,O004479,,10,delivered
D004480,O004480,John,17,Delivered
D004481,O004481,Amit,-2,Delivered
D004482,O004482,John,9,Delivered
D004483,O004483,Amit,1,delivered
D004484,O004484,Ravi,19,Cancelled
D004485,O004485,John,9,Cancelled
D004486,O004486,John,10,delivered
D004487,O004487,Ravi,11,Delivered
D004488,O004488,,-1,delivered
D004489,O004489,John,0,delivered
D004490,O004490,Kiran,-2,delivered
D004491,O004491,Ravi,4,delivered
D004492,O004492,,16,Cancelled
D004493,O004493,Ravi,-5,Delivered
D004494,O004494,Ravi,2,delivered
D004495,O004495,,0,delivered
D004496,O004496,,4,Delivered
D004497,O004497,,-2,Delivered
D004498,O004498,Kiran,15,delivered
D004499,O004499,Amit,18,delivered
D004500,O004500,Ravi,7,Delivered
D004501,O004501,John,12,Delivered
D004502,O004502,Amit,14,Cancelled
D004503,O004503,John,17,delivered
D004504,O004504,John,-4,
D004505,O004505,John,0,Delivered
D004506,O004506,Kiran,5,Delivered
D004507,O004507,Kiran,6,Cancelled
D004508,O004508,Amit,3,Cancelled
D004509,O004509,,5,
D004510,O004510,Kiran,9,Delivered
D004511,O004511,Ravi,7,delivered
D004512,O004512,Amit,-4,delivered
D004513,O004513,Ravi,14,delivered
D004514,O004514,John,8,Cancelled
D004515,O004515,Ravi,4,
D004516,O004516,Kiran,9,
D004517,O004517,Ravi,15,
D004518,O004518,John,4,Delivered
D004519,O004519,John,18,Delivered
D004520,O004520,Kiran,15,
D004521,O004521,Amit,15,
D004522,O004522,,3,
D004523,O004523,Amit,0,Cancelled
D004524,O004524,,15,
D004525,O004525,Kiran,-3,delivered
D004526,O004526,Kiran,6,Delivered
D004527,O004527,Kiran,11,delivered
D004528,O004528,John,16,Delivered
D004529,O004529,Amit,6,Cancelled
D004530,O004530,,19,Cancelled
D004531,O004531,Amit,-2,delivered
D004532,O004532,,8,Cancelled
D004533,O004533,Ravi,2,Delivered
D004534,O004534,Amit,12,Cancelled
D004535,O004535,Ravi,-4,delivered
D004536,O004536,Kiran,8,Cancelled
D004537,O004537,John,-2,
D004538,O004538,John,-4,Delivered
D004539,O004539,Amit,0,Cancelled
D004540,O004540,Ravi,2,Delivered
D004541,O004541,Ravi,-3,delivered
D004542,O004542,,9,
D004543,O004543,Amit,13,Delivered
D004544,O004544,Amit,14,
D004545,O004545,Ravi,-1,
D004546,O004546,Ravi,13,
D004547,O004547,John,0,Cancelled
D004548,O004548,Amit,15,Cancelled
D004549,O004549,John,18,delivered
D004550,O004550,Kiran,4,Cancelled
D004551,O004551,Kiran,-2,delivered
D004552,O004552,Ravi,16,delivered
D004553,O004553,,3,
D004554,O004554,Ravi,16,Delivered
D004555,O004555,Amit,4,Cancelled
D004556,O004556,Ravi,-1,Delivered
D004557,O004557,John,10,delivered
D004558,O004558,Ravi,5,delivered
D004559,O004559,John,18,delivered
D004560,O004560,Kiran,-2,
D004561,O004561,John,6,Delivered
D004562,O004562,Amit,16,
D004563,O004563,Ravi,17,Delivered
D004564,O004564,Amit,4,
D004565,O004565,John,16,delivered
D004566,O004566,John,18,Cancelled
D004567,O004567,John,-4,
D004568,O004568,John,15,
D004569,O004569,John,13,Cancelled
D004570,O004570,Ravi,14,Cancelled
D004571,O004571,,4,
D004572,O004572,Amit,18,delivered
D004573,O004573,Kiran,6,delivered
D004574,O004574,Kiran,-4,Cancelled
D004575,O004575,Amit,19,
D004576,O004576,Ravi,1,Delivered
D004577,O004577,Amit,-5,Cancelled
D004578,O004578,John,5,Delivered
D004579,O004579,,13,Cancelled
D004580,O004580,Amit,7,
D004581,O004581,Ravi,18,delivered
D004582,O004582,John,12,Cancelled
D004583,O004583,Amit,7,Delivered
D004584,O004584,Amit,17,
D004585,O004585,John,11,
D004586,O004586,Ravi,8,
D004587,O004587,,10,Delivered
D004588,O004588,,13,Cancelled
D004589,O004589,John,6,delivered
D004590,O004590,Kiran,12,delivered
D004591,O004591,Ravi,6,Delivered
D004592,O004592,Kiran,6,delivered
D004593,O004593,Kiran,12,Cancelled
D004594,O004594,Kiran,4,Delivered
D004595,O004595,Ravi,-4,Delivered
D004596,O004596,Kiran,14,Cancelled
D004597,O004597,John,0,
D004598,O004598,Amit,-5,Cancelled
D004599,O004599,John,1,Cancelled
D004600,O004600,Amit,17,delivered
D004601,O004601,,-5,delivered
D004602,O004602,Kiran,4,delivered
D004603,O004603,,7,
D004604,O004604,,3,Cancelled
D004605,O004605,Ravi,9,delivered
D004606,O004606,Kiran,18,
D004607,O004607,,12,delivered
D004608,O004608,Amit,1,Cancelled
D004609,O004609,Amit,-4,Cancelled
D004610,O004610,Ravi,8,Cancelled
D004611,O004611,,14,Delivered
D004612,O004612,,-1,Cancelled
D004613,O004613,,4,Cancelled
D004614,O004614,Ravi,13,delivered
D004615,O004615,Kiran,17,Delivered
D004616,O004616,,1,delivered
D004617,O004617,,0,
D004618,O004618,John,17,
D004619,O004619,Amit,-3,Delivered
D004620,O004620,Kiran,17,Cancelled
D004621,O004621,Kiran,7,Delivered
D004622,O004622,Kiran,1,Cancelled
D004623,O004623,,19,
D004624,O004624,John,-4,
D004625,O004625,Kiran,13,Delivered
D004626,O004626,Ravi,-2,delivered
D004627,O004627,Ravi,18,
D004628,O004628,Amit,-5,Delivered
D004629,O004629,John,5,Delivered
D004630,O004630,Kiran,-4,
D004631,O004631,John,-4,Cancelled
D004632,O004632,Ravi,8,delivered
D004633,O004633,Kiran,12,delivered
D004634,O004634,,5,Cancelled
D004635,O004635,Ravi,-4,
D004636,O004636,Amit,17,
D004637,O004637,Kiran,0,Cancelled
D004638,O004638,Amit,1,
D004639,O004639,John,16,delivered
D004640,O004640,Amit,4,Delivered
D004641,O004641,Amit,-5,delivered
D004642,O004642,,0,delivered
D004643,O004643,Amit,14,delivered
D004644,O004644,,19,
D004645,O004645,Amit,8,Cancelled
D004646,O004646,,0,
D004647,O004647,Ravi,3,Cancelled
D004648,O004648,,18,Delivered
D004649,O004649,Ravi,-1,Delivered
D004650,O004650,Ravi,4,delivered
D004651,O004651,Kiran,1,Cancelled
D004652,O004652,Ravi,2,delivered
D004653,O004653,Kiran,15,
D004654,O004654,,6,Cancelled
D004655,O004655,John,2,delivered
D004656,O004656,Kiran,4,
D004657,O004657,John,3,Delivered
D004658,O004658,,15,delivered
D004659,O004659,Kiran,18,Cancelled
D004660,O004660,,10,Cancelled
D004661,O004661,John,9,
D004662,O004662,,3,delivered
D004663,O004663,John,8,Delivered
D004664,O004664,Ravi,-5,delivered
D004665,O004665,John,17,delivered
D004666,O004666,John,10,Cancelled
D004667,O004667,Ravi,1,
D004668,O004668,Kiran,5,Cancelled
D004669,O004669,Amit,-4,Delivered
D004670,O004670,Kiran,12,delivered
D004671,O004671,Amit,18,Delivered
D004672,O004672,Ravi,1,
D004673,O004673,Kiran,-3,
D004674,O004674,,10,delivered
D004675,O004675,,-2,
D004676,O004676,Kiran,-3,Delivered
D004677,O004677,,-2,delivered
D004678,O004678,Ravi,7,
D004679,O004679,,15,Delivered
D004680,O004680,,8,delivered
D004681,O004681,Amit,4,
D004682,O004682,Amit,8,Cancelled
D004683,O004683,John,11,delivered
D004684,O004684,Ravi,16,delivered
D004685,O004685,,8,Cancelled
D004686,O004686,Ravi,-1,
D004687,O004687,Ravi,15,delivered
D004688,O004688,Amit,19,Delivered
D004689,O004689,,-3,
D004690,O004690,John,13,delivered
D004691,O004691,Kiran,9,Delivered
D004692,O004692,John,3,Cancelled
D004693,O004693,Amit,18,Delivered
D004694,O004694,John,3,
D004695,O004695,Amit,4,Cancelled
D004696,O004696,Amit,10,Delivered
D004697,O004697,Ravi,2,
D004698,O004698,,1,Cancelled
D004699,O004699,Kiran,8,
D004700,O004700,Amit,12,delivered
D004701,O004701,Amit,9,
D004702,O004702,Ravi,6,Delivered
D004703,O004703,Kiran,15,
D004704,O004704,Amit,4,
D004705,O004705,,17,Cancelled
D004706,O004706,,-1,
D004707,O004707,Ravi,11,
D004708,O004708,Amit,0,delivered
D004709,O004709,Kiran,16,delivered
D004710,O004710,Ravi,16,Cancelled
D004711,O004711,Ravi,13,Cancelled
D004712,O004712,John,11,Delivered
D004713,O004713,Ravi,8,Cancelled
D004714,O004714,John,10,
D004715,O004715,John,1,delivered
D004716,O004716,Amit,9,Cancelled
D004717,O004717,,16,Delivered
D004718,O004718,Kiran,8,
D004719,O004719,Ravi,15,Delivered
D004720,O004720,Amit,13,Delivered
D004721,O004721,Kiran,7,Delivered
D004722,O004722,Ravi,16,Delivered
D004723,O004723,,4,
D004724,O004724,,8,
D004725,O004725,John,8,Delivered
D004726,O004726,John,19,
D004727,O004727,Kiran,6,Cancelled
D004728,O004728,Ravi,18,
D004729,O004729,John,2,
D004730,O004730,Amit,2,Delivered
D004731,O004731,John,11,
D004732,O004732,Kiran,17,Cancelled
D004733,O004733,Amit,11,
D004734,O004734,,1,Cancelled
D004735,O004735,Amit,12,
D004736,O004736,Kiran,13,delivered
D004737,O004737,,4,
D004738,O004738,Ravi,12,Cancelled
D004739,O004739,Kiran,-5,Cancelled
D004740,O004740,John,10,Cancelled
D004741,O004741,Kiran,-1,Delivered
D004742,O004742,Kiran,2,Cancelled
D004743,O004743,Kiran,6,
D004744,O004744,,16,delivered
D004745,O004745,Kiran,14,Cancelled
D004746,O004746,Ravi,7,Delivered
D004747,O004747,Kiran,11,
D004748,O004748,John,4,Cancelled
D004749,O004749,Amit,-4,Delivered
D004750,O004750,,12,Delivered
D004751,O004751,John,-3,Delivered
D004752,O004752,Ravi,12,Cancelled
D004753,O004753,Kiran,14,Cancelled
D004754,O004754,,14,Cancelled
D004755,O004755,,15,delivered
D004756,O004756,,19,delivered
D004757,O004757,John,-3,
D004758,O004758,Amit,16,
D004759,O004759,Amit,4,Delivered
D004760,O004760,Ravi,5,delivered
D004761,O004761,John,-2,Cancelled
D004762,O004762,John,17,
D004763,O004763,John,-2,Cancelled
D004764,O004764,Kiran,9,Cancelled
D004765,O004765,John,10,delivered
D004766,O004766,John,1,
D004767,O004767,,-5,Delivered
D004768,O004768,,19,
D004769,O004769,,7,
D004770,O004770,John,11,
D004771,O004771,John,15,delivered
D004772,O004772,,18,
D004773,O004773,Ravi,2,Delivered
D004774,O004774,Ravi,0,
D004775,O004775,Amit,0,Cancelled
D004776,O004776,Kiran,12,Delivered
D004777,O004777,Kiran,-2,
D004778,O004778,Amit,9,delivered
D004779,O004779,,2,delivered
D004780,O004780,,-4,delivered
D004781,O004781,John,16,Cancelled
D004782,O004782,Kiran,13,Cancelled
D004783,O004783,John,17,delivered
D004784,O004784,John,3,Cancelled
D004785,O004785,Kiran,18,
D004786,O004786,,6,
D004787,O004787,Ravi,2,delivered
D004788,O004788,,19,Delivered
D004789,O004789,,12,
D004790,O004790,John,0,Delivered
D004791,O004791,John,19,Cancelled
D004792,O004792,John,7,Cancelled
D004793,O004793,Kiran,-4,
D004794,O004794,Kiran,19,
D004795,O004795,Amit,12,Cancelled
D004796,O004796,John,3,Cancelled
D004797,O004797,Kiran,-5,Delivered
D004798,O004798,Amit,0,
D004799,O004799,John,8,delivered
D004800,O004800,John,0,delivered
D004801,O004801,Ravi,12,Cancelled
D004802,O004802,Kiran,5,delivered
D004803,O004803,Amit,1,Cancelled
D004804,O004804,John,-2,delivered
D004805,O004805,Kiran,-2,Cancelled
D004806,O004806,Amit,5,Cancelled
D004807,O004807,Ravi,19,delivered
D004808,O004808,Amit,12,
D004809,O004809,John,9,Cancelled
D004810,O004810,,3,delivered
D004811,O004811,,19,
D004812,O004812,Ravi,10,Delivered
D004813,O004813,John,6,Cancelled
D004814,O004814,John,8,Cancelled
D004815,O004815,Kiran,9,Delivered
D004816,O004816,,16,Cancelled
D004817,O004817,Kiran,7,Delivered
D004818,O004818,John,1,delivered
D004819,O004819,Ravi,-2,Delivered
D004820,O004820,,8,
D004821,O004821,Kiran,10,delivered
D004822,O004822,Ravi,-5,Delivered
D004823,O004823,John,3,
D004824,O004824,Amit,19,Delivered
D004825,O004825,Amit,7,
D004826,O004826,,11,Delivered
D004827,O004827,Ravi,14,Cancelled
D004828,O004828,Kiran,17,
D004829,O004829,Ravi,13,Cancelled
D004830,O004830,,15,Cancelled
D004831,O004831,John,-1,
D004832,O004832,Ravi,18,Cancelled
D004833,O004833,,3,delivered
D004834,O004834,,-5,Delivered
D004835,O004835,Kiran,-4,
D004836,O004836,John,8,delivered
D004837,O004837,Ravi,-1,
D004838,O004838,,-5,Delivered
D004839,O004839,John,10,
D004840,O004840,Kiran,0,Delivered
D004841,O004841,,0,delivered
D004842,O004842,Kiran,-3,
D004843,O004843,John,14,Delivered
D004844,O004844,Kiran,13,Cancelled
D004845,O004845,Ravi,-1,Cancelled
D004846,O004846,Kiran,19,delivered
D004847,O004847,Amit,8,delivered
D004848,O004848,Amit,13,delivered
D004849,O004849,Amit,-4,Cancelled
D004850,O004850,Amit,9,Delivered
D004851,O004851,Ravi,7,delivered
D004852,O004852,,0,Delivered
D004853,O004853,Amit,-5,Delivered
D004854,O004854,Amit,3,delivered
D004855,O004855,,5,delivered
D004856,O004856,Amit,10,Cancelled
D004857,O004857,,8,delivered
D004858,O004858,Amit,4,Cancelled
D004859,O004859,,13,Cancelled
D004860,O004860,,13,Delivered
D004861,O004861,John,2,Cancelled
D004862,O004862,Kiran,10,Delivered
D004863,O004863,,6,Cancelled
D004864,O004864,Amit,0,delivered
D004865,O004865,Ravi,-3,
D004866,O004866,,0,Delivered
D004867,O004867,Amit,0,delivered
D004868,O004868,,-3,Delivered
D004869,O004869,John,6,Cancelled
D004870,O004870,Ravi,5,Delivered
D004871,O004871,Ravi,0,
D004872,O004872,Amit,2,delivered
D004873,O004873,Kiran,19,Delivered
D004874,O004874,John,13,
D004875,O004875,Kiran,10,delivered
D004876,O004876,Ravi,12,
D004877,O004877,Ravi,6,Delivered
D004878,O004878,Kiran,9,
D004879,O004879,,1,Cancelled
D004880,O004880,Kiran,6,Delivered
D004881,O004881,Kiran,18,delivered
D004882,O004882,,7,Cancelled
D004883,O004883,,19,Delivered
D004884,O004884,,11,Cancelled
D004885,O004885,John,7,
D004886,O004886,Ravi,11,delivered
D004887,O004887,Ravi,5,Cancelled
D004888,O004888,,-5,
D004889,O004889,,5,
D004890,O004890,John,14,delivered
D004891,O004891,John,6,Delivered
D004892,O004892,Amit,-3,delivered
D004893,O004893,Kiran,1,delivered
D004894,O004894,Ravi,0,
D004895,O004895,Ravi,-3,delivered
D004896,O004896,John,13,delivered
D004897,O004897,Kiran,15,Delivered
D004898,O004898,John,14,delivered
D004899,O004899,Amit,3,delivered
D004900,O004900,Amit,6,
D004901,O004901,Amit,-5,Delivered
D004902,O004902,John,10,delivered
D004903,O004903,Kiran,11,Delivered
D004904,O004904,,7,Delivered
D004905,O004905,Ravi,6,
D004906,O004906,,15,delivered
D004907,O004907,Kiran,9,Cancelled
D004908,O004908,John,2,Delivered
D004909,O004909,John,-2,
D004910,O004910,John,19,Delivered
D004911,O004911,Amit,8,Cancelled
D004912,O004912,Amit,17,Cancelled
D004913,O004913,Amit,-3,delivered
D004914,O004914,,0,
D004915,O004915,Ravi,0,Cancelled
D004916,O004916,John,15,Delivered
D004917,O004917,John,10,Cancelled
D004918,O004918,,2,Delivered
D004919,O004919,Ravi,-5,
D004920,O004920,Ravi,5,delivered
D004921,O004921,,6,Cancelled
D004922,O004922,John,5,
D004923,O004923,Kiran,7,
D004924,O004924,Kiran,4,Cancelled
D004925,O004925,Ravi,14,
D004926,O004926,Ravi,17,delivered
D004927,O004927,John,16,delivered
D004928,O004928,Ravi,8,Cancelled
D004929,O004929,,1,Cancelled
D004930,O004930,Kiran,8,
D004931,O004931,Kiran,13,
D004932,O004932,Ravi,13,
D004933,O004933,,-5,Cancelled
D004934,O004934,Ravi,1,Cancelled
D004935,O004935,Ravi,-2,Delivered
D004936,O004936,,19,
D004937,O004937,,15,Cancelled
D004938,O004938,Amit,-1,Delivered
D004939,O004939,Kiran,19,delivered
D004940,O004940,Ravi,6,Delivered
D004941,O004941,John,11,delivered
D004942,O004942,Ravi,0,Cancelled
D004943,O004943,Ravi,18,
D004944,O004944,John,10,delivered
D004945,O004945,Kiran,-5,
D004946,O004946,Amit,6,
D004947,O004947,,19,delivered
D004948,O004948,Amit,8,
D004949,O004949,Ravi,18,
D004950,O004950,Ravi,0,
D004951,O004951,John,3,
D004952,O004952,John,13,Delivered
D004953,O004953,Ravi,14,delivered
D004954,O004954,Amit,-3,
D004955,O004955,Amit,15,
D004956,O004956,Kiran,5,Cancelled
D004957,O004957,Ravi,6,Cancelled
D004958,O004958,,-5,delivered
D004959,O004959,,11,
D004960,O004960,Amit,12,delivered
D004961,O004961,John,7,Cancelled
D004962,O004962,John,-5,Cancelled
D004963,O004963,Amit,13,Cancelled
D004964,O004964,Kiran,-4,Delivered
D004965,O004965,Ravi,17,Delivered
D004966,O004966,,7,Cancelled
D004967,O004967,Amit,2,Cancelled
D004968,O004968,John,-4,Delivered
D004969,O004969,Ravi,-2,Cancelled
D004970,O004970,,2,Cancelled
D004971,O004971,Kiran,-5,Delivered
D004972,O004972,Amit,5,Delivered
D004973,O004973,Ravi,2,Delivered
D004974,O004974,,7,Cancelled
D004975,O004975,Kiran,10,Cancelled
D004976,O004976,John,2,
D004977,O004977,Ravi,12,Cancelled
D004978,O004978,Amit,-3,Cancelled
D004979,O004979,,3,Delivered
D004980,O004980,John,4,delivered
D004981,O004981,John,15,Cancelled
D004982,O004982,,17,Cancelled
D004983,O004983,,15,Cancelled
D004984,O004984,,4,
D004985,O004985,Ravi,12,Delivered
D004986,O004986,Amit,12,
D004987,O004987,John,11,
D004988,O004988,Kiran,16,delivered
D004989,O004989,,17,Cancelled
D004990,O004990,Amit,15,
D004991,O004991,Kiran,-3,
D004992,O004992,Ravi,4,
D004993,O004993,John,9,Delivered
D004994,O004994,Amit,3,Cancelled
D004995,O004995,Amit,6,
D004996,O004996,John,10,Cancelled
D004997,O004997,John,9,Cancelled
D004998,O004998,,18,delivered
D004999,O004999,John,-4,Delivered
D005000,O005000,Amit,13,
D005001,O005001,,1,
D005002,O005002,John,3,delivered
D005003,O005003,Kiran,8,
D005004,O005004,Kiran,-4,Delivered
D005005,O005005,John,4,
D005006,O005006,Amit,1,Delivered
D005007,O005007,,2,
D005008,O005008,,0,Cancelled
D005009,O005009,,0,Cancelled
D005010,O005010,Ravi,18,delivered
D005011,O005011,John,13,
D005012,O005012,Ravi,9,
D005013,O005013,Ravi,18,Delivered
D005014,O005014,Kiran,7,
D005015,O005015,,4,delivered
D005016,O005016,Ravi,7,
D005017,O005017,Amit,-5,Cancelled
D005018,O005018,John,12,delivered
D005019,O005019,Amit,10,Cancelled
D005020,O005020,,0,delivered
D005021,O005021,Kiran,-4,delivered
D005022,O005022,Amit,4,delivered
D005023,O005023,Amit,-4,delivered
D005024,O005024,Ravi,-3,Delivered
D005025,O005025,Amit,13,delivered
D005026,O005026,Kiran,-2,Cancelled
D005027,O005027,Amit,19,
D005028,O005028,Amit,3,Delivered
D005029,O005029,,5,Delivered
D005030,O005030,Kiran,12,Delivered
D005031,O005031,Amit,12,
D005032,O005032,,9,
D005033,O005033,John,8,Delivered
D005034,O005034,Amit,7,Delivered
D005035,O005035,Amit,16,delivered
D005036,O005036,,8,delivered
D005037,O005037,,15,
D005038,O005038,,15,delivered
D005039,O005039,Amit,1,Cancelled
D005040,O005040,Ravi,3,Cancelled
D005041,O005041,Ravi,11,delivered
D005042,O005042,,-1,delivered
D005043,O005043,Ravi,-1,Delivered
D005044,O005044,John,15,delivered
D005045,O005045,Ravi,3,Cancelled
D005046,O005046,Ravi,5,
D005047,O005047,Amit,0,
D005048,O005048,Ravi,10,Delivered
D005049,O005049,,2,
D005050,O005050,Amit,8,delivered
D005051,O005051,Ravi,18,Delivered
D005052,O005052,John,0,delivered
D005053,O005053,Amit,0,
D005054,O005054,Amit,8,delivered
D005055,O005055,Amit,2,Delivered
D005056,O005056,Ravi,-5,Delivered
D005057,O005057,,19,Cancelled
D005058,O005058,Kiran,7,
D005059,O005059,Kiran,19,delivered
D005060,O005060,Kiran,18,Cancelled
D005061,O005061,Ravi,-2,Cancelled
D005062,O005062,John,9,
D005063,O005063,Amit,11,delivered
D005064,O005064,Amit,12,
D005065,O005065,,11,delivered
D005066,O005066,Amit,5,Cancelled
D005067,O005067,,6,Cancelled
D005068,O005068,Ravi,-3,Cancelled
D005069,O005069,Kiran,9,delivered
D005070,O005070,,19,Delivered
D005071,O005071,,0,
D005072,O005072,Amit,-1,delivered
D005073,O005073,Ravi,2,
D005074,O005074,Kiran,4,
D005075,O005075,Ravi,-3,Cancelled
D005076,O005076,Kiran,6,
D005077,O005077,John,6,Delivered
D005078,O005078,Ravi,4,delivered
D005079,O005079,John,13,Delivered
D005080,O005080,Kiran,15,Delivered
D005081,O005081,,11,Cancelled
D005082,O005082,John,8,delivered
D005083,O005083,Kiran,1,delivered
D005084,O005084,Kiran,13,Delivered
D005085,O005085,John,5,delivered
D005086,O005086,Ravi,12,
D005087,O005087,,1,delivered
D005088,O005088,Kiran,11,delivered
D005089,O005089,Ravi,-5,
D005090,O005090,Kiran,3,
D005091,O005091,Kiran,1,
D005092,O005092,Kiran,8,
D005093,O005093,Ravi,10,delivered
D005094,O005094,Amit,-3,Cancelled
D005095,O005095,,10,Cancelled
D005096,O005096,,15,
D005097,O005097,Amit,7,delivered
D005098,O005098,Kiran,12,delivered
D005099,O005099,Amit,15,delivered
D005100,O005100,John,3,delivered
D005101,O005101,John,-1,delivered
D005102,O005102,Ravi,7,Cancelled
D005103,O005103,Ravi,11,Delivered
D005104,O005104,John,18,Delivered
D005105,O005105,Amit,9,Delivered
D005106,O005106,Ravi,9,
D005107,O005107,Amit,0,
D005108,O005108,Ravi,12,Cancelled
D005109,O005109,,16,Cancelled
D005110,O005110,Amit,10,delivered
D005111,O005111,John,3,Cancelled
D005112,O005112,John,-3,
D005113,O005113,Ravi,-1,Cancelled
D005114,O005114,Amit,1,delivered
D005115,O005115,Kiran,7,delivered
D005116,O005116,John,-4,delivered
D005117,O005117,John,5,
D005118,O005118,Amit,-5,Delivered
D005119,O005119,Amit,-1,Delivered
D005120,O005120,Ravi,-2,
D005121,O005121,Kiran,9,delivered
D005122,O005122,John,19,delivered
D005123,O005123,Amit,4,
D005124,O005124,John,-2,Delivered
D005125,O005125,Kiran,1,delivered
D005126,O005126,,-1,delivered
D005127,O005127,,9,Delivered
D005128,O005128,Kiran,-1,
D005129,O005129,Amit,7,Cancelled
D005130,O005130,,0,delivered
D005131,O005131,Amit,18,Delivered
D005132,O005132,Ravi,14,
D005133,O005133,John,10,Delivered
D005134,O005134,Ravi,3,Delivered
D005135,O005135,,0,Cancelled
D005136,O005136,,2,delivered
D005137,O005137,Amit,-2,delivered
D005138,O005138,,3,delivered
D005139,O005139,Amit,5,Cancelled
D005140,O005140,Kiran,5,Delivered
D005141,O005141,,10,
D005142,O005142,Kiran,3,Delivered
D005143,O005143,Kiran,-5,delivered
D005144,O005144,John,-5,Cancelled
D005145,O005145,Amit,1,Delivered
D005146,O005146,Kiran,-3,Cancelled
D005147,O005147,John,1,
D005148,O005148,,-5,
D005149,O005149,,-5,delivered
D005150,O005150,Kiran,1,Cancelled
D005151,O005151,,-2,delivered
D005152,O005152,Amit,12,Cancelled
D005153,O005153,,15,Cancelled
D005154,O005154,Ravi,-1,
D005155,O005155,,8,Delivered
D005156,O005156,Kiran,14,Delivered
D005157,O005157,John,9,
D005158,O005158,Amit,19,
D005159,O005159,Amit,12,Cancelled
D005160,O005160,John,-2,Delivered
D005161,O005161,Amit,-4,delivered
D005162,O005162,Kiran,5,delivered
D005163,O005163,Kiran,14,Delivered
D005164,O005164,John,9,Delivered
D005165,O005165,Kiran,0,Delivered
D005166,O005166,Ravi,-1,Cancelled
D005167,O005167,Kiran,5,
D005168,O005168,Amit,4,
D005169,O005169,John,7,Cancelled
D005170,O005170,Ravi,10,delivered
D005171,O005171,Kiran,4,Cancelled
D005172,O005172,Ravi,0,Delivered
D005173,O005173,,-4,
D005174,O005174,,-5,
D005175,O005175,Ravi,-1,Cancelled
D005176,O005176,,5,
D005177,O005177,,-3,Cancelled
D005178,O005178,,-3,
D005179,O005179,John,4,Cancelled
D005180,O005180,John,-1,Delivered
D005181,O005181,,-3,Cancelled
D005182,O005182,Amit,16,
D005183,O005183,,17,Cancelled
D005184,O005184,,0,Cancelled
D005185,O005185,,4,
D005186,O005186,Amit,2,Delivered
D005187,O005187,Amit,-2,Cancelled
D005188,O005188,,0,delivered
D005189,O005189,Kiran,7,delivered
D005190,O005190,Ravi,13,Delivered
D005191,O005191,John,4,Delivered
D005192,O005192,Ravi,6,
D005193,O005193,John,6,
D005194,O005194,Ravi,17,Cancelled
D005195,O005195,Amit,0,Delivered
D005196,O005196,,6,Cancelled
D005197,O005197,John,0,
D005198,O005198,,-3,Cancelled
D005199,O005199,,10,Cancelled
D005200,O005200,Amit,10,Cancelled
D005201,O005201,John,-5,Delivered
D005202,O005202,Kiran,-4,delivered
D005203,O005203,Amit,5,Delivered
D005204,O005204,,-3,Cancelled
D005205,O005205,John,5,
D005206,O005206,Amit,11,delivered
D005207,O005207,Amit,5,Cancelled
D005208,O005208,Kiran,8,Cancelled
D005209,O005209,Ravi,18,
D005210,O005210,John,10,Cancelled
D005211,O005211,John,19,Cancelled
D005212,O005212,John,17,delivered
D005213,O005213,John,1,Delivered
D005214,O005214,Ravi,-3,
D005215,O005215,Amit,19,
D005216,O005216,Amit,3,
D005217,O005217,Ravi,15,Delivered
D005218,O005218,Amit,1,Delivered
D005219,O005219,Ravi,7,delivered
D005220,O005220,Ravi,-5,delivered
D005221,O005221,Amit,16,
D005222,O005222,Amit,4,Delivered
D005223,O005223,Ravi,-5,delivered
D005224,O005224,Kiran,8,Cancelled
D005225,O005225,,0,Delivered
D005226,O005226,John,16,Cancelled
D005227,O005227,Ravi,17,delivered
D005228,O005228,Amit,17,Cancelled
D005229,O005229,Ravi,5,delivered
D005230,O005230,Amit,9,
D005231,O005231,Ravi,6,
D005232,O005232,Amit,13,
D005233,O005233,Kiran,1,Delivered
D005234,O005234,,12,Delivered
D005235,O005235,Amit,5,
D005236,O005236,Kiran,-4,Delivered
D005237,O005237,,11,delivered
D005238,O005238,Amit,8,Cancelled
D005239,O005239,John,12,delivered
D005240,O005240,Ravi,9,
D005241,O005241,Ravi,12,Cancelled
D005242,O005242,Ravi,3,delivered
D005243,O005243,Amit,13,Cancelled
D005244,O005244,John,9,Delivered
D005245,O005245,John,-5,Cancelled
D005246,O005246,John,6,Cancelled
D005247,O005247,,12,
D005248,O005248,Amit,4,Delivered
D005249,O005249,Kiran,18,delivered
D005250,O005250,,-4,
D005251,O005251,Amit,5,Cancelled
D005252,O005252,John,14,delivered
D005253,O005253,Amit,3,Cancelled
D005254,O005254,John,19,Cancelled
D005255,O005255,Kiran,17,delivered
D005256,O005256,John,11,Cancelled
D005257,O005257,,5,Cancelled
D005258,O005258,Amit,15,delivered
D005259,O005259,Ravi,15,delivered
D005260,O005260,John,12,
D005261,O005261,John,17,delivered
D005262,O005262,Ravi,7,
D005263,O005263,,11,delivered
D005264,O005264,Kiran,-5,
D005265,O005265,Kiran,4,
D005266,O005266,,-5,Cancelled
D005267,O005267,Amit,5,Delivered
D005268,O005268,Kiran,17,delivered
D005269,O005269,,8,delivered
D005270,O005270,John,14,Cancelled
D005271,O005271,Ravi,-2,Delivered
D005272,O005272,Amit,3,Delivered
D005273,O005273,Amit,14,delivered
D005274,O005274,John,2,delivered
D005275,O005275,Kiran,9,
D005276,O005276,Amit,-5,Delivered
D005277,O005277,Ravi,13,Delivered
D005278,O005278,John,10,
D005279,O005279,Amit,6,
D005280,O005280,John,11,delivered
D005281,O005281,Kiran,-5,Delivered
D005282,O005282,,13,Cancelled
D005283,O005283,John,14,
D005284,O005284,Kiran,8,Delivered
D005285,O005285,Amit,0,Delivered
D005286,O005286,Amit,13,Delivered
D005287,O005287,Kiran,18,Delivered
D005288,O005288,Amit,18,
D005289,O005289,Amit,13,Cancelled
D005290,O005290,Amit,13,Cancelled
D005291,O005291,Kiran,6,
D005292,O005292,Kiran,7,Delivered
D005293,O005293,John,0,
D005294,O005294,Ravi,11,
D005295,O005295,,-5,Delivered
D005296,O005296,Amit,5,
D005297,O005297,Ravi,-1,
D005298,O005298,Ravi,1,Delivered
D005299,O005299,Kiran,-5,Cancelled
D005300,O005300,Kiran,9,
D005301,O005301,Ravi,12,delivered
D005302,O005302,Kiran,5,Delivered
D005303,O005303,John,19,delivered
D005304,O005304,John,-5,
D005305,O005305,,13,Cancelled
D005306,O005306,,18,
D005307,O005307,,-4,Delivered
D005308,O005308,Amit,4,Cancelled
D005309,O005309,John,6,
D005310,O005310,Amit,1,Delivered
D005311,O005311,John,7,delivered
D005312,O005312,Ravi,-4,
D005313,O005313,Amit,13,delivered
D005314,O005314,,19,Delivered
D005315,O005315,John,14,Delivered
D005316,O005316,,17,delivered
D005317,O005317,Kiran,0,Cancelled
D005318,O005318,John,17,
D005319,O005319,John,1,Delivered
D005320,O005320,,-4,Cancelled
D005321,O005321,,11,Delivered
D005322,O005322,,16,Delivered
D005323,O005323,John,17,Delivered
D005324,O005324,Ravi,-4,delivered
D005325,O005325,Kiran,12,delivered
D005326,O005326,,3,Delivered
D005327,O005327,Ravi,5,
D005328,O005328,,8,Cancelled
D005329,O005329,John,-1,Delivered
D005330,O005330,Ravi,17,Cancelled
D005331,O005331,John,-5,Delivered
D005332,O005332,Amit,14,Cancelled
D005333,O005333,,-4,
D005334,O005334,Kiran,5,Cancelled
D005335,O005335,Ravi,8,Delivered
D005336,O005336,Amit,-1,
D005337,O005337,,-5,Delivered
D005338,O005338,Amit,4,Delivered
D005339,O005339,Ravi,17,delivered
D005340,O005340,Kiran,12,Cancelled
D005341,O005341,Ravi,13,Delivered
D005342,O005342,Kiran,-1,
D005343,O005343,John,3,
D005344,O005344,,7,
D005345,O005345,Amit,7,delivered
D005346,O005346,John,-2,Delivered
D005347,O005347,,18,
D005348,O005348,Amit,10,delivered
D005349,O005349,John,18,
D005350,O005350,,-2,delivered
D005351,O005351,,5,Cancelled
D005352,O005352,John,-2,Delivered
D005353,O005353,Ravi,-4,
D005354,O005354,Kiran,18,delivered
D005355,O005355,Kiran,11,Delivered
D005356,O005356,Ravi,6,Cancelled
D005357,O005357,,6,delivered
D005358,O005358,Amit,15,
D005359,O005359,Ravi,2,Delivered
D005360,O005360,,16,Cancelled
D005361,O005361,John,4,Cancelled
D005362,O005362,John,14,delivered
D005363,O005363,,19,Cancelled
D005364,O005364,John,13,
D005365,O005365,Kiran,19,delivered
D005366,O005366,Ravi,11,Cancelled
D005367,O005367,Kiran,-2,Delivered
D005368,O005368,,7,
D005369,O005369,Ravi,7,Delivered
D005370,O005370,John,13,Cancelled
D005371,O005371,Ravi,-4,
D005372,O005372,Ravi,7,Delivered
D005373,O005373,John,10,Cancelled
D005374,O005374,Amit,7,
D005375,O005375,John,-2,
D005376,O005376,Kiran,14,
D005377,O005377,Amit,3,Cancelled
D005378,O005378,Kiran,6,Cancelled
D005379,O005379,,0,
D005380,O005380,Kiran,0,
D005381,O005381,Ravi,0,
D005382,O005382,,7,Cancelled
D005383,O005383,Amit,16,delivered
D005384,O005384,Kiran,18,Delivered
D005385,O005385,,-2,Delivered
D005386,O005386,Kiran,11,Delivered
D005387,O005387,Ravi,-3,delivered
D005388,O005388,Ravi,2,Cancelled
D005389,O005389,Amit,-5,
D005390,O005390,John,15,
D005391,O005391,John,12,delivered
D005392,O005392,Ravi,14,Delivered
D005393,O005393,,13,Cancelled
D005394,O005394,Amit,-5,Cancelled
D005395,O005395,Kiran,-1,Cancelled
D005396,O005396,Kiran,19,
D005397,O005397,,13,Delivered
D005398,O005398,John,-5,Delivered
D005399,O005399,Ravi,11,delivered
D005400,O005400,Ravi,-5,Delivered
D005401,O005401,Amit,-2,
D005402,O005402,Ravi,-1,
D005403,O005403,John,2,Cancelled
D005404,O005404,John,9,Cancelled
D005405,O005405,,7,Delivered
D005406,O005406,Amit,1,Cancelled
D005407,O005407,Amit,8,Cancelled
D005408,O005408,Ravi,-2,delivered
D005409,O005409,Kiran,12,Cancelled
D005410,O005410,Amit,12,Cancelled
D005411,O005411,Ravi,-4,Delivered
D005412,O005412,Kiran,11,Delivered
D005413,O005413,Ravi,10,Cancelled
D005414,O005414,,0,delivered
D005415,O005415,Amit,14,
D005416,O005416,Ravi,8,
D005417,O005417,,13,
D005418,O005418,Ravi,-5,delivered
D005419,O005419,John,6,Cancelled
D005420,O005420,Ravi,17,
D005421,O005421,John,10,Cancelled
D005422,O005422,Amit,3,Cancelled
D005423,O005423,Ravi,14,Cancelled
D005424,O005424,,10,
D005425,O005425,Amit,7,delivered
D005426,O005426,Amit,-5,delivered
D005427,O005427,John,-3,delivered
D005428,O005428,Amit,9,delivered
D005429,O005429,Ravi,10,Cancelled
D005430,O005430,Ravi,19,
D005431,O005431,John,8,delivered
D005432,O005432,Ravi,-5,delivered
D005433,O005433,John,-5,delivered
D005434,O005434,Kiran,-1,Delivered
D005435,O005435,John,-1,Cancelled
D005436,O005436,,2,delivered
D005437,O005437,,-5,Cancelled
D005438,O005438,Ravi,18,Cancelled
D005439,O005439,Kiran,12,Cancelled
D005440,O005440,,-5,Delivered
D005441,O005441,,8,Delivered
D005442,O005442,,5,delivered
D005443,O005443,Ravi,18,Cancelled
D005444,O005444,Amit,4,Delivered
D005445,O005445,Amit,12,
D005446,O005446,Amit,15,
D005447,O005447,Ravi,4,Cancelled
D005448,O005448,Amit,16,
D005449,O005449,John,13,delivered
D005450,O005450,Ravi,7,
D005451,O005451,Ravi,3,
D005452,O005452,Kiran,3,
D005453,O005453,,2,Cancelled
D005454,O005454,Kiran,7,Delivered
D005455,O005455,Amit,1,
D005456,O005456,Ravi,15,
D005457,O005457,Ravi,-4,Cancelled
D005458,O005458,Amit,13,delivered
D005459,O005459,,15,delivered
D005460,O005460,Kiran,18,Delivered
D005461,O005461,,-5,Cancelled
D005462,O005462,Amit,5,Delivered
D005463,O005463,Kiran,-5,
D005464,O005464,Kiran,17,Delivered
D005465,O005465,,11,Delivered
D005466,O005466,,13,
D005467,O005467,Ravi,2,Delivered
D005468,O005468,Ravi,3,Delivered
D005469,O005469,,15,
D005470,O005470,Amit,9,
D005471,O005471,,16,
D005472,O005472,Ravi,2,Delivered
D005473,O005473,Kiran,-3,
D005474,O005474,Amit,11,Cancelled
D005475,O005475,Ravi,19,Delivered
D005476,O005476,Amit,12,
D005477,O005477,Amit,5,Delivered
D005478,O005478,Kiran,19,Cancelled
D005479,O005479,Ravi,5,
D005480,O005480,,-4,
D005481,O005481,Amit,18,delivered
D005482,O005482,Amit,10,Cancelled
D005483,O005483,Kiran,-3,Cancelled
D005484,O005484,Ravi,7,delivered
D005485,O005485,Amit,19,Cancelled
D005486,O005486,Amit,7,
D005487,O005487,John,14,delivered
D005488,O005488,John,18,Delivered
D005489,O005489,Amit,14,
D005490,O005490,Kiran,13,Cancelled
D005491,O005491,,11,delivered
D005492,O005492,John,14,Delivered
D005493,O005493,John,12,delivered
D005494,O005494,Ravi,19,
D005495,O005495,,8,
D005496,O005496,John,-4,delivered
D005497,O005497,,10,delivered
D005498,O005498,,2,Cancelled
D005499,O005499,Ravi,4,
D005500,O005500,Amit,10,Delivered
D005501,O005501,Amit,1,delivered
D005502,O005502,John,0,Delivered
D005503,O005503,Ravi,-2,delivered
D005504,O005504,John,-3,
D005505,O005505,John,5,delivered
D005506,O005506,Amit,4,Cancelled
D005507,O005507,Ravi,8,Delivered
D005508,O005508,,-1,delivered
D005509,O005509,Amit,-4,
D005510,O005510,John,7,delivered
D005511,O005511,John,12,Delivered
D005512,O005512,Kiran,18,
D005513,O005513,Ravi,-3,delivered
D005514,O005514,,17,Cancelled
D005515,O005515,,5,Cancelled
D005516,O005516,John,0,Cancelled
D005517,O005517,Kiran,18,
D005518,O005518,Kiran,-3,delivered
D005519,O005519,Ravi,-5,
D005520,O005520,John,0,Cancelled
D005521,O005521,John,0,
D005522,O005522,John,2,delivered
D005523,O005523,Ravi,-3,Cancelled
D005524,O005524,,7,
D005525,O005525,Amit,19,Delivered
D005526,O005526,Kiran,16,Cancelled
D005527,O005527,,11,Delivered
D005528,O005528,Amit,8,Cancelled
D005529,O005529,,-3,delivered
D005530,O005530,,-2,
D005531,O005531,,-3,Delivered
D005532,O005532,,16,Delivered
D005533,O005533,John,9,
D005534,O005534,,17,delivered
D005535,O005535,Amit,5,Delivered
D005536,O005536,Amit,-4,
D005537,O005537,Kiran,7,Delivered
D005538,O005538,Ravi,10,delivered
D005539,O005539,Amit,0,Delivered
D005540,O005540,Amit,9,Delivered
D005541,O005541,Amit,-2,delivered
D005542,O005542,Amit,9,Delivered
D005543,O005543,Ravi,11,
D005544,O005544,Ravi,6,delivered
D005545,O005545,,-4,Delivered
D005546,O005546,Amit,-1,delivered
D005547,O005547,Amit,6,Cancelled
D005548,O005548,Kiran,3,
D005549,O005549,Kiran,15,Delivered
D005550,O005550,Kiran,18,
D005551,O005551,Kiran,4,Delivered
D005552,O005552,,12,Cancelled
D005553,O005553,John,-1,Cancelled
D005554,O005554,Kiran,-5,
D005555,O005555,Kiran,-4,
D005556,O005556,Ravi,-3,delivered
D005557,O005557,Amit,2,Delivered
D005558,O005558,,6,Delivered
D005559,O005559,Amit,4,
D005560,O005560,John,13,delivered
D005561,O005561,,6,Cancelled
D005562,O005562,John,-2,Delivered
D005563,O005563,Amit,-2,Cancelled
D005564,O005564,Ravi,19,delivered
D005565,O005565,Kiran,-2,Delivered
D005566,O005566,Amit,3,delivered
D005567,O005567,,18,delivered
D005568,O005568,Kiran,14,Delivered
D005569,O005569,,-3,Cancelled
D005570,O005570,John,12,Cancelled
D005571,O005571,,18,delivered
D005572,O005572,Ravi,18,
D005573,O005573,John,-5,delivered
D005574,O005574,Amit,1,Cancelled
D005575,O005575,Kiran,2,delivered
D005576,O005576,Kiran,1,delivered
D005577,O005577,Ravi,6,Delivered
D005578,O005578,,-3,delivered
D005579,O005579,Amit,-2,
D005580,O005580,,-1,
D005581,O005581,,-5,
D005582,O005582,Ravi,4,
D005583,O005583,John,-3,delivered
D005584,O005584,John,0,
D005585,O005585,Ravi,-3,
D005586,O005586,Ravi,-1,Delivered
D005587,O005587,Ravi,14,Cancelled
D005588,O005588,,-4,Delivered
D005589,O005589,,14,
D005590,O005590,Amit,14,Cancelled
D005591,O005591,Ravi,5,Delivered
D005592,O005592,,13,delivered
D005593,O005593,John,18,Cancelled
D005594,O005594,Ravi,0,Delivered
D005595,O005595,John,-5,Delivered
D005596,O005596,Kiran,19,
D005597,O005597,Amit,13,Cancelled
D005598,O005598,Kiran,14,
D005599,O005599,Amit,4,Cancelled
D005600,O005600,Ravi,6,
D005601,O005601,Amit,17,Cancelled
D005602,O005602,,10,Cancelled
D005603,O005603,John,-1,Delivered
D005604,O005604,,-2,
D005605,O005605,Ravi,-4,Cancelled
D005606,O005606,Kiran,-1,Cancelled
D005607,O005607,John,8,Cancelled
D005608,O005608,Ravi,8,delivered
D005609,O005609,,7,Cancelled
D005610,O005610,,18,delivered
D005611,O005611,Amit,12,Cancelled
D005612,O005612,Amit,11,Cancelled
D005613,O005613,Kiran,16,Delivered
D005614,O005614,Amit,7,Delivered
D005615,O005615,Amit,11,Delivered
D005616,O005616,Amit,19,Delivered
D005617,O005617,Kiran,18,
D005618,O005618,Ravi,10,Cancelled
D005619,O005619,John,-2,delivered
D005620,O005620,Ravi,17,Cancelled
D005621,O005621,Ravi,10,Cancelled
D005622,O005622,Ravi,-2,Cancelled
D005623,O005623,,0,Delivered
D005624,O005624,John,10,Cancelled
D005625,O005625,John,4,Cancelled
D005626,O005626,,1,
D005627,O005627,,19,
D005628,O005628,Amit,-4,delivered
D005629,O005629,,4,
D005630,O005630,Kiran,10,Delivered
D005631,O005631,,2,
D005632,O005632,Amit,3,delivered
D005633,O005633,,7,delivered
D005634,O005634,Kiran,14,
D005635,O005635,,2,Cancelled
D005636,O005636,Ravi,8,delivered
D005637,O005637,John,4,
D005638,O005638,Kiran,15,
D005639,O005639,Kiran,3,
D005640,O005640,Kiran,-4,delivered
D005641,O005641,Ravi,6,Cancelled
D005642,O005642,Ravi,10,Delivered
D005643,O005643,John,-5,
D005644,O005644,Amit,7,Cancelled
D005645,O005645,John,9,Delivered
D005646,O005646,Kiran,4,
D005647,O005647,Kiran,16,delivered
D005648,O005648,Kiran,9,Delivered
D005649,O005649,John,14,Cancelled
D005650,O005650,Amit,0,Delivered
D005651,O005651,Amit,17,Cancelled
D005652,O005652,John,19,Cancelled
D005653,O005653,Kiran,11,Cancelled
D005654,O005654,John,-3,
D005655,O005655,John,-4,Delivered
D005656,O005656,,9,delivered
D005657,O005657,,15,
D005658,O005658,Ravi,2,delivered
D005659,O005659,Ravi,10,delivered
D005660,O005660,John,6,Delivered
D005661,O005661,,15,
D005662,O005662,Kiran,18,Delivered
D005663,O005663,Ravi,13,
D005664,O005664,Kiran,6,
D005665,O005665,Kiran,7,Delivered
D005666,O005666,Ravi,-5,
D005667,O005667,John,7,Delivered
D005668,O005668,,-2,Cancelled
D005669,O005669,Ravi,13,Cancelled
D005670,O005670,Amit,7,delivered
D005671,O005671,Amit,10,Delivered
D005672,O005672,Kiran,2,delivered
D005673,O005673,Amit,2,
D005674,O005674,Kiran,18,Cancelled
D005675,O005675,,13,Delivered
D005676,O005676,Ravi,18,delivered
D005677,O005677,Ravi,16,
D005678,O005678,,2,
D005679,O005679,Kiran,3,Delivered
D005680,O005680,John,11,
D005681,O005681,Amit,-5,delivered
D005682,O005682,,6,Delivered
D005683,O005683,Amit,14,delivered
D005684,O005684,John,-5,Delivered
D005685,O005685,Kiran,19,delivered
D005686,O005686,Amit,3,
D005687,O005687,Kiran,17,Cancelled
D005688,O005688,John,12,
D005689,O005689,Kiran,14,
D005690,O005690,John,14,delivered
D005691,O005691,Ravi,4,delivered
D005692,O005692,Amit,15,Cancelled
D005693,O005693,Amit,6,Cancelled
D005694,O005694,John,-1,delivered
D005695,O005695,John,18,
D005696,O005696,,13,Delivered
D005697,O005697,John,1,Cancelled
D005698,O005698,John,11,
D005699,O005699,Kiran,-5,Delivered
D005700,O005700,Kiran,13,
D005701,O005701,Amit,11,Cancelled
D005702,O005702,Kiran,-5,delivered
D005703,O005703,Kiran,10,delivered
D005704,O005704,Amit,13,Cancelled
D005705,O005705,Ravi,3,delivered
D005706,O005706,,15,Delivered
D005707,O005707,Kiran,-2,
D005708,O005708,Ravi,1,delivered
D005709,O005709,,-4,delivered
D005710,O005710,Amit,16,delivered
D005711,O005711,Kiran,8,Cancelled
D005712,O005712,Kiran,-5,Cancelled
D005713,O005713,John,-2,delivered
D005714,O005714,Kiran,16,Cancelled
D005715,O005715,Kiran,14,
D005716,O005716,Ravi,17,Delivered
D005717,O005717,Ravi,13,
D005718,O005718,Kiran,7,
D005719,O005719,,-3,Delivered
D005720,O005720,Amit,4,Delivered
D005721,O005721,Ravi,2,
D005722,O005722,,12,Delivered
D005723,O005723,Kiran,11,
D005724,O005724,John,-1,delivered
D005725,O005725,Ravi,1,Cancelled
D005726,O005726,Ravi,14,Delivered
D005727,O005727,John,18,delivered
D005728,O005728,Kiran,11,Delivered
D005729,O005729,Ravi,15,Cancelled
D005730,O005730,Kiran,-4,Cancelled
D005731,O005731,,5,Cancelled
D005732,O005732,Ravi,-3,Delivered
D005733,O005733,Kiran,9,
D005734,O005734,,16,Delivered
D005735,O005735,Ravi,5,Delivered
D005736,O005736,Amit,-4,delivered
D005737,O005737,Kiran,2,delivered
D005738,O005738,,9,
D005739,O005739,Amit,-2,Cancelled
D005740,O005740,Kiran,17,Cancelled
D005741,O005741,Ravi,-1,Delivered
D005742,O005742,Kiran,17,Cancelled
D005743,O005743,,1,
D005744,O005744,Ravi,-4,Cancelled
D005745,O005745,Ravi,5,delivered
D005746,O005746,Ravi,16,Cancelled
D005747,O005747,John,6,Delivered
D005748,O005748,,2,delivered
D005749,O005749,Amit,8,
D005750,O005750,Ravi,2,Delivered
D005751,O005751,,3,Delivered
D005752,O005752,John,-1,delivered
D005753,O005753,John,7,Delivered
D005754,O005754,Ravi,4,Cancelled
D005755,O005755,,-3,Cancelled
D005756,O005756,John,5,delivered
D005757,O005757,Ravi,-1,Cancelled
D005758,O005758,Kiran,16,Delivered
D005759,O005759,Kiran,19,delivered
D005760,O005760,Kiran,19,delivered
D005761,O005761,Amit,-2,
D005762,O005762,,-1,Delivered
D005763,O005763,Kiran,2,Delivered
D005764,O005764,John,3,
D005765,O005765,Amit,9,
D005766,O005766,Kiran,-5,Delivered
D005767,O005767,Ravi,13,
D005768,O005768,John,6,delivered
D005769,O005769,Amit,7,delivered
D005770,O005770,Amit,-2,Delivered
D005771,O005771,John,10,delivered
D005772,O005772,Kiran,19,Delivered
D005773,O005773,Ravi,6,
D005774,O005774,Ravi,9,Cancelled
D005775,O005775,Ravi,-5,delivered
D005776,O005776,Amit,8,delivered
D005777,O005777,Kiran,9,
D005778,O005778,John,2,delivered
D005779,O005779,,-4,Delivered
D005780,O005780,Ravi,10,delivered
D005781,O005781,John,11,
D005782,O005782,John,5,Delivered
D005783,O005783,Ravi,17,delivered
D005784,O005784,,14,delivered
D005785,O005785,Amit,-4,delivered
D005786,O005786,Amit,14,delivered
D005787,O005787,Kiran,4,Cancelled
D005788,O005788,Amit,12,Cancelled
D005789,O005789,John,-2,
D005790,O005790,Amit,12,Cancelled
D005791,O005791,Kiran,6,
D005792,O005792,John,1,Delivered
D005793,O005793,John,13,Cancelled
D005794,O005794,,1,Delivered
D005795,O005795,Ravi,-4,Cancelled
D005796,O005796,Ravi,8,
D005797,O005797,Ravi,-2,Delivered
D005798,O005798,Kiran,5,delivered
D005799,O005799,Amit,17,delivered
D005800,O005800,Ravi,8,Cancelled
D005801,O005801,Amit,0,Delivered
D005802,O005802,Ravi,-3,
D005803,O005803,,18,
D005804,O005804,Amit,19,delivered
D005805,O005805,Kiran,10,delivered
D005806,O005806,Kiran,14,Cancelled
D005807,O005807,Amit,10,
D005808,O005808,Kiran,19,Delivered
D005809,O005809,John,-3,delivered
D005810,O005810,Kiran,10,Delivered
D005811,O005811,,12,
D005812,O005812,,2,Delivered
D005813,O005813,Amit,4,
D005814,O005814,Kiran,16,
D005815,O005815,Amit,18,Delivered
D005816,O005816,Ravi,-3,Delivered
D005817,O005817,John,8,Delivered
D005818,O005818,Amit,9,
D005819,O005819,Amit,18,Cancelled
D005820,O005820,Amit,-4,
D005821,O005821,Amit,10,
D005822,O005822,,7,Cancelled
D005823,O005823,John,17,delivered
D005824,O005824,Ravi,9,Delivered
D005825,O005825,John,8,Delivered
D005826,O005826,Amit,12,delivered
D005827,O005827,,10,Delivered
D005828,O005828,Ravi,6,
D005829,O005829,Amit,8,delivered
D005830,O005830,Amit,9,Cancelled
D005831,O005831,Kiran,-4,
D005832,O005832,John,-1,
D005833,O005833,John,7,
D005834,O005834,John,19,
D005835,O005835,Kiran,12,Delivered
D005836,O005836,,7,
D005837,O005837,,3,Delivered
D005838,O005838,,18,Delivered
D005839,O005839,Ravi,4,Delivered
D005840,O005840,Kiran,14,Delivered
D005841,O005841,Kiran,-1,Cancelled
D005842,O005842,,0,Delivered
D005843,O005843,,3,Delivered
D005844,O005844,,16,delivered
D005845,O005845,Kiran,16,Cancelled
D005846,O005846,,5,
D005847,O005847,John,9,Delivered
D005848,O005848,,0,Delivered
D005849,O005849,John,11,Cancelled
D005850,O005850,Amit,-5,delivered
D005851,O005851,Amit,3,
D005852,O005852,Kiran,12,
D005853,O005853,Ravi,15,Cancelled
D005854,O005854,Amit,19,Cancelled
D005855,O005855,Kiran,0,delivered
D005856,O005856,Kiran,19,Cancelled
D005857,O005857,John,8,delivered
D005858,O005858,John,-4,delivered
D005859,O005859,,4,Delivered
D005860,O005860,Amit,-5,
D005861,O005861,John,12,
D005862,O005862,Ravi,-4,Delivered
D005863,O005863,Kiran,15,
D005864,O005864,,-5,Cancelled
D005865,O005865,John,9,Delivered
D005866,O005866,John,5,delivered
D005867,O005867,John,-4,delivered
D005868,O005868,Amit,9,Cancelled
D005869,O005869,John,15,
D005870,O005870,Kiran,8,Cancelled
D005871,O005871,John,-1,Delivered
D005872,O005872,Ravi,17,Cancelled
D005873,O005873,John,-2,Cancelled
D005874,O005874,,16,Cancelled
D005875,O005875,,16,delivered
D005876,O005876,Ravi,3,Delivered
D005877,O005877,,7,
D005878,O005878,Amit,-3,delivered
D005879,O005879,Kiran,19,delivered
D005880,O005880,Kiran,5,Cancelled
D005881,O005881,Amit,8,delivered
D005882,O005882,,3,Delivered
D005883,O005883,Ravi,7,Delivered
D005884,O005884,Ravi,-4,
D005885,O005885,Kiran,12,Delivered
D005886,O005886,Ravi,1,delivered
D005887,O005887,Amit,18,
D005888,O005888,Kiran,-3,delivered
D005889,O005889,John,1,delivered
D005890,O005890,Amit,1,Delivered
D005891,O005891,Amit,17,Delivered
D005892,O005892,Ravi,-4,
D005893,O005893,Ravi,2,Delivered
D005894,O005894,Ravi,5,delivered
D005895,O005895,John,10,
D005896,O005896,Amit,2,
D005897,O005897,,8,
D005898,O005898,Kiran,-1,Delivered
D005899,O005899,Ravi,17,
D005900,O005900,Ravi,1,Delivered
D005901,O005901,Amit,4,Cancelled
D005902,O005902,John,14,
D005903,O005903,Ravi,15,delivered
D005904,O005904,John,0,delivered
D005905,O005905,John,0,
D005906,O005906,,4,Delivered
D005907,O005907,John,3,Cancelled
D005908,O005908,,-3,Cancelled
D005909,O005909,Kiran,-1,Delivered
D005910,O005910,John,11,
D005911,O005911,Kiran,-5,Cancelled
D005912,O005912,John,4,Delivered
D005913,O005913,,-1,delivered
D005914,O005914,,-5,
D005915,O005915,Kiran,17,Cancelled
D005916,O005916,Amit,4,
D005917,O005917,Amit,18,
D005918,O005918,Amit,8,
D005919,O005919,John,10,
D005920,O005920,Amit,12,Cancelled
D005921,O005921,Kiran,13,Cancelled
D005922,O005922,Amit,8,Delivered
D005923,O005923,Kiran,4,delivered
D005924,O005924,Kiran,2,Cancelled
D005925,O005925,John,10,delivered
D005926,O005926,,5,delivered
D005927,O005927,John,11,Cancelled
D005928,O005928,John,7,delivered
D005929,O005929,Ravi,19,Delivered
D005930,O005930,Amit,-1,Delivered
D005931,O005931,Amit,9,Delivered
D005932,O005932,Kiran,10,delivered
D005933,O005933,,4,
D005934,O005934,Amit,11,
D005935,O005935,Amit,9,Delivered
D005936,O005936,,2,Cancelled
D005937,O005937,Amit,3,delivered
D005938,O005938,Ravi,3,Delivered
D005939,O005939,Amit,5,
D005940,O005940,Ravi,3,Delivered
D005941,O005941,John,16,Delivered
D005942,O005942,John,5,Delivered
D005943,O005943,Ravi,1,
D005944,O005944,Kiran,17,
D005945,O005945,Ravi,-2,Cancelled
D005946,O005946,Kiran,13,
D005947,O005947,,3,Delivered
D005948,O005948,,-3,
D005949,O005949,Ravi,13,Cancelled
D005950,O005950,Kiran,7,delivered
D005951,O005951,John,10,Cancelled
D005952,O005952,Ravi,-2,Delivered
D005953,O005953,Ravi,4,Delivered
D005954,O005954,Kiran,-3,delivered
D005955,O005955,,12,Cancelled
D005956,O005956,John,15,Delivered
D005957,O005957,Kiran,5,Cancelled
D005958,O005958,Kiran,11,
D005959,O005959,John,11,
D005960,O005960,Ravi,16,Delivered
D005961,O005961,Ravi,6,delivered
D005962,O005962,Amit,-2,
D005963,O005963,John,2,Cancelled
D005964,O005964,Kiran,-5,Delivered
D005965,O005965,Amit,15,delivered
D005966,O005966,Amit,5,Delivered
D005967,O005967,Amit,0,Delivered
D005968,O005968,Ravi,-1,delivered
D005969,O005969,,9,Cancelled
D005970,O005970,Amit,16,
D005971,O005971,Kiran,13,Cancelled
D005972,O005972,Ravi,19,delivered
D005973,O005973,,9,delivered
D005974,O005974,,1,
D005975,O005975,Amit,11,
D005976,O005976,Amit,15,delivered
D005977,O005977,Ravi,-5,delivered
D005978,O005978,Amit,8,
D005979,O005979,Ravi,13,
D005980,O005980,,16,Cancelled
D005981,O005981,Kiran,10,delivered
D005982,O005982,Kiran,-4,delivered
D005983,O005983,John,15,Cancelled
D005984,O005984,John,1,Delivered
D005985,O005985,John,6,
D005986,O005986,Kiran,3,
D005987,O005987,Amit,11,Delivered
D005988,O005988,Ravi,1,Cancelled
D005989,O005989,Kiran,8,Cancelled
D005990,O005990,John,18,Cancelled
D005991,O005991,John,13,Cancelled
D005992,O005992,Amit,-4,delivered
D005993,O005993,John,2,delivered
D005994,O005994,John,17,Cancelled
D005995,O005995,Ravi,-5,
D005996,O005996,Amit,-4,Delivered
D005997,O005997,,14,Delivered
D005998,O005998,,9,
D005999,O005999,John,9,Cancelled
D006000,O006000,John,13,Cancelled
D006001,O006001,Ravi,-4,Delivered
D006002,O006002,,-1,Delivered
D006003,O006003,Amit,16,delivered
D006004,O006004,Amit,16,Delivered
D006005,O006005,Kiran,17,Delivered
D006006,O006006,Kiran,6,Delivered
D006007,O006007,Amit,7,Delivered
D006008,O006008,Kiran,16,delivered
D006009,O006009,Ravi,16,delivered
D006010,O006010,John,10,delivered
D006011,O006011,Amit,2,
D006012,O006012,,-1,Delivered
D006013,O006013,,15,delivered
D006014,O006014,Amit,5,
D006015,O006015,Kiran,5,
D006016,O006016,Kiran,17,Cancelled
D006017,O006017,Amit,4,delivered
D006018,O006018,Amit,7,Delivered
D006019,O006019,Amit,5,Delivered
D006020,O006020,Ravi,17,Cancelled
D006021,O006021,,13,
D006022,O006022,Ravi,-5,delivered
D006023,O006023,Ravi,15,Cancelled
D006024,O006024,John,5,Delivered
D006025,O006025,Ravi,-2,
D006026,O006026,,-5,
D006027,O006027,Kiran,15,delivered
D006028,O006028,,0,delivered
D006029,O006029,Amit,17,delivered
D006030,O006030,Amit,10,Cancelled
D006031,O006031,Amit,4,Delivered
D006032,O006032,Ravi,5,delivered
D006033,O006033,John,10,Cancelled
D006034,O006034,Kiran,3,Cancelled
D006035,O006035,Ravi,6,delivered
D006036,O006036,Amit,14,Cancelled
D006037,O006037,,11,Delivered
D006038,O006038,Amit,14,delivered
D006039,O006039,,5,Cancelled
D006040,O006040,Kiran,17,Cancelled
D006041,O006041,Amit,-5,delivered
D006042,O006042,Kiran,19,Cancelled
D006043,O006043,Amit,0,Delivered
D006044,O006044,Amit,4,Cancelled
D006045,O006045,,2,
D006046,O006046,John,16,Delivered
D006047,O006047,,8,delivered
D006048,O006048,Ravi,17,delivered
D006049,O006049,Kiran,13,Cancelled
D006050,O006050,Kiran,18,
D006051,O006051,John,15,Delivered
D006052,O006052,Amit,1,Cancelled
D006053,O006053,Kiran,1,Delivered
D006054,O006054,John,0,delivered
D006055,O006055,Ravi,13,delivered
D006056,O006056,Kiran,5,
D006057,O006057,Ravi,-5,delivered
D006058,O006058,,0,
D006059,O006059,Kiran,7,delivered
D006060,O006060,Kiran,19,Delivered
D006061,O006061,Amit,12,Delivered
D006062,O006062,Ravi,-4,Cancelled
D006063,O006063,,11,Cancelled
D006064,O006064,John,11,Cancelled
D006065,O006065,,-4,Cancelled
D006066,O006066,Kiran,-5,Cancelled
D006067,O006067,Ravi,6,Cancelled
D006068,O006068,Kiran,6,
D006069,O006069,John,16,
D006070,O006070,John,-1,delivered
D006071,O006071,Kiran,18,
D006072,O006072,Kiran,10,Delivered
D006073,O006073,Kiran,10,
D006074,O006074,Ravi,7,Cancelled
D006075,O006075,Amit,1,
D006076,O006076,John,6,Delivered
D006077,O006077,Ravi,8,delivered
D006078,O006078,John,14,
D006079,O006079,Kiran,3,Delivered
D006080,O006080,John,5,
D006081,O006081,,5,delivered
D006082,O006082,John,14,
D006083,O006083,,19,Delivered
D006084,O006084,Ravi,14,delivered
D006085,O006085,Ravi,-4,delivered
D006086,O006086,,9,delivered
D006087,O006087,John,12,delivered
D006088,O006088,Ravi,16,Cancelled
D006089,O006089,John,16,Cancelled
D006090,O006090,Amit,17,
D006091,O006091,Amit,6,
D006092,O006092,,1,delivered
D006093,O006093,,6,Delivered
D006094,O006094,John,-3,Delivered
D006095,O006095,Amit,4,Cancelled
D006096,O006096,Amit,17,Delivered
D006097,O006097,,19,delivered
D006098,O006098,Kiran,3,
D006099,O006099,John,9,
D006100,O006100,John,1,delivered
D006101,O006101,Ravi,-2,Delivered
D006102,O006102,,8,Cancelled
D006103,O006103,Ravi,18,Cancelled
D006104,O006104,Kiran,12,
D006105,O006105,Ravi,18,Delivered
D006106,O006106,Kiran,6,Cancelled
D006107,O006107,Ravi,5,Delivered
D006108,O006108,,-3,Delivered
D006109,O006109,Kiran,-1,Cancelled
D006110,O006110,John,-3,
D006111,O006111,,16,Delivered
D006112,O006112,,0,Cancelled
D006113,O006113,Amit,18,delivered
D006114,O006114,John,-5,delivered
D006115,O006115,Ravi,-1,
D006116,O006116,,15,Cancelled
D006117,O006117,Ravi,8,Delivered
D006118,O006118,,3,delivered
D006119,O006119,John,4,Delivered
D006120,O006120,,14,delivered
D006121,O006121,Ravi,16,Cancelled
D006122,O006122,Ravi,5,Delivered
D006123,O006123,John,4,
D006124,O006124,Ravi,17,Cancelled
D006125,O006125,Kiran,-3,Delivered
D006126,O006126,,10,delivered
D006127,O006127,Kiran,16,Cancelled
D006128,O006128,Amit,8,
D006129,O006129,Amit,7,delivered
D006130,O006130,,7,Delivered
D006131,O006131,Ravi,-3,Delivered
D006132,O006132,John,16,Cancelled
D006133,O006133,Amit,11,
D006134,O006134,Ravi,3,delivered
D006135,O006135,John,16,Cancelled
D006136,O006136,,0,
D006137,O006137,Ravi,14,delivered
D006138,O006138,Kiran,8,
D006139,O006139,,15,
D006140,O006140,Amit,14,delivered
D006141,O006141,,16,Delivered
D006142,O006142,,17,Delivered
D006143,O006143,John,11,
D006144,O006144,Amit,8,
D006145,O006145,John,-3,Cancelled
D006146,O006146,,-4,Delivered
D006147,O006147,Ravi,-1,Delivered
D006148,O006148,Kiran,18,
D006149,O006149,Kiran,-1,Cancelled
D006150,O006150,John,3,Cancelled
D006151,O006151,Ravi,11,Cancelled
D006152,O006152,Kiran,5,delivered
D006153,O006153,Ravi,0,delivered
D006154,O006154,John,-3,delivered
D006155,O006155,Amit,9,Cancelled
D006156,O006156,Ravi,12,Delivered
D006157,O006157,Ravi,-2,delivered
D006158,O006158,Amit,13,
D006159,O006159,,19,
D006160,O006160,,8,
D006161,O006161,,19,Delivered
D006162,O006162,John,2,delivered
D006163,O006163,,17,Delivered
D006164,O006164,John,13,delivered
D006165,O006165,Amit,8,
D006166,O006166,Ravi,-3,
D006167,O006167,Kiran,7,Delivered
D006168,O006168,Kiran,17,delivered
D006169,O006169,John,-2,
D006170,O006170,John,18,delivered
D006171,O006171,Ravi,-5,delivered
D006172,O006172,Amit,11,Cancelled
D006173,O006173,Ravi,1,delivered
D006174,O006174,John,3,Delivered
D006175,O006175,Ravi,12,
D006176,O006176,John,15,Delivered
D006177,O006177,Kiran,-4,delivered
D006178,O006178,Ravi,6,Delivered
D006179,O006179,Amit,19,
D006180,O006180,Kiran,19,delivered
D006181,O006181,Amit,-5,Delivered
D006182,O006182,Amit,5,delivered
D006183,O006183,John,10,delivered
D006184,O006184,Amit,17,Delivered
D006185,O006185,,9,delivered
D006186,O006186,Amit,10,Delivered
D006187,O006187,Ravi,8,
D006188,O006188,John,-5,delivered
D006189,O006189,John,1,Delivered
D006190,O006190,,2,
D006191,O006191,John,10,Cancelled
D006192,O006192,John,-5,delivered
D006193,O006193,Kiran,13,
D006194,O006194,Kiran,-1,delivered
D006195,O006195,Kiran,17,delivered
D006196,O006196,,15,Cancelled
D006197,O006197,John,9,
D006198,O006198,John,-3,delivered
D006199,O006199,John,18,
D006200,O006200,Amit,16,Cancelled
D006201,O006201,John,-5,
D006202,O006202,John,1,Cancelled
D006203,O006203,Ravi,3,
D006204,O006204,Ravi,-5,Cancelled
D006205,O006205,John,17,
D006206,O006206,Amit,-4,Delivered
D006207,O006207,Amit,11,Delivered
D006208,O006208,,11,delivered
D006209,O006209,,-3,Cancelled
D006210,O006210,John,11,delivered
D006211,O006211,Kiran,4,Delivered
D006212,O006212,Amit,-4,delivered
D006213,O006213,Kiran,1,
D006214,O006214,,18,Cancelled
D006215,O006215,Amit,-3,Cancelled
D006216,O006216,Kiran,17,
D006217,O006217,John,6,Cancelled
D006218,O006218,Kiran,1,Cancelled
D006219,O006219,,4,delivered
D006220,O006220,Amit,-2,Cancelled
D006221,O006221,Amit,-5,Delivered
D006222,O006222,Amit,8,
D006223,O006223,John,-2,Cancelled
D006224,O006224,Amit,6,Delivered
D006225,O006225,Kiran,-5,
D006226,O006226,Ravi,8,delivered
D006227,O006227,Ravi,-2,delivered
D006228,O006228,John,15,delivered
D006229,O006229,Kiran,19,delivered
D006230,O006230,John,1,Delivered
D006231,O006231,Ravi,19,Delivered
D006232,O006232,Amit,3,Cancelled
D006233,O006233,Ravi,8,Cancelled
D006234,O006234,Ravi,18,delivered
D006235,O006235,Ravi,12,
D006236,O006236,John,-1,
D006237,O006237,,14,delivered
D006238,O006238,John,11,Delivered
D006239,O006239,,0,Delivered
D006240,O006240,John,-1,delivered
D006241,O006241,Ravi,4,delivered
D006242,O006242,Amit,17,Delivered
D006243,O006243,Kiran,11,Delivered
D006244,O006244,,15,Delivered
D006245,O006245,John,13,delivered
D006246,O006246,Amit,-2,Delivered
D006247,O006247,Kiran,8,
D006248,O006248,Amit,14,Delivered
D006249,O006249,,8,Cancelled
D006250,O006250,,16,Delivered
D006251,O006251,Kiran,-2,Cancelled
D006252,O006252,Kiran,17,
D006253,O006253,,-3,Cancelled
D006254,O006254,,18,delivered
D006255,O006255,Ravi,-4,delivered
D006256,O006256,Kiran,12,delivered
D006257,O006257,Kiran,11,
D006258,O006258,,10,delivered
D006259,O006259,John,8,Delivered
D006260,O006260,Ravi,10,
D006261,O006261,John,10,
D006262,O006262,,0,Delivered
D006263,O006263,Ravi,0,Delivered
D006264,O006264,Ravi,0,Cancelled
D006265,O006265,,8,delivered
D006266,O006266,Amit,-5,Delivered
D006267,O006267,Amit,14,
D006268,O006268,Kiran,-5,
D006269,O006269,,12,Delivered
D006270,O006270,,2,delivered
D006271,O006271,John,2,Cancelled
D006272,O006272,,11,Cancelled
D006273,O006273,Amit,-5,delivered
D006274,O006274,,8,delivered
D006275,O006275,John,5,
D006276,O006276,Kiran,6,Delivered
D006277,O006277,Ravi,7,Cancelled
D006278,O006278,Kiran,7,delivered
D006279,O006279,John,-3,
D006280,O006280,,17,Cancelled
D006281,O006281,Amit,16,
D006282,O006282,,-3,
D006283,O006283,Ravi,18,Cancelled
D006284,O006284,Amit,8,
D006285,O006285,Kiran,2,Delivered
D006286,O006286,John,7,
D006287,O006287,Kiran,16,Delivered
D006288,O006288,Ravi,-5,delivered
D006289,O006289,Ravi,6,Cancelled
D006290,O006290,,18,
D006291,O006291,,-1,Delivered
D006292,O006292,,19,
D006293,O006293,Ravi,3,
D006294,O006294,Amit,-4,Delivered
D006295,O006295,Kiran,8,
D006296,O006296,Kiran,16,Cancelled
D006297,O006297,John,-2,Cancelled
D006298,O006298,John,17,Cancelled
D006299,O006299,Amit,16,Cancelled
D006300,O006300,,17,Delivered
D006301,O006301,,15,
D006302,O006302,Amit,3,Delivered
D006303,O006303,Kiran,11,
D006304,O006304,,6,delivered
D006305,O006305,Kiran,1,
D006306,O006306,Ravi,19,
D006307,O006307,John,2,Cancelled
D006308,O006308,,-5,
D006309,O006309,John,10,delivered
D006310,O006310,Amit,2,Delivered
D006311,O006311,Ravi,7,Cancelled
D006312,O006312,,13,delivered
D006313,O006313,,7,delivered
D006314,O006314,Kiran,4,delivered
D006315,O006315,John,6,Delivered
D006316,O006316,Ravi,16,Delivered
D006317,O006317,Kiran,19,delivered
D006318,O006318,Ravi,1,Delivered
D006319,O006319,Ravi,7,
D006320,O006320,Amit,15,
D006321,O006321,Amit,2,Delivered
D006322,O006322,Kiran,18,delivered
D006323,O006323,Kiran,0,delivered
D006324,O006324,Kiran,16,Cancelled
D006325,O006325,Ravi,3,delivered
D006326,O006326,,14,Cancelled
D006327,O006327,Amit,7,Cancelled
D006328,O006328,,13,delivered
D006329,O006329,John,18,Delivered
D006330,O006330,Amit,3,Cancelled
D006331,O006331,John,14,Cancelled
D006332,O006332,John,12,Cancelled
D006333,O006333,Kiran,16,Delivered
D006334,O006334,Ravi,19,Delivered
D006335,O006335,,12,Cancelled
D006336,O006336,John,19,Delivered
D006337,O006337,Kiran,15,Cancelled
D006338,O006338,Ravi,14,Cancelled
D006339,O006339,Amit,5,
D006340,O006340,John,2,Delivered
D006341,O006341,Kiran,-4,
D006342,O006342,Kiran,17,
D006343,O006343,Kiran,17,delivered
D006344,O006344,Amit,11,Cancelled
D006345,O006345,Ravi,4,Cancelled
D006346,O006346,,9,Cancelled
D006347,O006347,,18,Cancelled
D006348,O006348,John,-5,
D006349,O006349,Ravi,19,
D006350,O006350,John,-4,
D006351,O006351,,1,
D006352,O006352,Amit,-1,Cancelled
D006353,O006353,Ravi,7,Delivered
D006354,O006354,Ravi,-1,Delivered
D006355,O006355,John,15,Cancelled
D006356,O006356,John,19,Delivered
D006357,O006357,Amit,5,delivered
D006358,O006358,Ravi,4,delivered
D006359,O006359,,6,Delivered
D006360,O006360,,-4,Delivered
D006361,O006361,Kiran,19,
D006362,O006362,,6,Cancelled
D006363,O006363,Kiran,1,Cancelled
D006364,O006364,Kiran,13,delivered
D006365,O006365,John,13,Delivered
D006366,O006366,,-4,Delivered
D006367,O006367,Kiran,7,delivered
D006368,O006368,,-1,delivered
D006369,O006369,,10,
D006370,O006370,,13,
D006371,O006371,Amit,-4,Delivered
D006372,O006372,Kiran,6,delivered
D006373,O006373,,14,Delivered
D006374,O006374,John,19,delivered
D006375,O006375,Amit,-5,delivered
D006376,O006376,Kiran,3,delivered
D006377,O006377,Ravi,17,Cancelled
D006378,O006378,Kiran,-4,Cancelled
D006379,O006379,Amit,-4,Cancelled
D006380,O006380,John,15,
D006381,O006381,Amit,13,
D006382,O006382,,8,delivered
D006383,O006383,Amit,11,Cancelled
D006384,O006384,Ravi,18,delivered
D006385,O006385,Ravi,-1,Cancelled
D006386,O006386,,15,
D006387,O006387,,16,
D006388,O006388,Ravi,2,Delivered
D006389,O006389,John,14,delivered
D006390,O006390,Amit,7,
D006391,O006391,Ravi,13,Cancelled
D006392,O006392,,17,
D006393,O006393,,-5,Cancelled
D006394,O006394,John,12,delivered
D006395,O006395,Kiran,-3,delivered
D006396,O006396,,8,delivered
D006397,O006397,John,-1,
D006398,O006398,Ravi,4,
D006399,O006399,Kiran,-2,delivered
D006400,O006400,Ravi,6,
D006401,O006401,John,13,delivered
D006402,O006402,Ravi,-2,delivered
D006403,O006403,Amit,5,delivered
D006404,O006404,John,1,Delivered
D006405,O006405,Kiran,17,Cancelled
D006406,O006406,,-1,Delivered
D006407,O006407,Ravi,15,delivered
D006408,O006408,John,17,
D006409,O006409,Ravi,-2,
D006410,O006410,John,9,Delivered
D006411,O006411,John,11,delivered
D006412,O006412,Kiran,14,Cancelled
D006413,O006413,Ravi,19,Cancelled
D006414,O006414,Ravi,10,
D006415,O006415,John,10,Cancelled
D006416,O006416,Amit,4,Delivered
D006417,O006417,,10,
D006418,O006418,,8,Cancelled
D006419,O006419,Amit,9,delivered
D006420,O006420,Kiran,4,Cancelled
D006421,O006421,Amit,-4,Delivered
D006422,O006422,Amit,-5,Cancelled
D006423,O006423,Kiran,3,Cancelled
D006424,O006424,John,16,Delivered
D006425,O006425,Ravi,-4,Delivered
D006426,O006426,,1,Delivered
D006427,O006427,,14,delivered
D006428,O006428,,3,Cancelled
D006429,O006429,Amit,7,delivered
D006430,O006430,John,6,delivered
D006431,O006431,John,0,Delivered
D006432,O006432,Amit,1,
D006433,O006433,Kiran,13,delivered
D006434,O006434,Kiran,9,Cancelled
D006435,O006435,John,0,Delivered
D006436,O006436,Amit,11,delivered
D006437,O006437,,-1,Cancelled
D006438,O006438,Ravi,4,Cancelled
D006439,O006439,John,9,Cancelled
D006440,O006440,,-1,delivered
D006441,O006441,John,12,Delivered
D006442,O006442,Ravi,0,Delivered
D006443,O006443,Kiran,5,
D006444,O006444,John,-3,Cancelled
D006445,O006445,Amit,-2,Delivered
D006446,O006446,Kiran,-3,
D006447,O006447,Kiran,-5,
D006448,O006448,,11,Delivered
D006449,O006449,Amit,15,Delivered
D006450,O006450,John,8,Delivered
D006451,O006451,John,16,delivered
D006452,O006452,Amit,-1,Delivered
D006453,O006453,Kiran,8,Delivered
D006454,O006454,John,-2,delivered
D006455,O006455,John,0,Delivered
D006456,O006456,John,3,Delivered
D006457,O006457,Ravi,14,Delivered
D006458,O006458,Amit,8,Cancelled
D006459,O006459,Ravi,19,delivered
D006460,O006460,Ravi,4,Delivered
D006461,O006461,,17,delivered
D006462,O006462,John,7,
D006463,O006463,Ravi,8,
D006464,O006464,Amit,14,delivered
D006465,O006465,,-2,Delivered
D006466,O006466,,13,delivered
D006467,O006467,Kiran,1,Cancelled
D006468,O006468,Kiran,14,
D006469,O006469,,4,delivered
D006470,O006470,Amit,14,Delivered
D006471,O006471,Ravi,5,Delivered
D006472,O006472,Kiran,1,
D006473,O006473,Ravi,17,Cancelled
D006474,O006474,Amit,6,
D006475,O006475,Ravi,12,Delivered
D006476,O006476,,2,Cancelled
D006477,O006477,Kiran,17,delivered
D006478,O006478,Amit,10,
D006479,O006479,,9,delivered
D006480,O006480,Amit,-5,delivered
D006481,O006481,Kiran,9,Delivered
D006482,O006482,Ravi,4,Delivered
D006483,O006483,Amit,3,Cancelled
D006484,O006484,Kiran,18,delivered
D006485,O006485,,9,Cancelled
D006486,O006486,Kiran,11,Cancelled
D006487,O006487,Ravi,10,
D006488,O006488,Kiran,15,
D006489,O006489,,16,Delivered
D006490,O006490,,18,delivered
D006491,O006491,Amit,4,Cancelled
D006492,O006492,,17,delivered
D006493,O006493,John,10,Delivered
D006494,O006494,,-1,delivered
D006495,O006495,Ravi,-5,Cancelled
D006496,O006496,,-2,Cancelled
D006497,O006497,Amit,19,delivered
D006498,O006498,,2,delivered
D006499,O006499,Kiran,-4,delivered
D006500,O006500,Kiran,-4,Cancelled
D006501,O006501,Kiran,2,Cancelled
D006502,O006502,John,6,
D006503,O006503,Amit,7,Cancelled
D006504,O006504,Kiran,13,delivered
D006505,O006505,Kiran,-1,Cancelled
D006506,O006506,Kiran,19,delivered
D006507,O006507,Amit,12,Cancelled
D006508,O006508,Kiran,18,Cancelled
D006509,O006509,John,12,delivered
D006510,O006510,Kiran,-3,Delivered
D006511,O006511,Ravi,1,
D006512,O006512,John,17,Cancelled
D006513,O006513,Ravi,-1,Delivered
D006514,O006514,Kiran,-5,Cancelled
D006515,O006515,Kiran,12,Cancelled
D006516,O006516,Amit,1,Cancelled
D006517,O006517,Ravi,18,delivered
D006518,O006518,Ravi,16,Cancelled
D006519,O006519,,-3,Delivered
D006520,O006520,,13,Cancelled
D006521,O006521,,3,Cancelled
D006522,O006522,,-3,Cancelled
D006523,O006523,Ravi,16,delivered
D006524,O006524,Amit,-3,delivered
D006525,O006525,,7,Delivered
D006526,O006526,Ravi,7,delivered
D006527,O006527,Amit,13,Cancelled
D006528,O006528,Amit,19,delivered
D006529,O006529,,18,
D006530,O006530,Ravi,1,delivered
D006531,O006531,John,-3,Cancelled
D006532,O006532,Ravi,5,Cancelled
D006533,O006533,Amit,15,
D006534,O006534,Kiran,-5,delivered
D006535,O006535,,-4,Cancelled
D006536,O006536,Amit,3,delivered
D006537,O006537,John,-3,delivered
D006538,O006538,John,-1,Cancelled
D006539,O006539,John,-2,Delivered
D006540,O006540,John,2,delivered
D006541,O006541,Ravi,11,
D006542,O006542,Amit,16,Delivered
D006543,O006543,John,0,Delivered
D006544,O006544,Amit,18,delivered
D006545,O006545,Amit,11,
D006546,O006546,Kiran,14,delivered
D006547,O006547,Ravi,11,Cancelled
D006548,O006548,Kiran,8,Cancelled
D006549,O006549,,19,Delivered
D006550,O006550,,0,
D006551,O006551,,17,
D006552,O006552,Kiran,11,Delivered
D006553,O006553,Amit,-2,delivered
D006554,O006554,,17,delivered
D006555,O006555,,14,Cancelled
D006556,O006556,Kiran,8,delivered
D006557,O006557,Amit,15,delivered
D006558,O006558,,11,
D006559,O006559,Ravi,8,Delivered
D006560,O006560,,-3,delivered
D006561,O006561,Kiran,2,Delivered
D006562,O006562,Kiran,7,
D006563,O006563,Ravi,8,Delivered
D006564,O006564,Amit,6,Cancelled
D006565,O006565,Ravi,19,Cancelled
D006566,O006566,,2,Delivered
D006567,O006567,Kiran,5,delivered
D006568,O006568,Amit,14,delivered
D006569,O006569,,6,delivered
D006570,O006570,Ravi,-5,
D006571,O006571,,14,Delivered
D006572,O006572,Ravi,16,Cancelled
D006573,O006573,John,-4,delivered
D006574,O006574,John,17,Delivered
D006575,O006575,Kiran,13,
D006576,O006576,Amit,18,Cancelled
D006577,O006577,Kiran,-2,
D006578,O006578,,19,delivered
D006579,O006579,John,6,Delivered
D006580,O006580,Kiran,-5,Delivered
D006581,O006581,Ravi,4,
D006582,O006582,Amit,-5,Cancelled
D006583,O006583,John,-1,Cancelled
D006584,O006584,Amit,19,
D006585,O006585,Amit,16,delivered
D006586,O006586,John,5,Cancelled
D006587,O006587,Ravi,-4,Delivered
D006588,O006588,Ravi,3,
D006589,O006589,Ravi,6,delivered
D006590,O006590,Amit,1,Delivered
D006591,O006591,Ravi,10,Delivered
D006592,O006592,,15,Delivered
D006593,O006593,,1,Delivered
D006594,O006594,Ravi,3,delivered
D006595,O006595,Ravi,18,Delivered
D006596,O006596,John,2,
D006597,O006597,John,3,
D006598,O006598,Kiran,13,
D006599,O006599,Amit,11,Cancelled
D006600,O006600,Amit,6,
D006601,O006601,John,6,
D006602,O006602,,-2,Delivered
D006603,O006603,Kiran,3,Delivered
D006604,O006604,John,4,delivered
D006605,O006605,Kiran,11,delivered
D006606,O006606,Amit,4,
D006607,O006607,Amit,6,
D006608,O006608,Amit,11,delivered
D006609,O006609,,0,Cancelled
D006610,O006610,John,-2,
D006611,O006611,Kiran,10,
D006612,O006612,John,11,Delivered
D006613,O006613,Amit,10,Delivered
D006614,O006614,Amit,-2,
D006615,O006615,John,0,Cancelled
D006616,O006616,Ravi,2,Cancelled
D006617,O006617,Ravi,3,delivered
D006618,O006618,John,0,Cancelled
D006619,O006619,Amit,8,Cancelled
D006620,O006620,Kiran,7,delivered
D006621,O006621,Ravi,12,Cancelled
D006622,O006622,John,16,delivered
D006623,O006623,,11,Delivered
D006624,O006624,John,11,delivered
D006625,O006625,Amit,11,
D006626,O006626,John,16,Cancelled
D006627,O006627,Ravi,9,Cancelled
D006628,O006628,Ravi,9,delivered
D006629,O006629,John,5,
D006630,O006630,Kiran,1,Cancelled
D006631,O006631,John,11,Delivered
D006632,O006632,Kiran,6,delivered
D006633,O006633,Ravi,13,
D006634,O006634,,13,delivered
D006635,O006635,Kiran,1,Cancelled
D006636,O006636,John,14,Cancelled
D006637,O006637,Amit,3,Cancelled
D006638,O006638,Amit,19,delivered
D006639,O006639,John,-2,
D006640,O006640,Ravi,13,delivered
D006641,O006641,Ravi,7,Cancelled
D006642,O006642,Ravi,16,delivered
D006643,O006643,John,9,Delivered
D006644,O006644,Amit,3,
D006645,O006645,,4,Cancelled
D006646,O006646,Amit,2,delivered
D006647,O006647,Ravi,1,Delivered
D006648,O006648,John,1,Cancelled
D006649,O006649,John,15,delivered
D006650,O006650,,3,Cancelled
D006651,O006651,Amit,12,
D006652,O006652,Ravi,7,Cancelled
D006653,O006653,,10,Cancelled
D006654,O006654,Ravi,15,
D006655,O006655,Amit,-1,delivered
D006656,O006656,,-1,Delivered
D006657,O006657,Ravi,2,Delivered
D006658,O006658,Kiran,9,
D006659,O006659,John,7,Cancelled
D006660,O006660,Amit,-5,delivered
D006661,O006661,John,6,delivered
D006662,O006662,Ravi,9,
D006663,O006663,,-2,delivered
D006664,O006664,Ravi,11,Delivered
D006665,O006665,Kiran,15,delivered
D006666,O006666,Kiran,17,Cancelled
D006667,O006667,Amit,-4,delivered
D006668,O006668,John,12,
D006669,O006669,Ravi,6,
D006670,O006670,Kiran,17,Delivered
D006671,O006671,,-4,Delivered
D006672,O006672,Ravi,6,Delivered
D006673,O006673,Amit,12,Delivered
D006674,O006674,,10,delivered
D006675,O006675,John,16,delivered
D006676,O006676,Amit,-1,
D006677,O006677,John,11,
D006678,O006678,John,5,Delivered
D006679,O006679,Kiran,1,delivered
D006680,O006680,John,12,Cancelled
D006681,O006681,,-4,Delivered
D006682,O006682,,-3,Delivered
D006683,O006683,,3,delivered
D006684,O006684,Ravi,-5,Cancelled
D006685,O006685,Kiran,18,Delivered
D006686,O006686,Kiran,12,Cancelled
D006687,O006687,,9,
D006688,O006688,Ravi,5,
D006689,O006689,John,19,Delivered
D006690,O006690,John,-1,delivered
D006691,O006691,John,3,Delivered
D006692,O006692,Kiran,8,delivered
D006693,O006693,John,6,Cancelled
D006694,O006694,Ravi,4,delivered
D006695,O006695,Ravi,3,delivered
D006696,O006696,John,15,Delivered
D006697,O006697,Kiran,-4,Delivered
D006698,O006698,Amit,3,
D006699,O006699,,9,Cancelled
D006700,O006700,John,18,
D006701,O006701,John,13,Cancelled
D006702,O006702,,10,
D006703,O006703,Amit,-5,Cancelled
D006704,O006704,John,15,delivered
D006705,O006705,John,12,delivered
D006706,O006706,Amit,19,
D006707,O006707,,-1,
D006708,O006708,Ravi,1,
D006709,O006709,John,-5,Delivered
D006710,O006710,John,11,Cancelled
D006711,O006711,Kiran,9,
D006712,O006712,Amit,2,Delivered
D006713,O006713,John,8,
D006714,O006714,Kiran,2,Delivered
D006715,O006715,Ravi,10,
D006716,O006716,Amit,6,delivered
D006717,O006717,Ravi,18,Delivered
D006718,O006718,Kiran,1,delivered
D006719,O006719,,-1,Delivered
D006720,O006720,Amit,-5,Cancelled
D006721,O006721,,18,Cancelled
D006722,O006722,Kiran,5,Delivered
D006723,O006723,Amit,17,
D006724,O006724,John,6,Delivered
D006725,O006725,Kiran,8,Cancelled
D006726,O006726,Kiran,6,Cancelled
D006727,O006727,Ravi,6,delivered
D006728,O006728,,-3,Cancelled
D006729,O006729,Amit,1,
D006730,O006730,Amit,15,delivered
D006731,O006731,John,4,Cancelled
D006732,O006732,Amit,4,Delivered
D006733,O006733,John,-2,Delivered
D006734,O006734,Amit,11,Cancelled
D006735,O006735,Ravi,4,
D006736,O006736,Kiran,-4,Delivered
D006737,O006737,Amit,12,delivered
D006738,O006738,Kiran,-4,
D006739,O006739,,3,delivered
D006740,O006740,Kiran,16,delivered
D006741,O006741,,7,Cancelled
D006742,O006742,Amit,-1,delivered
D006743,O006743,Ravi,14,Delivered
D006744,O006744,Ravi,3,
D006745,O006745,Kiran,9,delivered
D006746,O006746,Ravi,19,Cancelled
D006747,O006747,,17,delivered
D006748,O006748,Ravi,15,Delivered
D006749,O006749,Ravi,16,
D006750,O006750,Ravi,13,Delivered
D006751,O006751,John,12,Cancelled
D006752,O006752,John,4,delivered
D006753,O006753,Kiran,4,Delivered
D006754,O006754,Amit,-2,Cancelled
D006755,O006755,Amit,-3,Cancelled
D006756,O006756,,14,Cancelled
D006757,O006757,,5,Cancelled
D006758,O006758,Kiran,11,
D006759,O006759,John,-5,Cancelled
D006760,O006760,Ravi,16,Cancelled
D006761,O006761,John,5,Delivered
D006762,O006762,John,-2,delivered
D006763,O006763,Kiran,10,Cancelled
D006764,O006764,John,-4,delivered
D006765,O006765,Amit,-3,
D006766,O006766,John,18,Cancelled
D006767,O006767,Amit,0,Delivered
D006768,O006768,,12,Delivered
D006769,O006769,,17,delivered
D006770,O006770,Kiran,12,
D006771,O006771,Ravi,-5,
D006772,O006772,John,-1,Cancelled
D006773,O006773,Ravi,6,delivered
D006774,O006774,Amit,19,Cancelled
D006775,O006775,Ravi,-1,
D006776,O006776,John,-5,Cancelled
D006777,O006777,Ravi,12,Cancelled
D006778,O006778,Ravi,14,Cancelled
D006779,O006779,Ravi,-1,Cancelled
D006780,O006780,Kiran,12,Cancelled
D006781,O006781,Ravi,-3,Delivered
D006782,O006782,John,16,Delivered
D006783,O006783,John,16,Cancelled
D006784,O006784,Ravi,-5,
D006785,O006785,Kiran,4,delivered
D006786,O006786,Amit,18,delivered
D006787,O006787,Ravi,16,
D006788,O006788,Kiran,13,Delivered
D006789,O006789,,12,delivered
D006790,O006790,John,9,
D006791,O006791,,19,Cancelled
D006792,O006792,John,5,
D006793,O006793,Amit,18,Cancelled
D006794,O006794,Kiran,-3,Cancelled
D006795,O006795,Amit,1,Cancelled
D006796,O006796,,1,Cancelled
D006797,O006797,Kiran,6,
D006798,O006798,,-5,delivered
D006799,O006799,Ravi,16,delivered
D006800,O006800,,-3,Cancelled
D006801,O006801,Amit,8,Cancelled
D006802,O006802,Amit,13,delivered
D006803,O006803,Ravi,15,
D006804,O006804,Kiran,16,delivered
D006805,O006805,,3,Cancelled
D006806,O006806,,7,delivered
D006807,O006807,,-1,Cancelled
D006808,O006808,Kiran,-3,
D006809,O006809,Amit,11,Delivered
D006810,O006810,Ravi,13,Cancelled
D006811,O006811,Kiran,-2,delivered
D006812,O006812,Ravi,4,Delivered
D006813,O006813,John,17,delivered
D006814,O006814,Ravi,-1,delivered
D006815,O006815,John,13,delivered
D006816,O006816,Ravi,3,Delivered
D006817,O006817,John,16,Cancelled
D006818,O006818,,15,Delivered
D006819,O006819,Kiran,10,Delivered
D006820,O006820,,17,Delivered
D006821,O006821,Amit,6,
D006822,O006822,Kiran,11,
D006823,O006823,,2,Delivered
D006824,O006824,Ravi,17,Delivered
D006825,O006825,Kiran,7,Cancelled
D006826,O006826,Ravi,15,
D006827,O006827,,16,Cancelled
D006828,O006828,Kiran,9,delivered
D006829,O006829,,3,delivered
D006830,O006830,Amit,-5,delivered
D006831,O006831,,9,
D006832,O006832,Amit,-3,delivered
D006833,O006833,,9,
D006834,O006834,Kiran,5,
D006835,O006835,Ravi,3,Cancelled
D006836,O006836,Kiran,13,delivered
D006837,O006837,,16,Cancelled
D006838,O006838,,12,delivered
D006839,O006839,,19,Delivered
D006840,O006840,John,15,Cancelled
D006841,O006841,Amit,18,
D006842,O006842,Ravi,12,Cancelled
D006843,O006843,Amit,18,delivered
D006844,O006844,,15,
D006845,O006845,,-3,
D006846,O006846,Amit,7,
D006847,O006847,Amit,0,delivered
D006848,O006848,Amit,0,Delivered
D006849,O006849,John,5,Delivered
D006850,O006850,Amit,18,Cancelled
D006851,O006851,,17,
D006852,O006852,Ravi,3,delivered
D006853,O006853,Kiran,11,Cancelled
D006854,O006854,Amit,18,delivered
D006855,O006855,Amit,11,Cancelled
D006856,O006856,Amit,3,Cancelled
D006857,O006857,Ravi,13,delivered
D006858,O006858,Amit,-3,delivered
D006859,O006859,Amit,8,Delivered
D006860,O006860,Amit,9,delivered
D006861,O006861,Ravi,13,Cancelled
D006862,O006862,Kiran,-5,
D006863,O006863,,17,delivered
D006864,O006864,Ravi,-2,delivered
D006865,O006865,Amit,9,
D006866,O006866,John,9,Delivered
D006867,O006867,Ravi,-3,
D006868,O006868,Amit,-1,
D006869,O006869,Amit,-5,delivered
D006870,O006870,,10,Delivered
D006871,O006871,Ravi,10,Delivered
D006872,O006872,Ravi,10,
D006873,O006873,,9,Cancelled
D006874,O006874,John,-1,Cancelled
D006875,O006875,John,-4,Cancelled
D006876,O006876,Kiran,2,delivered
D006877,O006877,Kiran,9,delivered
D006878,O006878,,3,Cancelled
D006879,O006879,Ravi,3,
D006880,O006880,Amit,-3,delivered
D006881,O006881,John,9,Delivered
D006882,O006882,Ravi,18,
D006883,O006883,Kiran,12,Cancelled
D006884,O006884,John,11,delivered
D006885,O006885,Amit,-5,delivered
D006886,O006886,Kiran,17,Delivered
D006887,O006887,Amit,5,Cancelled
D006888,O006888,Kiran,-5,Cancelled
D006889,O006889,Amit,0,delivered
D006890,O006890,John,18,Cancelled
D006891,O006891,,6,Delivered
D006892,O006892,Amit,14,
D006893,O006893,John,12,Cancelled
D006894,O006894,Ravi,8,Delivered
D006895,O006895,Ravi,7,delivered
D006896,O006896,Kiran,5,
D006897,O006897,,14,Delivered
D006898,O006898,Kiran,19,
D006899,O006899,Amit,12,
D006900,O006900,,15,delivered
D006901,O006901,Amit,12,delivered
D006902,O006902,John,11,Delivered
D006903,O006903,,19,Delivered
D006904,O006904,Ravi,-1,Delivered
D006905,O006905,John,0,
D006906,O006906,John,16,delivered
D006907,O006907,Amit,2,
D006908,O006908,Kiran,-2,Cancelled
D006909,O006909,Amit,-5,delivered
D006910,O006910,John,9,Delivered
D006911,O006911,,1,
D006912,O006912,Ravi,10,delivered
D006913,O006913,John,0,Delivered
D006914,O006914,Kiran,1,Delivered
D006915,O006915,Kiran,18,Cancelled
D006916,O006916,,15,delivered
D006917,O006917,Kiran,0,Delivered
D006918,O006918,,7,
D006919,O006919,Kiran,-4,delivered
D006920,O006920,Amit,-1,Cancelled
D006921,O006921,Ravi,-3,Delivered
D006922,O006922,Ravi,15,Delivered
D006923,O006923,John,3,delivered
D006924,O006924,John,-3,delivered
D006925,O006925,Amit,6,delivered
D006926,O006926,Amit,-3,Cancelled
D006927,O006927,Ravi,11,
D006928,O006928,John,9,Cancelled
D006929,O006929,John,11,Delivered
D006930,O006930,Ravi,1,delivered
D006931,O006931,,3,
D006932,O006932,Amit,12,Cancelled
D006933,O006933,John,-4,delivered
D006934,O006934,Ravi,11,delivered
D006935,O006935,Amit,15,Cancelled
D006936,O006936,Ravi,17,
D006937,O006937,,8,delivered
D006938,O006938,Kiran,11,Delivered
D006939,O006939,John,5,Delivered
D006940,O006940,Amit,18,delivered
D006941,O006941,Ravi,-5,Cancelled
D006942,O006942,Ravi,-5,
D006943,O006943,Amit,14,delivered
D006944,O006944,John,9,Delivered
D006945,O006945,John,-4,
D006946,O006946,Ravi,6,
D006947,O006947,John,7,delivered
D006948,O006948,Kiran,19,Cancelled
D006949,O006949,,4,Cancelled
D006950,O006950,,-4,Cancelled
D006951,O006951,Kiran,17,
D006952,O006952,John,-4,Cancelled
D006953,O006953,Ravi,11,Delivered
D006954,O006954,John,3,delivered
D006955,O006955,Amit,8,Delivered
D006956,O006956,Amit,5,Cancelled
D006957,O006957,John,14,delivered
D006958,O006958,Kiran,6,delivered
D006959,O006959,Amit,1,Cancelled
D006960,O006960,,-5,delivered
D006961,O006961,Ravi,18,Cancelled
D006962,O006962,Kiran,10,delivered
D006963,O006963,Amit,9,Cancelled
D006964,O006964,Ravi,7,Delivered
D006965,O006965,,0,delivered
D006966,O006966,Amit,-4,
D006967,O006967,Amit,3,Delivered
D006968,O006968,Ravi,-5,
D006969,O006969,Ravi,3,Delivered
D006970,O006970,John,4,Delivered
D006971,O006971,Amit,-4,Delivered
D006972,O006972,,16,
D006973,O006973,Ravi,19,Delivered
D006974,O006974,Kiran,13,delivered
D006975,O006975,Amit,8,delivered
D006976,O006976,Kiran,-3,delivered
D006977,O006977,Amit,10,Delivered
D006978,O006978,Ravi,13,Cancelled
D006979,O006979,John,3,Cancelled
D006980,O006980,Amit,-4,delivered
D006981,O006981,Ravi,-2,Delivered
D006982,O006982,Ravi,18,
D006983,O006983,Ravi,5,
D006984,O006984,Kiran,2,delivered
D006985,O006985,Ravi,10,Delivered
D006986,O006986,Kiran,-1,
D006987,O006987,,-4,
D006988,O006988,John,9,
D006989,O006989,Ravi,0,Cancelled
D006990,O006990,,2,Cancelled
D006991,O006991,Ravi,-4,
D006992,O006992,,-2,Delivered
D006993,O006993,Ravi,-2,
D006994,O006994,John,6,
D006995,O006995,Ravi,19,Cancelled
D006996,O006996,Kiran,-5,Delivered
D006997,O006997,Ravi,3,delivered
D006998,O006998,Amit,9,Delivered
D006999,O006999,Kiran,2,Delivered
D007000,O007000,,11,Cancelled
D007001,O007001,Ravi,9,Delivered
D007002,O007002,Ravi,4,Cancelled
D007003,O007003,Ravi,16,Delivered
D007004,O007004,Amit,7,Cancelled
D007005,O007005,John,5,Delivered
D007006,O007006,John,10,Delivered
D007007,O007007,Kiran,9,Delivered
D007008,O007008,Kiran,12,Delivered
D007009,O007009,Amit,6,delivered
D007010,O007010,Amit,-3,delivered
D007011,O007011,Amit,15,Cancelled
D007012,O007012,,18,delivered
D007013,O007013,Amit,16,
D007014,O007014,Amit,19,delivered
D007015,O007015,Amit,6,Cancelled
D007016,O007016,Amit,-5,
D007017,O007017,John,-1,delivered
D007018,O007018,Ravi,14,
D007019,O007019,Ravi,2,
D007020,O007020,John,-1,
D007021,O007021,Amit,19,Cancelled
D007022,O007022,,12,delivered
D007023,O007023,,2,Cancelled
D007024,O007024,Kiran,7,Cancelled
D007025,O007025,Ravi,11,delivered
D007026,O007026,Kiran,2,Cancelled
D007027,O007027,Amit,19,Delivered
D007028,O007028,Kiran,-3,delivered
D007029,O007029,Amit,12,Delivered
D007030,O007030,Kiran,6,delivered
D007031,O007031,John,7,delivered
D007032,O007032,Amit,15,Cancelled
D007033,O007033,,3,Cancelled
D007034,O007034,Amit,18,Cancelled
D007035,O007035,,10,
D007036,O007036,,-5,delivered
D007037,O007037,Kiran,-5,
D007038,O007038,Ravi,2,Cancelled
D007039,O007039,Ravi,-3,Delivered
D007040,O007040,Ravi,8,Delivered
D007041,O007041,,8,delivered
D007042,O007042,Ravi,11,
D007043,O007043,Amit,-5,delivered
D007044,O007044,Amit,-2,Cancelled
D007045,O007045,Amit,0,
D007046,O007046,,19,Delivered
D007047,O007047,,9,Cancelled
D007048,O007048,Ravi,15,Cancelled
D007049,O007049,Kiran,7,Cancelled
D007050,O007050,,17,
D007051,O007051,John,3,Cancelled
D007052,O007052,Amit,15,Delivered
D007053,O007053,Amit,1,Cancelled
D007054,O007054,Ravi,19,
D007055,O007055,Kiran,0,
D007056,O007056,Amit,3,Delivered
D007057,O007057,,0,
D007058,O007058,Kiran,5,Delivered
D007059,O007059,Amit,0,delivered
D007060,O007060,Ravi,-3,Cancelled
D007061,O007061,Ravi,15,delivered
D007062,O007062,Ravi,17,delivered
D007063,O007063,,12,delivered
D007064,O007064,Ravi,8,Delivered
D007065,O007065,John,0,Cancelled
D007066,O007066,,-4,delivered
D007067,O007067,John,19,Delivered
D007068,O007068,Ravi,4,
D007069,O007069,Kiran,13,delivered
D007070,O007070,,17,Delivered
D007071,O007071,John,1,Delivered
D007072,O007072,,-1,Delivered
D007073,O007073,John,9,Delivered
D007074,O007074,,4,Cancelled
D007075,O007075,Amit,-4,
D007076,O007076,John,15,Delivered
D007077,O007077,John,-4,delivered
D007078,O007078,,13,
D007079,O007079,Kiran,2,Cancelled
D007080,O007080,Amit,0,delivered
D007081,O007081,John,6,
D007082,O007082,Ravi,10,
D007083,O007083,Ravi,10,Cancelled
D007084,O007084,,9,delivered
D007085,O007085,Kiran,4,delivered
D007086,O007086,Amit,-2,Delivered
D007087,O007087,John,2,
D007088,O007088,Ravi,3,delivered
D007089,O007089,John,15,Cancelled
D007090,O007090,Ravi,11,delivered
D007091,O007091,,0,Delivered
D007092,O007092,,19,
D007093,O007093,John,16,Delivered
D007094,O007094,,10,Cancelled
D007095,O007095,Amit,16,delivered
D007096,O007096,,15,Delivered
D007097,O007097,Amit,1,Cancelled
D007098,O007098,,14,Cancelled
D007099,O007099,John,-2,Delivered
D007100,O007100,Amit,-2,Cancelled
D007101,O007101,Kiran,3,delivered
D007102,O007102,John,8,delivered
D007103,O007103,Amit,4,delivered
D007104,O007104,Ravi,13,Cancelled
D007105,O007105,Ravi,-3,Cancelled
D007106,O007106,Kiran,5,delivered
D007107,O007107,Ravi,13,delivered
D007108,O007108,John,-3,
D007109,O007109,Amit,7,Delivered
D007110,O007110,John,6,delivered
D007111,O007111,,7,Cancelled
D007112,O007112,,18,Delivered
D007113,O007113,Ravi,19,Cancelled
D007114,O007114,Kiran,18,Cancelled
D007115,O007115,Kiran,14,
D007116,O007116,,4,delivered
D007117,O007117,Kiran,17,
D007118,O007118,Kiran,14,Delivered
D007119,O007119,Ravi,4,Cancelled
D007120,O007120,John,-5,Cancelled
D007121,O007121,John,17,delivered
D007122,O007122,Amit,-3,Cancelled
D007123,O007123,John,8,Cancelled
D007124,O007124,John,15,
D007125,O007125,Ravi,10,delivered
D007126,O007126,Ravi,13,delivered
D007127,O007127,John,-5,delivered
D007128,O007128,Amit,3,Cancelled
D007129,O007129,John,-4,
D007130,O007130,John,12,Delivered
D007131,O007131,,0,Cancelled
D007132,O007132,Amit,11,
D007133,O007133,John,2,Delivered
D007134,O007134,Ravi,14,Cancelled
D007135,O007135,John,-3,Cancelled
D007136,O007136,Kiran,15,Delivered
D007137,O007137,,18,Cancelled
D007138,O007138,,-5,Cancelled
D007139,O007139,,15,Cancelled
D007140,O007140,Amit,19,
D007141,O007141,,12,
D007142,O007142,John,2,Cancelled
D007143,O007143,Amit,-4,
D007144,O007144,Kiran,17,Cancelled
D007145,O007145,Ravi,3,
D007146,O007146,,15,
D007147,O007147,John,5,
D007148,O007148,Amit,10,Delivered
D007149,O007149,John,3,Cancelled
D007150,O007150,,11,Delivered
D007151,O007151,Ravi,9,
D007152,O007152,Amit,1,
D007153,O007153,John,-2,Cancelled
D007154,O007154,Amit,17,delivered
D007155,O007155,,9,Cancelled
D007156,O007156,,11,delivered
D007157,O007157,Kiran,17,
D007158,O007158,Kiran,17,Delivered
D007159,O007159,,4,Cancelled
D007160,O007160,Amit,6,delivered
D007161,O007161,John,10,delivered
D007162,O007162,John,1,delivered
D007163,O007163,Amit,4,Cancelled
D007164,O007164,Ravi,-4,Cancelled
D007165,O007165,Amit,16,delivered
D007166,O007166,,6,Delivered
D007167,O007167,,13,delivered
D007168,O007168,Kiran,0,Delivered
D007169,O007169,John,15,Cancelled
D007170,O007170,Kiran,14,Cancelled
D007171,O007171,John,18,Cancelled
D007172,O007172,Amit,-4,
D007173,O007173,Ravi,17,Delivered
D007174,O007174,John,14,
D007175,O007175,Ravi,8,Cancelled
D007176,O007176,Ravi,1,delivered
D007177,O007177,Ravi,-1,delivered
D007178,O007178,Amit,15,
D007179,O007179,Ravi,3,delivered
D007180,O007180,Ravi,7,Cancelled
D007181,O007181,,9,
D007182,O007182,,-1,delivered
D007183,O007183,John,2,
D007184,O007184,,1,Delivered
D007185,O007185,John,6,
D007186,O007186,Ravi,14,Delivered
D007187,O007187,,18,Delivered
D007188,O007188,Kiran,17,Delivered
D007189,O007189,Amit,6,delivered
D007190,O007190,,14,Delivered
D007191,O007191,Amit,16,delivered
D007192,O007192,,8,Cancelled
D007193,O007193,,17,delivered
D007194,O007194,Kiran,10,
D007195,O007195,Ravi,7,delivered
D007196,O007196,John,7,delivered
D007197,O007197,,9,delivered
D007198,O007198,,5,Cancelled
D007199,O007199,Amit,17,delivered
D007200,O007200,Ravi,2,
D007201,O007201,,3,
D007202,O007202,,-1,Delivered
D007203,O007203,John,-4,delivered
D007204,O007204,Ravi,4,Cancelled
D007205,O007205,Ravi,7,Delivered
D007206,O007206,,9,
D007207,O007207,Ravi,15,Delivered
D007208,O007208,Ravi,8,Cancelled
D007209,O007209,John,5,
D007210,O007210,Kiran,8,
D007211,O007211,John,1,delivered
D007212,O007212,Kiran,8,
D007213,O007213,John,-3,
D007214,O007214,,4,
D007215,O007215,John,15,delivered
D007216,O007216,Ravi,0,delivered
D007217,O007217,Ravi,0,
D007218,O007218,Amit,14,Cancelled
D007219,O007219,,-3,Cancelled
D007220,O007220,Ravi,10,Delivered
D007221,O007221,,5,
D007222,O007222,John,14,
D007223,O007223,Ravi,11,delivered
D007224,O007224,,18,delivered
D007225,O007225,John,6,Cancelled
D007226,O007226,Kiran,-3,Cancelled
D007227,O007227,Amit,-2,Delivered
D007228,O007228,John,5,
D007229,O007229,Kiran,3,delivered
D007230,O007230,,19,Delivered
D007231,O007231,Kiran,0,Delivered
D007232,O007232,Ravi,14,Cancelled
D007233,O007233,,18,
D007234,O007234,Amit,17,
D007235,O007235,Amit,16,delivered
D007236,O007236,,16,
D007237,O007237,Ravi,3,Delivered
D007238,O007238,,14,
D007239,O007239,,8,
D007240,O007240,,0,delivered
D007241,O007241,John,10,Cancelled
D007242,O007242,Amit,12,Delivered
D007243,O007243,Amit,3,delivered
D007244,O007244,Ravi,1,delivered
D007245,O007245,Amit,18,
D007246,O007246,Ravi,12,delivered
D007247,O007247,Ravi,6,Cancelled
D007248,O007248,Amit,-1,Delivered
D007249,O007249,,8,Delivered
D007250,O007250,,19,delivered
D007251,O007251,John,8,Delivered
D007252,O007252,Ravi,-3,Cancelled
D007253,O007253,Kiran,1,delivered
D007254,O007254,Kiran,10,delivered
D007255,O007255,Amit,15,Cancelled
D007256,O007256,Amit,16,delivered
D007257,O007257,Kiran,15,Delivered
D007258,O007258,John,16,Delivered
D007259,O007259,Ravi,3,Cancelled
D007260,O007260,Ravi,17,
D007261,O007261,Amit,11,
D007262,O007262,Amit,3,
D007263,O007263,,12,Cancelled
D007264,O007264,John,8,
D007265,O007265,Ravi,-2,Delivered
D007266,O007266,,9,delivered
D007267,O007267,Kiran,-2,
D007268,O007268,,-1,Cancelled
D007269,O007269,Kiran,-2,Delivered
D007270,O007270,Kiran,18,
D007271,O007271,Ravi,3,
D007272,O007272,,5,Delivered
D007273,O007273,Ravi,8,Cancelled
D007274,O007274,John,6,delivered
D007275,O007275,John,12,Delivered
D007276,O007276,John,6,delivered
D007277,O007277,John,3,
D007278,O007278,Kiran,-4,Delivered
D007279,O007279,John,13,
D007280,O007280,Ravi,0,
D007281,O007281,,7,
D007282,O007282,,19,
D007283,O007283,Ravi,9,
D007284,O007284,Amit,17,Cancelled
D007285,O007285,Amit,18,
D007286,O007286,Amit,-4,Delivered
D007287,O007287,Amit,19,delivered
D007288,O007288,Kiran,10,Delivered
D007289,O007289,Kiran,0,Delivered
D007290,O007290,,8,Cancelled
D007291,O007291,,13,
D007292,O007292,Kiran,9,delivered
D007293,O007293,Kiran,12,delivered
D007294,O007294,,6,
D007295,O007295,Ravi,-4,delivered
D007296,O007296,Kiran,19,Cancelled
D007297,O007297,Ravi,14,
D007298,O007298,John,18,delivered
D007299,O007299,Ravi,10,Delivered
D007300,O007300,Ravi,17,delivered
D007301,O007301,Kiran,15,Delivered
D007302,O007302,John,14,
D007303,O007303,Amit,16,Delivered
D007304,O007304,Ravi,9,Delivered
D007305,O007305,John,2,Cancelled
D007306,O007306,John,15,Cancelled
D007307,O007307,Kiran,-4,
D007308,O007308,John,8,Cancelled
D007309,O007309,Amit,-2,
D007310,O007310,Kiran,5,Cancelled
D007311,O007311,Ravi,11,Delivered
D007312,O007312,Kiran,19,
D007313,O007313,Ravi,16,Delivered
D007314,O007314,Kiran,1,delivered
D007315,O007315,John,-5,
D007316,O007316,Amit,15,
D007317,O007317,Kiran,3,
D007318,O007318,,11,Cancelled
D007319,O007319,John,-5,delivered
D007320,O007320,Kiran,-4,Cancelled
D007321,O007321,John,13,Cancelled
D007322,O007322,,16,delivered
D007323,O007323,John,5,
D007324,O007324,John,16,Cancelled
D007325,O007325,Kiran,4,delivered
D007326,O007326,John,4,Delivered
D007327,O007327,Kiran,-5,
D007328,O007328,Amit,-3,Delivered
D007329,O007329,,10,
D007330,O007330,Ravi,7,
D007331,O007331,,3,delivered
D007332,O007332,John,2,delivered
D007333,O007333,Kiran,5,Delivered
D007334,O007334,Ravi,3,Delivered
D007335,O007335,Ravi,5,Cancelled
D007336,O007336,John,18,Cancelled
D007337,O007337,Ravi,19,
D007338,O007338,Kiran,17,Delivered
D007339,O007339,John,7,Cancelled
D007340,O007340,,8,delivered
D007341,O007341,John,3,delivered
D007342,O007342,John,-3,Delivered
D007343,O007343,Ravi,16,delivered
D007344,O007344,Amit,0,Cancelled
D007345,O007345,Ravi,8,Cancelled
D007346,O007346,Amit,7,Delivered
D007347,O007347,John,-5,Cancelled
D007348,O007348,John,8,Delivered
D007349,O007349,,6,Cancelled
D007350,O007350,Ravi,17,Cancelled
D007351,O007351,,-3,Cancelled
D007352,O007352,Kiran,8,Delivered
D007353,O007353,John,-4,Delivered
D007354,O007354,,17,Cancelled
D007355,O007355,Kiran,4,Cancelled
D007356,O007356,Amit,-2,Cancelled
D007357,O007357,Ravi,1,delivered
D007358,O007358,Kiran,11,
D007359,O007359,Ravi,4,
D007360,O007360,John,18,delivered
D007361,O007361,Amit,-4,
D007362,O007362,John,18,
D007363,O007363,Kiran,18,
D007364,O007364,Amit,19,Cancelled
D007365,O007365,Kiran,14,delivered
D007366,O007366,Ravi,9,Cancelled
D007367,O007367,John,6,
D007368,O007368,Ravi,-5,delivered
D007369,O007369,Amit,4,delivered
D007370,O007370,,18,Cancelled
D007371,O007371,Ravi,3,Delivered
D007372,O007372,Amit,8,delivered
D007373,O007373,Amit,3,Delivered
D007374,O007374,Kiran,16,
D007375,O007375,Ravi,18,delivered
D007376,O007376,John,18,Delivered
D007377,O007377,Ravi,15,Delivered
D007378,O007378,Kiran,14,Cancelled
D007379,O007379,Amit,4,Delivered
D007380,O007380,John,4,
D007381,O007381,,5,
D007382,O007382,John,12,delivered
D007383,O007383,Ravi,-3,Cancelled
D007384,O007384,John,6,Cancelled
D007385,O007385,Ravi,-3,Cancelled
D007386,O007386,John,6,
D007387,O007387,Ravi,16,Delivered
D007388,O007388,Amit,17,
D007389,O007389,Amit,16,
D007390,O007390,Ravi,5,Delivered
D007391,O007391,Ravi,8,
D007392,O007392,,11,delivered
D007393,O007393,Ravi,17,delivered
D007394,O007394,Kiran,6,delivered
D007395,O007395,Ravi,19,delivered
D007396,O007396,Amit,18,delivered
D007397,O007397,John,15,Cancelled
D007398,O007398,Amit,-2,
D007399,O007399,Kiran,-1,Delivered
D007400,O007400,John,-3,Cancelled
D007401,O007401,Amit,19,Delivered
D007402,O007402,Ravi,9,
D007403,O007403,Ravi,-1,Cancelled
D007404,O007404,John,17,Delivered
D007405,O007405,,17,delivered
D007406,O007406,Kiran,11,Cancelled
D007407,O007407,Amit,16,delivered
D007408,O007408,Amit,-2,Cancelled
D007409,O007409,Kiran,13,
D007410,O007410,Amit,7,Cancelled
D007411,O007411,John,-3,
D007412,O007412,,8,Cancelled
D007413,O007413,John,16,
D007414,O007414,,11,delivered
D007415,O007415,Ravi,15,
D007416,O007416,,-2,delivered
D007417,O007417,,4,Cancelled
D007418,O007418,,18,Cancelled
D007419,O007419,Amit,3,Cancelled
D007420,O007420,,18,Cancelled
D007421,O007421,Kiran,17,delivered
D007422,O007422,Ravi,13,Delivered
D007423,O007423,Ravi,2,Delivered
D007424,O007424,Amit,-5,
D007425,O007425,John,14,Cancelled
D007426,O007426,Kiran,-3,Cancelled
D007427,O007427,John,13,Delivered
D007428,O007428,,12,Delivered
D007429,O007429,John,17,Cancelled
D007430,O007430,Kiran,8,Cancelled
D007431,O007431,Amit,8,Delivered
D007432,O007432,Amit,4,delivered
D007433,O007433,,-3,Cancelled
D007434,O007434,Kiran,17,Delivered
D007435,O007435,Amit,-4,delivered
D007436,O007436,,13,Delivered
D007437,O007437,John,13,Cancelled
D007438,O007438,Kiran,1,
D007439,O007439,Amit,-2,Delivered
D007440,O007440,Kiran,6,
D007441,O007441,Amit,1,
D007442,O007442,Amit,-3,Cancelled
D007443,O007443,Kiran,19,delivered
D007444,O007444,Amit,-4,
D007445,O007445,John,6,delivered
D007446,O007446,,13,Cancelled
D007447,O007447,Ravi,0,Cancelled
D007448,O007448,Kiran,5,Cancelled
D007449,O007449,Kiran,7,delivered
D007450,O007450,,9,Delivered
D007451,O007451,John,16,
D007452,O007452,Ravi,0,Cancelled
D007453,O007453,John,2,
D007454,O007454,Kiran,2,delivered
D007455,O007455,Ravi,0,delivered
D007456,O007456,Amit,2,
D007457,O007457,Kiran,11,Delivered
D007458,O007458,John,1,Cancelled
D007459,O007459,,13,Delivered
D007460,O007460,Amit,-3,
D007461,O007461,Ravi,3,Cancelled
D007462,O007462,Kiran,11,Cancelled
D007463,O007463,,3,
D007464,O007464,,15,Cancelled
D007465,O007465,John,8,Delivered
D007466,O007466,,19,delivered
D007467,O007467,John,-5,delivered
D007468,O007468,Ravi,0,
D007469,O007469,Kiran,11,delivered
D007470,O007470,Ravi,11,delivered
D007471,O007471,John,15,
D007472,O007472,Ravi,-1,
D007473,O007473,Kiran,11,Cancelled
D007474,O007474,Kiran,12,
D007475,O007475,,13,Delivered
D007476,O007476,John,13,
D007477,O007477,Ravi,17,Cancelled
D007478,O007478,,12,Cancelled
D007479,O007479,,9,
D007480,O007480,Ravi,-3,Delivered
D007481,O007481,John,8,Cancelled
D007482,O007482,John,-5,Delivered
D007483,O007483,Kiran,11,Cancelled
D007484,O007484,John,-5,delivered
D007485,O007485,,11,Cancelled
D007486,O007486,Kiran,-2,Cancelled
D007487,O007487,Amit,-5,Cancelled
D007488,O007488,Kiran,14,Cancelled
D007489,O007489,,16,Cancelled
D007490,O007490,Ravi,-3,
D007491,O007491,Ravi,-3,
D007492,O007492,Ravi,6,Delivered
D007493,O007493,,5,delivered
D007494,O007494,Kiran,-1,
D007495,O007495,Ravi,7,delivered
D007496,O007496,John,6,Delivered
D007497,O007497,Amit,-4,Delivered
D007498,O007498,Ravi,14,Cancelled
D007499,O007499,Ravi,-5,
D007500,O007500,Amit,3,Cancelled
D007501,O007501,John,-3,Cancelled
D007502,O007502,Amit,18,Delivered
D007503,O007503,Ravi,14,Cancelled
D007504,O007504,Ravi,0,Delivered
D007505,O007505,Kiran,5,
D007506,O007506,,14,
D007507,O007507,Kiran,14,Cancelled
D007508,O007508,Kiran,5,Delivered
D007509,O007509,Kiran,9,
D007510,O007510,Kiran,0,delivered
D007511,O007511,Kiran,2,
D007512,O007512,John,3,Delivered
D007513,O007513,,12,Cancelled
D007514,O007514,,0,Delivered
D007515,O007515,,11,Cancelled
D007516,O007516,John,17,
D007517,O007517,John,10,Cancelled
D007518,O007518,John,13,Cancelled
D007519,O007519,Ravi,19,Cancelled
D007520,O007520,,16,Cancelled
D007521,O007521,Amit,10,delivered
D007522,O007522,Kiran,7,delivered
D007523,O007523,Ravi,6,Cancelled
D007524,O007524,Ravi,3,Delivered
D007525,O007525,Kiran,0,Delivered
D007526,O007526,Ravi,-2,
D007527,O007527,John,0,delivered
D007528,O007528,Ravi,11,
D007529,O007529,,18,
D007530,O007530,,4,delivered
D007531,O007531,Amit,2,Cancelled
D007532,O007532,,-3,Delivered
D007533,O007533,Kiran,9,
D007534,O007534,Kiran,15,Delivered
D007535,O007535,,15,Cancelled
D007536,O007536,John,13,
D007537,O007537,,5,Delivered
D007538,O007538,John,0,delivered
D007539,O007539,Kiran,3,
D007540,O007540,,5,Cancelled
D007541,O007541,Amit,-3,
D007542,O007542,Kiran,3,
D007543,O007543,Amit,7,Delivered
D007544,O007544,Kiran,18,Delivered
D007545,O007545,Ravi,-1,delivered
D007546,O007546,Ravi,7,Cancelled
D007547,O007547,Ravi,9,delivered
D007548,O007548,Amit,3,Delivered
D007549,O007549,John,1,Cancelled
D007550,O007550,Kiran,-3,delivered
D007551,O007551,Ravi,7,
D007552,O007552,Amit,12,delivered
D007553,O007553,Kiran,5,Cancelled
D007554,O007554,Ravi,15,
D007555,O007555,Ravi,-3,Delivered
D007556,O007556,Ravi,10,
D007557,O007557,Amit,4,Cancelled
D007558,O007558,John,3,
D007559,O007559,Ravi,9,delivered
D007560,O007560,Ravi,5,delivered
D007561,O007561,John,17,
D007562,O007562,John,4,Cancelled
D007563,O007563,,18,Cancelled
D007564,O007564,Ravi,0,Cancelled
D007565,O007565,Kiran,19,Cancelled
D007566,O007566,,0,delivered
D007567,O007567,Kiran,7,Cancelled
D007568,O007568,John,9,Cancelled
D007569,O007569,,7,
D007570,O007570,Amit,-3,
D007571,O007571,,-4,delivered
D007572,O007572,,-5,delivered
D007573,O007573,John,3,delivered
D007574,O007574,Ravi,16,Cancelled
D007575,O007575,John,-2,
D007576,O007576,John,15,
D007577,O007577,John,8,Cancelled
D007578,O007578,Kiran,18,Delivered
D007579,O007579,Amit,8,Cancelled
D007580,O007580,Kiran,11,Delivered
D007581,O007581,,8,Cancelled
D007582,O007582,John,2,delivered
D007583,O007583,Ravi,1,Delivered
D007584,O007584,John,3,Delivered
D007585,O007585,Kiran,14,delivered
D007586,O007586,Amit,15,Delivered
D007587,O007587,Kiran,2,
D007588,O007588,John,-3,Cancelled
D007589,O007589,Amit,-5,Delivered
D007590,O007590,Ravi,11,delivered
D007591,O007591,Kiran,5,Cancelled
D007592,O007592,Kiran,10,Delivered
D007593,O007593,,0,Cancelled
D007594,O007594,Amit,-4,Delivered
D007595,O007595,Kiran,3,
D007596,O007596,,15,delivered
D007597,O007597,Ravi,5,
D007598,O007598,Kiran,19,
D007599,O007599,Kiran,18,Delivered
D007600,O007600,John,18,
D007601,O007601,Kiran,-1,delivered
D007602,O007602,Ravi,12,Cancelled
D007603,O007603,,5,Cancelled
D007604,O007604,Amit,7,Cancelled
D007605,O007605,Ravi,5,Delivered
D007606,O007606,Amit,0,delivered
D007607,O007607,Ravi,15,Delivered
D007608,O007608,,10,
D007609,O007609,John,13,delivered
D007610,O007610,,8,
D007611,O007611,Amit,3,delivered
D007612,O007612,Amit,17,Cancelled
D007613,O007613,Kiran,7,delivered
D007614,O007614,John,8,Delivered
D007615,O007615,,19,Cancelled
D007616,O007616,,-2,delivered
D007617,O007617,Amit,-3,Delivered
D007618,O007618,John,-4,Delivered
D007619,O007619,,15,
D007620,O007620,John,11,Cancelled
D007621,O007621,John,0,delivered
D007622,O007622,,-4,delivered
D007623,O007623,John,6,Cancelled
D007624,O007624,Ravi,6,
D007625,O007625,Amit,19,
D007626,O007626,John,15,Cancelled
D007627,O007627,John,12,Cancelled
D007628,O007628,Ravi,-2,Cancelled
D007629,O007629,Kiran,0,Delivered
D007630,O007630,John,14,Cancelled
D007631,O007631,,15,
D007632,O007632,Kiran,14,delivered
D007633,O007633,Kiran,14,delivered
D007634,O007634,Ravi,13,
D007635,O007635,,19,delivered
D007636,O007636,Kiran,-3,
D007637,O007637,John,14,Delivered
D007638,O007638,Ravi,2,delivered
D007639,O007639,Ravi,15,Delivered
D007640,O007640,Ravi,10,delivered
D007641,O007641,Amit,17,Cancelled
D007642,O007642,Kiran,16,Delivered
D007643,O007643,,-5,Delivered
D007644,O007644,,-4,Delivered
D007645,O007645,Amit,4,
D007646,O007646,John,-1,delivered
D007647,O007647,Kiran,13,Cancelled
D007648,O007648,Ravi,6,
D007649,O007649,Amit,18,delivered
D007650,O007650,Amit,18,Delivered
D007651,O007651,Kiran,12,
D007652,O007652,,0,Cancelled
D007653,O007653,Kiran,17,Delivered
D007654,O007654,,8,
D007655,O007655,Kiran,17,Delivered
D007656,O007656,,-3,delivered
D007657,O007657,Amit,19,delivered
D007658,O007658,,7,Cancelled
D007659,O007659,Kiran,1,delivered
D007660,O007660,John,11,delivered
D007661,O007661,Kiran,3,delivered
D007662,O007662,Amit,0,Delivered
D007663,O007663,,0,Delivered
D007664,O007664,,17,delivered
D007665,O007665,,-4,Delivered
D007666,O007666,Amit,5,delivered
D007667,O007667,Kiran,-4,Cancelled
D007668,O007668,,14,
D007669,O007669,John,9,
D007670,O007670,John,-4,delivered
D007671,O007671,Ravi,1,Cancelled
D007672,O007672,John,4,delivered
D007673,O007673,Ravi,19,
D007674,O007674,,-4,Cancelled
D007675,O007675,Amit,11,Delivered
D007676,O007676,Amit,11,
D007677,O007677,Amit,12,
D007678,O007678,,8,delivered
D007679,O007679,,-3,Cancelled
D007680,O007680,Kiran,11,Cancelled
D007681,O007681,John,18,Delivered
D007682,O007682,,9,Cancelled
D007683,O007683,John,16,delivered
D007684,O007684,Amit,13,Cancelled
D007685,O007685,John,19,Cancelled
D007686,O007686,Kiran,14,Cancelled
D007687,O007687,Amit,10,Delivered
D007688,O007688,John,19,Delivered
D007689,O007689,Kiran,9,
D007690,O007690,John,-1,
D007691,O007691,Kiran,9,Delivered
D007692,O007692,John,19,Cancelled
D007693,O007693,Amit,9,Delivered
D007694,O007694,Amit,18,Delivered
D007695,O007695,Ravi,12,delivered
D007696,O007696,Kiran,-1,Cancelled
D007697,O007697,John,-5,Delivered
D007698,O007698,John,-5,delivered
D007699,O007699,John,-3,
D007700,O007700,,11,delivered
D007701,O007701,Kiran,16,Cancelled
D007702,O007702,John,16,
D007703,O007703,Ravi,15,
D007704,O007704,Amit,8,Cancelled
D007705,O007705,,3,
D007706,O007706,,-2,
D007707,O007707,Amit,13,delivered
D007708,O007708,,-3,
D007709,O007709,Ravi,-5,Cancelled
D007710,O007710,Ravi,-2,
D007711,O007711,Amit,17,delivered
D007712,O007712,Kiran,18,Delivered
D007713,O007713,,8,
D007714,O007714,John,16,Cancelled
D007715,O007715,John,17,Delivered
D007716,O007716,Ravi,15,
D007717,O007717,Kiran,8,Cancelled
D007718,O007718,Kiran,2,delivered
D007719,O007719,,10,Delivered
D007720,O007720,,-3,delivered
D007721,O007721,Amit,18,delivered
D007722,O007722,Ravi,1,delivered
D007723,O007723,Amit,19,Cancelled
D007724,O007724,Amit,0,Cancelled
D007725,O007725,Kiran,7,delivered
D007726,O007726,,-4,delivered
D007727,O007727,John,5,Cancelled
D007728,O007728,Amit,15,
D007729,O007729,Ravi,3,Delivered
D007730,O007730,Amit,1,Cancelled
D007731,O007731,John,6,
D007732,O007732,John,5,Cancelled
D007733,O007733,Ravi,9,Cancelled
D007734,O007734,John,6,Delivered
D007735,O007735,John,-3,Cancelled
D007736,O007736,John,12,
D007737,O007737,Amit,18,Cancelled
D007738,O007738,Ravi,2,Delivered
D007739,O007739,Amit,9,Cancelled
D007740,O007740,Ravi,10,delivered
D007741,O007741,John,11,Delivered
D007742,O007742,John,12,Cancelled
D007743,O007743,,15,delivered
D007744,O007744,John,7,delivered
D007745,O007745,Ravi,15,Delivered
D007746,O007746,Kiran,10,Delivered
D007747,O007747,Ravi,1,Cancelled
D007748,O007748,John,-1,
D007749,O007749,John,6,Delivered
D007750,O007750,Kiran,3,Cancelled
D007751,O007751,John,-5,delivered
D007752,O007752,,15,delivered
D007753,O007753,Kiran,-3,Cancelled
D007754,O007754,Amit,4,Delivered
D007755,O007755,,5,Cancelled
D007756,O007756,Ravi,16,Cancelled
D007757,O007757,,11,Delivered
D007758,O007758,,12,
D007759,O007759,John,19,
D007760,O007760,Amit,3,
D007761,O007761,Kiran,12,Cancelled
D007762,O007762,,14,Delivered
D007763,O007763,John,7,
D007764,O007764,,4,Delivered
D007765,O007765,Amit,13,
D007766,O007766,Kiran,18,delivered
D007767,O007767,John,-5,delivered
D007768,O007768,,3,Delivered
D007769,O007769,Amit,14,
D007770,O007770,Ravi,10,Delivered
D007771,O007771,Ravi,8,Delivered
D007772,O007772,Amit,2,Delivered
D007773,O007773,Kiran,2,Cancelled
D007774,O007774,,0,
D007775,O007775,,4,
D007776,O007776,Amit,19,Delivered
D007777,O007777,,2,delivered
D007778,O007778,Kiran,8,Delivered
D007779,O007779,Amit,13,delivered
D007780,O007780,Ravi,8,
D007781,O007781,Ravi,0,
D007782,O007782,John,-4,Delivered
D007783,O007783,Ravi,11,Cancelled
D007784,O007784,,15,
D007785,O007785,Kiran,1,
D007786,O007786,Kiran,0,
D007787,O007787,John,9,Cancelled
D007788,O007788,,-2,
D007789,O007789,Amit,-2,Delivered
D007790,O007790,John,3,delivered
D007791,O007791,,6,
D007792,O007792,Amit,-3,
D007793,O007793,Ravi,7,Cancelled
D007794,O007794,Ravi,12,delivered
D007795,O007795,Amit,16,delivered
D007796,O007796,John,11,Cancelled
D007797,O007797,Amit,12,Delivered
D007798,O007798,,-2,
D007799,O007799,Amit,19,delivered
D007800,O007800,,10,delivered
D007801,O007801,,14,Delivered
D007802,O007802,Ravi,7,Delivered
D007803,O007803,,5,
D007804,O007804,Kiran,13,Cancelled
D007805,O007805,Ravi,5,Cancelled
D007806,O007806,Ravi,-5,Delivered
D007807,O007807,Amit,2,Delivered
D007808,O007808,,5,delivered
D007809,O007809,Amit,14,Delivered
D007810,O007810,,12,delivered
D007811,O007811,Ravi,1,Cancelled
D007812,O007812,Kiran,6,Cancelled
D007813,O007813,Ravi,-5,delivered
D007814,O007814,John,13,
D007815,O007815,Amit,5,Cancelled
D007816,O007816,Kiran,15,
D007817,O007817,Amit,17,delivered
D007818,O007818,,-3,
D007819,O007819,Amit,7,delivered
D007820,O007820,Ravi,14,delivered
D007821,O007821,Ravi,-1,Delivered
D007822,O007822,Amit,4,Cancelled
D007823,O007823,,12,Cancelled
D007824,O007824,,19,delivered
D007825,O007825,Kiran,1,
D007826,O007826,Ravi,-4,Delivered
D007827,O007827,Amit,6,
D007828,O007828,Kiran,16,Cancelled
D007829,O007829,John,1,
D007830,O007830,Kiran,6,Delivered
D007831,O007831,John,-2,
D007832,O007832,John,5,Cancelled
D007833,O007833,Kiran,14,delivered
D007834,O007834,Ravi,2,Cancelled
D007835,O007835,Kiran,-4,Delivered
D007836,O007836,Kiran,12,delivered
D007837,O007837,Ravi,12,Delivered
D007838,O007838,Ravi,-4,Cancelled
D007839,O007839,Ravi,17,
D007840,O007840,Ravi,-2,Cancelled
D007841,O007841,Ravi,15,
D007842,O007842,Ravi,2,delivered
D007843,O007843,Kiran,17,
D007844,O007844,Amit,5,
D007845,O007845,Amit,2,delivered
D007846,O007846,Amit,-1,Delivered
D007847,O007847,Kiran,2,delivered
D007848,O007848,Ravi,-5,Delivered
D007849,O007849,John,15,delivered
D007850,O007850,Ravi,6,
D007851,O007851,,5,Cancelled
D007852,O007852,Ravi,4,
D007853,O007853,Amit,-4,Delivered
D007854,O007854,Ravi,15,Cancelled
D007855,O007855,Ravi,7,
D007856,O007856,,6,
D007857,O007857,John,12,Cancelled
D007858,O007858,John,16,
D007859,O007859,Amit,19,Delivered
D007860,O007860,John,12,delivered
D007861,O007861,Amit,4,Delivered
D007862,O007862,Kiran,-4,
D007863,O007863,,13,Cancelled
D007864,O007864,Ravi,15,Cancelled
D007865,O007865,,8,Cancelled
D007866,O007866,John,19,
D007867,O007867,Ravi,13,Cancelled
D007868,O007868,,19,Delivered
D007869,O007869,,3,Delivered
D007870,O007870,Amit,19,
D007871,O007871,Kiran,14,Delivered
D007872,O007872,,0,Delivered
D007873,O007873,Ravi,12,Cancelled
D007874,O007874,Kiran,11,delivered
D007875,O007875,Kiran,12,Delivered
D007876,O007876,Ravi,14,
D007877,O007877,Kiran,1,Cancelled
D007878,O007878,John,-4,Delivered
D007879,O007879,Kiran,4,
D007880,O007880,Amit,-5,
D007881,O007881,Kiran,13,Cancelled
D007882,O007882,,17,
D007883,O007883,Kiran,13,delivered
D007884,O007884,Amit,-4,delivered
D007885,O007885,Amit,9,Delivered
D007886,O007886,Kiran,11,delivered
D007887,O007887,John,-3,Cancelled
D007888,O007888,Kiran,1,Cancelled
D007889,O007889,Ravi,13,Delivered
D007890,O007890,Amit,15,delivered
D007891,O007891,Kiran,16,
D007892,O007892,John,6,
D007893,O007893,John,8,delivered
D007894,O007894,John,15,Cancelled
D007895,O007895,,11,Cancelled
D007896,O007896,,15,Cancelled
D007897,O007897,,13,Cancelled
D007898,O007898,Ravi,18,delivered
D007899,O007899,Ravi,-1,Delivered
D007900,O007900,Kiran,2,delivered
D007901,O007901,,3,delivered
D007902,O007902,,-4,Cancelled
D007903,O007903,Ravi,9,Cancelled
D007904,O007904,John,14,Cancelled
D007905,O007905,John,10,Delivered
D007906,O007906,Amit,11,Delivered
D007907,O007907,Kiran,4,Cancelled
D007908,O007908,Kiran,6,Cancelled
D007909,O007909,,3,delivered
D007910,O007910,Ravi,18,delivered
D007911,O007911,Kiran,7,delivered
D007912,O007912,John,-4,Cancelled
D007913,O007913,Ravi,0,delivered
D007914,O007914,,15,
D007915,O007915,,15,Delivered
D007916,O007916,Kiran,-3,delivered
D007917,O007917,Kiran,11,Delivered
D007918,O007918,Amit,8,delivered
D007919,O007919,Kiran,5,Delivered
D007920,O007920,Kiran,0,Cancelled
D007921,O007921,John,16,
D007922,O007922,John,-1,Delivered
D007923,O007923,Ravi,3,delivered
D007924,O007924,Kiran,4,Cancelled
D007925,O007925,Kiran,6,
D007926,O007926,,19,Cancelled
D007927,O007927,John,7,Cancelled
D007928,O007928,,4,Delivered
D007929,O007929,Kiran,-5,
D007930,O007930,John,1,Cancelled
D007931,O007931,Kiran,16,delivered
D007932,O007932,Amit,7,Cancelled
D007933,O007933,,13,delivered
D007934,O007934,John,14,Cancelled
D007935,O007935,John,14,
D007936,O007936,Kiran,14,
D007937,O007937,Kiran,17,
D007938,O007938,Ravi,9,Delivered
D007939,O007939,Ravi,14,Cancelled
D007940,O007940,,8,
D007941,O007941,John,0,delivered
D007942,O007942,Kiran,-5,delivered
D007943,O007943,,2,Cancelled
D007944,O007944,John,-2,
D007945,O007945,Kiran,7,Delivered
D007946,O007946,Ravi,-3,
D007947,O007947,John,19,Cancelled
D007948,O007948,Kiran,-4,Delivered
D007949,O007949,,18,delivered
D007950,O007950,,5,
D007951,O007951,Amit,0,
D007952,O007952,John,7,delivered
D007953,O007953,,16,Cancelled
D007954,O007954,John,16,Delivered
D007955,O007955,,-4,delivered
D007956,O007956,John,8,Delivered
D007957,O007957,John,5,Cancelled
D007958,O007958,John,17,Delivered
D007959,O007959,Amit,2,Delivered
D007960,O007960,Ravi,18,
D007961,O007961,John,4,delivered
D007962,O007962,Ravi,9,Delivered
D007963,O007963,Ravi,7,Delivered
D007964,O007964,Ravi,1,delivered
D007965,O007965,,1,delivered
D007966,O007966,Kiran,15,Cancelled
D007967,O007967,Ravi,-2,delivered
D007968,O007968,John,-2,Delivered
D007969,O007969,Kiran,12,
D007970,O007970,,10,Cancelled
D007971,O007971,Amit,14,delivered
D007972,O007972,Ravi,17,delivered
D007973,O007973,Ravi,7,delivered
D007974,O007974,,-4,Cancelled
D007975,O007975,John,9,Cancelled
D007976,O007976,John,1,delivered
D007977,O007977,Kiran,3,Cancelled
D007978,O007978,Kiran,13,
D007979,O007979,John,2,Delivered
D007980,O007980,Amit,15,
D007981,O007981,John,4,Delivered
D007982,O007982,Amit,-2,Cancelled
D007983,O007983,,6,delivered
D007984,O007984,Amit,2,Cancelled
D007985,O007985,,-5,
D007986,O007986,Ravi,17,
D007987,O007987,John,3,Cancelled
D007988,O007988,Kiran,1,delivered
D007989,O007989,Ravi,3,delivered
D007990,O007990,Kiran,1,Delivered
D007991,O007991,Amit,-4,
D007992,O007992,John,15,Delivered
D007993,O007993,John,14,Cancelled
D007994,O007994,John,10,Delivered
D007995,O007995,Ravi,4,delivered
D007996,O007996,,18,
D007997,O007997,Amit,4,delivered
D007998,O007998,Ravi,8,Delivered
D007999,O007999,Ravi,19,Cancelled
D008000,O008000,,3,Delivered
D008001,O008001,Kiran,13,delivered
D008002,O008002,Kiran,13,
D008003,O008003,John,15,Delivered
D008004,O008004,Ravi,-4,
D008005,O008005,,14,
D008006,O008006,,13,Delivered
D008007,O008007,Kiran,5,delivered
D008008,O008008,,0,Cancelled
D008009,O008009,Kiran,11,delivered
D008010,O008010,Kiran,-1,Delivered
D008011,O008011,Ravi,5,
D008012,O008012,Amit,-2,delivered
D008013,O008013,John,-5,Cancelled
D008014,O008014,Amit,10,
D008015,O008015,,-2,Cancelled
D008016,O008016,Amit,9,
D008017,O008017,Amit,17,Cancelled
D008018,O008018,Kiran,-3,Cancelled
D008019,O008019,Ravi,6,Delivered
D008020,O008020,,15,Delivered
D008021,O008021,John,18,
D008022,O008022,Kiran,9,Delivered
D008023,O008023,John,5,Delivered
D008024,O008024,Ravi,-3,Cancelled
D008025,O008025,Amit,13,
D008026,O008026,Amit,5,Cancelled
D008027,O008027,Ravi,2,Delivered
D008028,O008028,,13,Delivered
D008029,O008029,Kiran,-4,delivered
D008030,O008030,Amit,-4,Cancelled
D008031,O008031,Ravi,6,Delivered
D008032,O008032,Kiran,2,
D008033,O008033,Kiran,0,
D008034,O008034,Ravi,-3,Delivered
D008035,O008035,Amit,5,Delivered
D008036,O008036,,10,Delivered
D008037,O008037,Amit,5,
D008038,O008038,Amit,4,Delivered
D008039,O008039,Amit,4,Cancelled
D008040,O008040,Amit,11,delivered
D008041,O008041,John,5,delivered
D008042,O008042,Ravi,16,delivered
D008043,O008043,,8,Cancelled
D008044,O008044,,3,Delivered
D008045,O008045,John,10,delivered
D008046,O008046,,0,
D008047,O008047,John,11,Delivered
D008048,O008048,John,16,
D008049,O008049,,19,delivered
D008050,O008050,,16,Cancelled
D008051,O008051,Amit,-3,delivered
D008052,O008052,John,-4,delivered
D008053,O008053,Kiran,5,Delivered
D008054,O008054,Ravi,18,Delivered
D008055,O008055,Amit,12,delivered
D008056,O008056,John,17,Cancelled
D008057,O008057,Amit,-3,
D008058,O008058,Amit,9,
D008059,O008059,Ravi,-1,Cancelled
D008060,O008060,,5,Delivered
D008061,O008061,,-3,delivered
D008062,O008062,Ravi,9,delivered
D008063,O008063,Amit,-3,delivered
D008064,O008064,John,1,
D008065,O008065,,1,Cancelled
D008066,O008066,Kiran,17,Cancelled
D008067,O008067,John,5,delivered
D008068,O008068,Amit,10,delivered
D008069,O008069,Kiran,-2,Cancelled
D008070,O008070,John,5,
D008071,O008071,Ravi,8,Delivered
D008072,O008072,Kiran,2,delivered
D008073,O008073,Amit,19,Cancelled
D008074,O008074,Kiran,11,
D008075,O008075,Ravi,17,Delivered
D008076,O008076,,18,Cancelled
D008077,O008077,,12,delivered
D008078,O008078,,0,Cancelled
D008079,O008079,Ravi,15,
D008080,O008080,John,14,delivered
D008081,O008081,Ravi,14,Cancelled
D008082,O008082,Kiran,4,Cancelled
D008083,O008083,John,0,delivered
D008084,O008084,,6,delivered
D008085,O008085,Ravi,11,
D008086,O008086,Amit,7,delivered
D008087,O008087,,-5,
D008088,O008088,Amit,-2,Cancelled
D008089,O008089,John,10,delivered
D008090,O008090,,13,
D008091,O008091,Ravi,-1,Cancelled
D008092,O008092,Amit,7,Delivered
D008093,O008093,Ravi,4,Cancelled
D008094,O008094,,-1,delivered
D008095,O008095,Ravi,10,
D008096,O008096,,-5,Delivered
D008097,O008097,Kiran,6,
D008098,O008098,Ravi,9,
D008099,O008099,Kiran,-1,Delivered
D008100,O008100,Amit,0,Delivered
D008101,O008101,Ravi,5,
D008102,O008102,Ravi,14,delivered
D008103,O008103,Amit,8,Delivered
D008104,O008104,Ravi,-4,delivered
D008105,O008105,,4,Delivered
D008106,O008106,Kiran,19,
D008107,O008107,John,6,Delivered
D008108,O008108,,3,
D008109,O008109,John,3,Delivered
D008110,O008110,Amit,19,Delivered
D008111,O008111,Amit,4,Delivered
D008112,O008112,Ravi,1,Cancelled
D008113,O008113,,-4,Delivered
D008114,O008114,John,17,Cancelled
D008115,O008115,Kiran,-5,delivered
D008116,O008116,,16,delivered
D008117,O008117,Amit,16,Delivered
D008118,O008118,,15,delivered
D008119,O008119,Kiran,17,Delivered
D008120,O008120,,13,Cancelled
D008121,O008121,Ravi,17,delivered
D008122,O008122,Kiran,16,
D008123,O008123,John,13,Delivered
D008124,O008124,Amit,16,Delivered
D008125,O008125,,-5,delivered
D008126,O008126,Kiran,-4,delivered
D008127,O008127,Ravi,-2,delivered
D008128,O008128,Ravi,10,Delivered
D008129,O008129,John,7,
D008130,O008130,Amit,6,Delivered
D008131,O008131,Ravi,-1,Delivered
D008132,O008132,Amit,-3,Cancelled
D008133,O008133,Kiran,14,Delivered
D008134,O008134,,-4,Delivered
D008135,O008135,John,18,Delivered
D008136,O008136,Ravi,-1,
D008137,O008137,,-5,delivered
D008138,O008138,Ravi,8,Delivered
D008139,O008139,John,9,Cancelled
D008140,O008140,Ravi,-2,Cancelled
D008141,O008141,John,6,delivered
D008142,O008142,,4,Cancelled
D008143,O008143,Kiran,12,Cancelled
D008144,O008144,John,3,
D008145,O008145,Kiran,-1,Delivered
D008146,O008146,Amit,16,Delivered
D008147,O008147,,19,Delivered
D008148,O008148,John,3,Delivered
D008149,O008149,,13,Delivered
D008150,O008150,Kiran,19,Cancelled
D008151,O008151,Kiran,14,
D008152,O008152,,11,Delivered
D008153,O008153,,9,Cancelled
D008154,O008154,Kiran,8,delivered
D008155,O008155,,18,Cancelled
D008156,O008156,Kiran,12,
D008157,O008157,Amit,8,Delivered
D008158,O008158,Kiran,14,Delivered
D008159,O008159,Ravi,-3,Delivered
D008160,O008160,Kiran,19,
D008161,O008161,Amit,15,delivered
D008162,O008162,Kiran,-4,delivered
D008163,O008163,,14,Cancelled
D008164,O008164,Amit,15,Cancelled
D008165,O008165,John,0,Delivered
D008166,O008166,Kiran,18,Delivered
D008167,O008167,,3,Delivered
D008168,O008168,John,19,Cancelled
D008169,O008169,John,-5,Delivered
D008170,O008170,John,9,Cancelled
D008171,O008171,Ravi,-5,Cancelled
D008172,O008172,,-3,
D008173,O008173,Ravi,18,Delivered
D008174,O008174,,10,Delivered
D008175,O008175,,9,Cancelled
D008176,O008176,Amit,9,Cancelled
D008177,O008177,John,-1,Cancelled
D008178,O008178,Kiran,4,
D008179,O008179,Amit,16,
D008180,O008180,Kiran,5,Cancelled
D008181,O008181,John,2,
D008182,O008182,,9,
D008183,O008183,Amit,14,delivered
D008184,O008184,Ravi,19,Delivered
D008185,O008185,,6,Cancelled
D008186,O008186,Ravi,-2,delivered
D008187,O008187,,4,delivered
D008188,O008188,,10,
D008189,O008189,John,9,Cancelled
D008190,O008190,Amit,-1,
D008191,O008191,Kiran,16,delivered
D008192,O008192,John,16,delivered
D008193,O008193,Kiran,6,delivered
D008194,O008194,,5,Delivered
D008195,O008195,Ravi,18,Cancelled
D008196,O008196,Kiran,5,Delivered
D008197,O008197,Ravi,7,delivered
D008198,O008198,Kiran,3,delivered
D008199,O008199,Ravi,10,delivered
D008200,O008200,John,10,Delivered
D008201,O008201,Kiran,-5,
D008202,O008202,John,13,Cancelled
D008203,O008203,John,17,
D008204,O008204,Ravi,13,
D008205,O008205,Kiran,15,delivered
D008206,O008206,Kiran,-2,Delivered
D008207,O008207,Amit,-1,
D008208,O008208,Ravi,-3,Delivered
D008209,O008209,Kiran,13,Delivered
D008210,O008210,,7,Delivered
D008211,O008211,Amit,7,Cancelled
D008212,O008212,Kiran,18,
D008213,O008213,Ravi,13,delivered
D008214,O008214,,7,delivered
D008215,O008215,Kiran,18,Cancelled
D008216,O008216,John,-1,
D008217,O008217,John,11,delivered
D008218,O008218,,12,Delivered
D008219,O008219,,6,delivered
D008220,O008220,,17,
D008221,O008221,,11,Delivered
D008222,O008222,Ravi,12,Cancelled
D008223,O008223,John,-5,delivered
D008224,O008224,Kiran,17,delivered
D008225,O008225,Kiran,-4,Cancelled
D008226,O008226,John,7,
D008227,O008227,Kiran,4,Delivered
D008228,O008228,John,-3,delivered
D008229,O008229,Amit,9,
D008230,O008230,John,17,Delivered
D008231,O008231,Kiran,-5,delivered
D008232,O008232,Amit,6,
D008233,O008233,Kiran,-2,
D008234,O008234,Ravi,17,Cancelled
D008235,O008235,Kiran,-4,delivered
D008236,O008236,Amit,14,Delivered
D008237,O008237,John,19,delivered
D008238,O008238,Kiran,17,Cancelled
D008239,O008239,John,13,Delivered
D008240,O008240,Kiran,13,
D008241,O008241,,14,Cancelled
D008242,O008242,Kiran,14,Delivered
D008243,O008243,,7,Delivered
D008244,O008244,Kiran,18,delivered
D008245,O008245,Kiran,16,
D008246,O008246,,16,Cancelled
D008247,O008247,Ravi,2,
D008248,O008248,John,5,Cancelled
D008249,O008249,Amit,2,delivered
D008250,O008250,Kiran,18,Delivered
D008251,O008251,Amit,6,delivered
D008252,O008252,Ravi,11,Cancelled
D008253,O008253,Kiran,2,
D008254,O008254,,15,Delivered
D008255,O008255,,-3,Cancelled
D008256,O008256,Kiran,1,Delivered
D008257,O008257,,7,Delivered
D008258,O008258,Ravi,12,delivered
D008259,O008259,John,4,Cancelled
D008260,O008260,John,0,
D008261,O008261,Ravi,-2,delivered
D008262,O008262,,7,delivered
D008263,O008263,John,9,delivered
D008264,O008264,,11,Cancelled
D008265,O008265,,7,Cancelled
D008266,O008266,Amit,9,Delivered
D008267,O008267,John,0,Delivered
D008268,O008268,,13,Delivered
D008269,O008269,Amit,6,Delivered
D008270,O008270,Ravi,14,delivered
D008271,O008271,John,14,
D008272,O008272,Ravi,18,Delivered
D008273,O008273,Ravi,1,Cancelled
D008274,O008274,Kiran,3,Delivered
D008275,O008275,John,5,Cancelled
D008276,O008276,Ravi,10,
D008277,O008277,Ravi,1,delivered
D008278,O008278,Ravi,19,
D008279,O008279,,8,
D008280,O008280,John,-5,delivered
D008281,O008281,John,14,Cancelled
D008282,O008282,John,11,
D008283,O008283,John,0,delivered
D008284,O008284,John,-4,Cancelled
D008285,O008285,Ravi,3,Cancelled
D008286,O008286,Amit,10,Cancelled
D008287,O008287,Kiran,14,delivered
D008288,O008288,John,5,Delivered
D008289,O008289,,14,delivered
D008290,O008290,Amit,0,
D008291,O008291,,15,delivered
D008292,O008292,Ravi,16,delivered
D008293,O008293,Kiran,7,
D008294,O008294,Ravi,6,delivered
D008295,O008295,Ravi,9,delivered
D008296,O008296,John,19,
D008297,O008297,,16,Delivered
D008298,O008298,John,0,Delivered
D008299,O008299,Ravi,14,Cancelled
D008300,O008300,Kiran,17,Delivered
D008301,O008301,Amit,14,delivered
D008302,O008302,Ravi,10,
D008303,O008303,Ravi,15,Cancelled
D008304,O008304,Ravi,14,delivered
D008305,O008305,,3,Cancelled
D008306,O008306,Amit,16,
D008307,O008307,Kiran,4,delivered
D008308,O008308,Ravi,0,Cancelled
D008309,O008309,Amit,7,Cancelled
D008310,O008310,Ravi,-1,Delivered
D008311,O008311,Amit,9,Cancelled
D008312,O008312,Amit,6,Delivered
D008313,O008313,,3,Delivered
D008314,O008314,,-1,
D008315,O008315,Amit,6,Delivered
D008316,O008316,John,9,Cancelled
D008317,O008317,Ravi,6,Delivered
D008318,O008318,,18,Delivered
D008319,O008319,Amit,16,Cancelled
D008320,O008320,John,16,
D008321,O008321,Amit,6,
D008322,O008322,Kiran,13,Cancelled
D008323,O008323,Amit,9,delivered
D008324,O008324,Kiran,19,delivered
D008325,O008325,,4,Cancelled
D008326,O008326,,-3,Delivered
D008327,O008327,Amit,19,Cancelled
D008328,O008328,,6,Cancelled
D008329,O008329,Amit,6,delivered
D008330,O008330,Amit,12,delivered
D008331,O008331,Kiran,2,Cancelled
D008332,O008332,Ravi,5,Delivered
D008333,O008333,Amit,1,
D008334,O008334,Ravi,13,Cancelled
D008335,O008335,John,17,Cancelled
D008336,O008336,,18,
D008337,O008337,John,9,delivered
D008338,O008338,John,14,Delivered
D008339,O008339,Amit,19,delivered
D008340,O008340,John,18,
D008341,O008341,Amit,8,
D008342,O008342,,4,
D008343,O008343,,10,
D008344,O008344,John,12,Delivered
D008345,O008345,Amit,9,Cancelled
D008346,O008346,Kiran,16,Cancelled
D008347,O008347,Kiran,11,
D008348,O008348,Ravi,11,Delivered
D008349,O008349,Ravi,6,
D008350,O008350,Ravi,-5,Delivered
D008351,O008351,John,17,Cancelled
D008352,O008352,Amit,8,Delivered
D008353,O008353,Ravi,17,Cancelled
D008354,O008354,Amit,11,Delivered
D008355,O008355,John,15,delivered
D008356,O008356,Amit,-1,Delivered
D008357,O008357,Amit,16,
D008358,O008358,John,-2,delivered
D008359,O008359,Kiran,-4,delivered
D008360,O008360,Amit,14,delivered
D008361,O008361,Amit,-1,delivered
D008362,O008362,,-3,delivered
D008363,O008363,,12,delivered
D008364,O008364,Ravi,7,delivered
D008365,O008365,Ravi,16,Delivered
D008366,O008366,John,7,
D008367,O008367,John,6,Delivered
D008368,O008368,,-2,delivered
D008369,O008369,,1,delivered
D008370,O008370,Ravi,0,delivered
D008371,O008371,,2,Delivered
D008372,O008372,Amit,-1,
D008373,O008373,Amit,0,
D008374,O008374,,19,Delivered
D008375,O008375,John,-1,Cancelled
D008376,O008376,Ravi,19,Cancelled
D008377,O008377,Amit,13,
D008378,O008378,John,3,Cancelled
D008379,O008379,,12,Delivered
D008380,O008380,Ravi,2,
D008381,O008381,Ravi,-5,
D008382,O008382,John,8,Delivered
D008383,O008383,John,3,Delivered
D008384,O008384,John,1,Delivered
D008385,O008385,,4,delivered
D008386,O008386,,11,Cancelled
D008387,O008387,John,5,Cancelled
D008388,O008388,,11,
D008389,O008389,Ravi,8,Cancelled
D008390,O008390,Kiran,8,
D008391,O008391,,2,
D008392,O008392,Ravi,19,delivered
D008393,O008393,Kiran,12,
D008394,O008394,Kiran,13,delivered
D008395,O008395,John,12,Cancelled
D008396,O008396,John,11,delivered
D008397,O008397,Ravi,12,Delivered
D008398,O008398,John,8,delivered
D008399,O008399,Kiran,2,
D008400,O008400,Ravi,12,Cancelled
D008401,O008401,Ravi,3,
D008402,O008402,Ravi,-5,Cancelled
D008403,O008403,John,0,
D008404,O008404,John,0,delivered
D008405,O008405,John,0,
D008406,O008406,,1,Delivered
D008407,O008407,,11,Delivered
D008408,O008408,,3,Cancelled
D008409,O008409,Ravi,5,Cancelled
D008410,O008410,John,15,delivered
D008411,O008411,,18,
D008412,O008412,Ravi,12,Delivered
D008413,O008413,Kiran,7,delivered
D008414,O008414,,8,Cancelled
D008415,O008415,Ravi,-1,delivered
D008416,O008416,Amit,1,Cancelled
D008417,O008417,,-3,Cancelled
D008418,O008418,Kiran,6,delivered
D008419,O008419,Ravi,1,
D008420,O008420,,1,delivered
D008421,O008421,,5,Cancelled
D008422,O008422,Amit,4,Delivered
D008423,O008423,Ravi,-4,
D008424,O008424,Ravi,18,
D008425,O008425,Ravi,6,Delivered
D008426,O008426,John,3,
D008427,O008427,Amit,16,Cancelled
D008428,O008428,Ravi,0,delivered
D008429,O008429,Amit,8,Cancelled
D008430,O008430,John,2,
D008431,O008431,Ravi,10,Delivered
D008432,O008432,Amit,15,
D008433,O008433,Amit,10,Cancelled
D008434,O008434,John,-5,
D008435,O008435,Amit,4,
D008436,O008436,John,19,Cancelled
D008437,O008437,,13,
D008438,O008438,Amit,1,Cancelled
D008439,O008439,John,0,Delivered
D008440,O008440,Kiran,-2,
D008441,O008441,Ravi,17,Delivered
D008442,O008442,Ravi,3,delivered
D008443,O008443,Ravi,-2,
D008444,O008444,John,5,delivered
D008445,O008445,John,16,Delivered
D008446,O008446,Ravi,-3,Delivered
D008447,O008447,John,6,Cancelled
D008448,O008448,Amit,-3,delivered
D008449,O008449,Amit,1,delivered
D008450,O008450,Amit,19,Cancelled
D008451,O008451,,15,delivered
D008452,O008452,Ravi,-3,Delivered
D008453,O008453,Kiran,16,Delivered
D008454,O008454,Ravi,18,Delivered
D008455,O008455,Amit,-2,Delivered
D008456,O008456,Ravi,17,
D008457,O008457,,17,Cancelled
D008458,O008458,Amit,-1,
D008459,O008459,,12,
D008460,O008460,,-2,delivered
D008461,O008461,,-1,Cancelled
D008462,O008462,Amit,13,
D008463,O008463,,-2,
D008464,O008464,,6,Cancelled
D008465,O008465,Kiran,8,Delivered
D008466,O008466,Ravi,6,Cancelled
D008467,O008467,Kiran,7,Cancelled
D008468,O008468,Ravi,-1,Cancelled
D008469,O008469,Amit,-5,Delivered
D008470,O008470,Kiran,13,Cancelled
D008471,O008471,John,8,Delivered
D008472,O008472,Amit,19,
D008473,O008473,Amit,3,
D008474,O008474,Ravi,19,Delivered
D008475,O008475,Ravi,3,delivered
D008476,O008476,,8,Cancelled
D008477,O008477,John,19,
D008478,O008478,Amit,14,
D008479,O008479,Amit,17,Delivered
D008480,O008480,Kiran,-5,delivered
D008481,O008481,Ravi,9,delivered
D008482,O008482,Kiran,15,delivered
D008483,O008483,Ravi,5,Delivered
D008484,O008484,Ravi,12,Delivered
D008485,O008485,Kiran,14,Cancelled
D008486,O008486,Kiran,3,
D008487,O008487,Kiran,-1,
D008488,O008488,Ravi,9,Delivered
D008489,O008489,John,9,
D008490,O008490,Kiran,-4,Cancelled
D008491,O008491,Ravi,-5,Delivered
D008492,O008492,Kiran,-4,
D008493,O008493,John,-5,delivered
D008494,O008494,John,13,Delivered
D008495,O008495,,9,
D008496,O008496,,18,
D008497,O008497,John,6,Cancelled
D008498,O008498,Kiran,1,Cancelled
D008499,O008499,,7,delivered
D008500,O008500,Ravi,-5,delivered
D008501,O008501,John,4,delivered
D008502,O008502,Kiran,13,Cancelled
D008503,O008503,Ravi,17,
D008504,O008504,John,-1,Delivered
D008505,O008505,John,0,Delivered
D008506,O008506,Kiran,-1,Cancelled
D008507,O008507,Kiran,18,Cancelled
D008508,O008508,Amit,11,Cancelled
D008509,O008509,Kiran,1,Cancelled
D008510,O008510,Ravi,19,Delivered
D008511,O008511,,19,delivered
D008512,O008512,Kiran,-3,Delivered
D008513,O008513,Kiran,14,Cancelled
D008514,O008514,,-2,delivered
D008515,O008515,,18,Delivered
D008516,O008516,John,17,Cancelled
D008517,O008517,John,2,Cancelled
D008518,O008518,,15,
D008519,O008519,,7,
D008520,O008520,,-3,Cancelled
D008521,O008521,Ravi,3,Delivered
D008522,O008522,Amit,3,
D008523,O008523,Ravi,4,Delivered
D008524,O008524,Amit,12,Delivered
D008525,O008525,John,18,
D008526,O008526,,-3,Cancelled
D008527,O008527,Ravi,6,
D008528,O008528,,19,Delivered
D008529,O008529,,-4,delivered
D008530,O008530,,6,
D008531,O008531,Ravi,3,delivered
D008532,O008532,,-4,Cancelled
D008533,O008533,John,9,
D008534,O008534,Amit,1,delivered
D008535,O008535,Kiran,1,Cancelled
D008536,O008536,John,2,Delivered
D008537,O008537,Amit,9,Cancelled
D008538,O008538,Kiran,6,Cancelled
D008539,O008539,,14,Delivered
D008540,O008540,John,14,Cancelled
D008541,O008541,Kiran,18,
D008542,O008542,Kiran,0,Cancelled
D008543,O008543,Kiran,0,delivered
D008544,O008544,,10,Cancelled
D008545,O008545,Amit,-1,delivered
D008546,O008546,Amit,-3,Cancelled
D008547,O008547,John,8,
D008548,O008548,,12,Delivered
D008549,O008549,Amit,18,Delivered
D008550,O008550,John,-5,delivered
D008551,O008551,Amit,11,Cancelled
D008552,O008552,Ravi,6,Cancelled
D008553,O008553,,-1,
D008554,O008554,Ravi,15,Cancelled
D008555,O008555,Amit,-4,delivered
D008556,O008556,Amit,1,delivered
D008557,O008557,Ravi,11,
D008558,O008558,,14,delivered
D008559,O008559,John,-2,delivered
D008560,O008560,Kiran,-4,
D008561,O008561,Ravi,13,delivered
D008562,O008562,,12,delivered
D008563,O008563,,16,Delivered
D008564,O008564,Kiran,12,
D008565,O008565,John,7,Delivered
D008566,O008566,John,1,Cancelled
D008567,O008567,Amit,16,
D008568,O008568,Amit,12,Cancelled
D008569,O008569,Ravi,13,delivered
D008570,O008570,John,18,Delivered
D008571,O008571,Ravi,-5,delivered
D008572,O008572,Amit,3,Delivered
D008573,O008573,Ravi,-4,Delivered
D008574,O008574,Kiran,2,Delivered
D008575,O008575,Ravi,18,Delivered
D008576,O008576,Amit,2,delivered
D008577,O008577,Amit,14,delivered
D008578,O008578,Kiran,-4,delivered
D008579,O008579,Kiran,-4,Delivered
D008580,O008580,John,17,Cancelled
D008581,O008581,Kiran,-5,delivered
D008582,O008582,Kiran,-4,delivered
D008583,O008583,John,-3,
D008584,O008584,Kiran,17,Cancelled
D008585,O008585,,6,delivered
D008586,O008586,,2,delivered
D008587,O008587,,14,
D008588,O008588,Kiran,14,Delivered
D008589,O008589,Amit,11,Cancelled
D008590,O008590,Amit,7,Cancelled
D008591,O008591,John,-5,
D008592,O008592,Amit,17,Cancelled
D008593,O008593,Amit,5,delivered
D008594,O008594,John,3,Cancelled
D008595,O008595,,-4,
D008596,O008596,John,6,Delivered
D008597,O008597,Amit,19,
D008598,O008598,Amit,5,Cancelled
D008599,O008599,John,1,
D008600,O008600,Kiran,10,
D008601,O008601,Amit,9,Cancelled
D008602,O008602,Amit,18,Delivered
D008603,O008603,John,-1,delivered
D008604,O008604,Amit,11,
D008605,O008605,Kiran,2,Delivered
D008606,O008606,Kiran,13,Delivered
D008607,O008607,John,15,
D008608,O008608,Ravi,17,Cancelled
D008609,O008609,,1,Cancelled
D008610,O008610,Kiran,1,
D008611,O008611,Kiran,7,Cancelled
D008612,O008612,,12,Cancelled
D008613,O008613,John,12,Delivered
D008614,O008614,Amit,-3,delivered
D008615,O008615,John,0,delivered
D008616,O008616,Ravi,10,Cancelled
D008617,O008617,Ravi,4,Cancelled
D008618,O008618,,-4,
D008619,O008619,Ravi,7,Cancelled
D008620,O008620,Ravi,1,
D008621,O008621,,7,delivered
D008622,O008622,,19,Delivered
D008623,O008623,,3,
D008624,O008624,,-4,Delivered
D008625,O008625,,2,delivered
D008626,O008626,Kiran,2,Delivered
D008627,O008627,Amit,2,delivered
D008628,O008628,,-4,Delivered
D008629,O008629,Amit,9,Delivered
D008630,O008630,Ravi,-3,Cancelled
D008631,O008631,Kiran,14,delivered
D008632,O008632,,8,
D008633,O008633,Kiran,16,delivered
D008634,O008634,John,-4,Cancelled
D008635,O008635,Amit,-1,
D008636,O008636,,3,Cancelled
D008637,O008637,Amit,16,delivered
D008638,O008638,Amit,2,delivered
D008639,O008639,John,-4,Cancelled
D008640,O008640,Amit,-2,
D008641,O008641,Ravi,16,delivered
D008642,O008642,Amit,14,Cancelled
D008643,O008643,John,19,delivered
D008644,O008644,John,12,Cancelled
D008645,O008645,,17,delivered
D008646,O008646,Ravi,19,delivered
D008647,O008647,Amit,-4,Delivered
D008648,O008648,John,6,
D008649,O008649,John,0,delivered
D008650,O008650,Amit,-4,
D008651,O008651,Amit,15,Cancelled
D008652,O008652,,6,Delivered
D008653,O008653,,18,Cancelled
D008654,O008654,Ravi,-3,
D008655,O008655,,9,Cancelled
D008656,O008656,,15,Cancelled
D008657,O008657,Kiran,13,Cancelled
D008658,O008658,Amit,13,
D008659,O008659,,11,delivered
D008660,O008660,Kiran,8,Cancelled
D008661,O008661,Kiran,-4,
D008662,O008662,,17,Delivered
D008663,O008663,John,8,Delivered
D008664,O008664,,-2,
D008665,O008665,,8,Cancelled
D008666,O008666,Amit,5,delivered
D008667,O008667,John,6,Delivered
D008668,O008668,Ravi,7,delivered
D008669,O008669,,5,
D008670,O008670,,11,Delivered
D008671,O008671,Amit,-2,Cancelled
D008672,O008672,Ravi,10,Delivered
D008673,O008673,Kiran,19,Cancelled
D008674,O008674,John,18,delivered
D008675,O008675,Ravi,0,Delivered
D008676,O008676,,0,
D008677,O008677,Kiran,12,Delivered
D008678,O008678,Amit,15,Cancelled
D008679,O008679,,19,delivered
D008680,O008680,Amit,18,
D008681,O008681,John,14,Cancelled
D008682,O008682,Amit,1,Cancelled
D008683,O008683,Ravi,9,
D008684,O008684,Ravi,3,
D008685,O008685,John,-1,delivered
D008686,O008686,John,-4,Cancelled
D008687,O008687,John,-4,Cancelled
D008688,O008688,Ravi,2,delivered
D008689,O008689,,18,Delivered
D008690,O008690,Ravi,2,
D008691,O008691,Amit,-1,delivered
D008692,O008692,John,12,
D008693,O008693,Kiran,10,delivered
D008694,O008694,Ravi,5,delivered
D008695,O008695,Kiran,8,Cancelled
D008696,O008696,,2,
D008697,O008697,Ravi,14,delivered
D008698,O008698,,19,Cancelled
D008699,O008699,,4,delivered
D008700,O008700,Ravi,16,
D008701,O008701,Ravi,5,delivered
D008702,O008702,,17,Cancelled
D008703,O008703,John,13,Cancelled
D008704,O008704,Ravi,12,Delivered
D008705,O008705,,12,
D008706,O008706,Amit,13,Delivered
D008707,O008707,Kiran,1,Cancelled
D008708,O008708,Amit,2,Delivered
D008709,O008709,Ravi,9,
D008710,O008710,Ravi,10,Cancelled
D008711,O008711,Ravi,14,Delivered
D008712,O008712,Ravi,13,Delivered
D008713,O008713,Amit,5,Cancelled
D008714,O008714,John,1,delivered
D008715,O008715,,13,Cancelled
D008716,O008716,,18,Delivered
D008717,O008717,,14,
D008718,O008718,Kiran,10,Delivered
D008719,O008719,Ravi,2,Cancelled
D008720,O008720,Amit,12,Delivered
D008721,O008721,Amit,18,Cancelled
D008722,O008722,Amit,2,Delivered
D008723,O008723,John,7,Delivered
D008724,O008724,Ravi,4,delivered
D008725,O008725,,13,Cancelled
D008726,O008726,,12,delivered
D008727,O008727,Ravi,17,delivered
D008728,O008728,,19,Delivered
D008729,O008729,,4,Cancelled
D008730,O008730,Ravi,-5,
D008731,O008731,Amit,-1,Delivered
D008732,O008732,Kiran,-3,Cancelled
D008733,O008733,Ravi,3,delivered
D008734,O008734,,2,Delivered
D008735,O008735,,10,
D008736,O008736,Kiran,19,Delivered
D008737,O008737,Kiran,19,delivered
D008738,O008738,Kiran,4,delivered
D008739,O008739,Ravi,13,Cancelled
D008740,O008740,Amit,8,
D008741,O008741,Kiran,17,Delivered
D008742,O008742,John,-1,delivered
D008743,O008743,Amit,0,Cancelled
D008744,O008744,Kiran,2,
D008745,O008745,,5,
D008746,O008746,Ravi,2,Cancelled
D008747,O008747,,17,delivered
D008748,O008748,,7,
D008749,O008749,Ravi,-5,Delivered
D008750,O008750,Amit,11,delivered
D008751,O008751,,10,delivered
D008752,O008752,Amit,16,Cancelled
D008753,O008753,Ravi,3,
D008754,O008754,Kiran,2,Cancelled
D008755,O008755,,-5,
D008756,O008756,,2,Cancelled
D008757,O008757,Ravi,-1,delivered
D008758,O008758,Ravi,12,Cancelled
D008759,O008759,Kiran,1,delivered
D008760,O008760,Ravi,12,delivered
D008761,O008761,John,10,Cancelled
D008762,O008762,John,6,
D008763,O008763,Ravi,-2,delivered
D008764,O008764,Kiran,7,Cancelled
D008765,O008765,John,5,delivered
D008766,O008766,,10,delivered
D008767,O008767,Kiran,6,Cancelled
D008768,O008768,Ravi,8,delivered
D008769,O008769,John,10,delivered
D008770,O008770,Kiran,14,Cancelled
D008771,O008771,,15,Delivered
D008772,O008772,Ravi,16,Cancelled
D008773,O008773,Amit,12,
D008774,O008774,John,2,Delivered
D008775,O008775,,19,delivered
D008776,O008776,Kiran,-3,
D008777,O008777,John,1,Delivered
D008778,O008778,John,14,Cancelled
D008779,O008779,Ravi,4,delivered
D008780,O008780,,5,Delivered
D008781,O008781,John,14,Cancelled
D008782,O008782,John,-5,Delivered
D008783,O008783,,5,Cancelled
D008784,O008784,Kiran,-1,
D008785,O008785,Ravi,16,
D008786,O008786,John,7,delivered
D008787,O008787,,10,Cancelled
D008788,O008788,Amit,5,Delivered
D008789,O008789,Kiran,-1,delivered
D008790,O008790,Ravi,0,delivered
D008791,O008791,Amit,-3,Cancelled
D008792,O008792,Kiran,-4,
D008793,O008793,John,15,delivered
D008794,O008794,Ravi,0,Delivered
D008795,O008795,Kiran,4,delivered
D008796,O008796,Kiran,0,Cancelled
D008797,O008797,Kiran,15,
D008798,O008798,Kiran,-4,Cancelled
D008799,O008799,Amit,11,delivered
D008800,O008800,Ravi,16,Delivered
D008801,O008801,John,-5,delivered
D008802,O008802,Ravi,-5,delivered
D008803,O008803,Amit,0,
D008804,O008804,Ravi,11,Cancelled
D008805,O008805,Amit,-4,
D008806,O008806,Amit,11,delivered
D008807,O008807,Amit,10,Delivered
D008808,O008808,Amit,1,Delivered
D008809,O008809,Kiran,-2,
D008810,O008810,Ravi,7,Delivered
D008811,O008811,,14,Delivered
D008812,O008812,Amit,-2,Delivered
D008813,O008813,Amit,-1,delivered
D008814,O008814,Ravi,10,Delivered
D008815,O008815,Kiran,3,
D008816,O008816,John,5,Delivered
D008817,O008817,Amit,6,delivered
D008818,O008818,Kiran,8,delivered
D008819,O008819,Kiran,9,Delivered
D008820,O008820,,-1,
D008821,O008821,Amit,4,Delivered
D008822,O008822,Kiran,12,Cancelled
D008823,O008823,,2,
D008824,O008824,Kiran,2,
D008825,O008825,,19,
D008826,O008826,,-2,
D008827,O008827,,13,
D008828,O008828,Kiran,5,Delivered
D008829,O008829,John,0,Delivered
D008830,O008830,Ravi,-5,
D008831,O008831,,16,
D008832,O008832,Amit,-1,Cancelled
D008833,O008833,Ravi,-5,delivered
D008834,O008834,John,16,delivered
D008835,O008835,Ravi,-3,
D008836,O008836,Ravi,18,
D008837,O008837,John,-3,delivered
D008838,O008838,Amit,-3,Delivered
D008839,O008839,,1,Cancelled
D008840,O008840,Kiran,-5,Cancelled
D008841,O008841,Amit,4,
D008842,O008842,Amit,18,Delivered
D008843,O008843,,14,Delivered
D008844,O008844,Amit,-1,Delivered
D008845,O008845,Amit,15,Delivered
D008846,O008846,Ravi,10,
D008847,O008847,Ravi,10,delivered
D008848,O008848,John,-2,
D008849,O008849,John,11,Cancelled
D008850,O008850,John,7,Cancelled
D008851,O008851,Kiran,-3,
D008852,O008852,,2,Cancelled
D008853,O008853,Kiran,-4,delivered
D008854,O008854,Kiran,18,delivered
D008855,O008855,John,5,
D008856,O008856,,-2,Cancelled
D008857,O008857,Kiran,19,delivered
D008858,O008858,Ravi,2,delivered
D008859,O008859,Kiran,7,Cancelled
D008860,O008860,Ravi,18,Delivered
D008861,O008861,Kiran,-2,Cancelled
D008862,O008862,,-4,
D008863,O008863,Ravi,2,Delivered
D008864,O008864,Ravi,17,
D008865,O008865,John,12,delivered
D008866,O008866,Ravi,1,Delivered
D008867,O008867,Kiran,11,
D008868,O008868,Kiran,8,
D008869,O008869,John,16,
D008870,O008870,Amit,1,Delivered
D008871,O008871,Ravi,7,
D008872,O008872,Ravi,-4,Delivered
D008873,O008873,Ravi,6,Delivered
D008874,O008874,Kiran,-4,
D008875,O008875,,2,delivered
D008876,O008876,,12,Cancelled
D008877,O008877,,-4,Cancelled
D008878,O008878,John,15,Delivered
D008879,O008879,John,-2,
D008880,O008880,Kiran,11,Cancelled
D008881,O008881,,8,Cancelled
D008882,O008882,Amit,2,
D008883,O008883,Ravi,-2,Cancelled
D008884,O008884,,10,
D008885,O008885,Amit,3,Cancelled
D008886,O008886,Ravi,12,delivered
D008887,O008887,Ravi,12,
D008888,O008888,John,16,Cancelled
D008889,O008889,Amit,7,Delivered
D008890,O008890,,5,
D008891,O008891,,-4,Cancelled
D008892,O008892,Kiran,-4,delivered
D008893,O008893,Amit,16,Cancelled
D008894,O008894,Ravi,16,Delivered
D008895,O008895,John,18,
D008896,O008896,Kiran,5,delivered
D008897,O008897,John,7,Cancelled
D008898,O008898,Ravi,9,Delivered
D008899,O008899,Ravi,10,Delivered
D008900,O008900,John,10,Delivered
D008901,O008901,Kiran,11,Cancelled
D008902,O008902,Ravi,11,delivered
D008903,O008903,,1,Cancelled
D008904,O008904,,3,delivered
D008905,O008905,,17,
D008906,O008906,Kiran,-2,delivered
D008907,O008907,Kiran,19,Delivered
D008908,O008908,Amit,9,Delivered
D008909,O008909,Amit,5,Delivered
D008910,O008910,,0,Cancelled
D008911,O008911,John,-5,
D008912,O008912,John,16,delivered
D008913,O008913,,16,Delivered
D008914,O008914,Amit,-5,
D008915,O008915,Kiran,18,
D008916,O008916,John,-1,Cancelled
D008917,O008917,Kiran,-2,delivered
D008918,O008918,,8,
D008919,O008919,Kiran,4,delivered
D008920,O008920,John,-5,Cancelled
D008921,O008921,Amit,15,delivered
D008922,O008922,John,6,Cancelled
D008923,O008923,Ravi,11,Delivered
D008924,O008924,Kiran,-3,delivered
D008925,O008925,Kiran,4,Cancelled
D008926,O008926,Kiran,-5,
D008927,O008927,,13,Delivered
D008928,O008928,,12,
D008929,O008929,John,7,Delivered
D008930,O008930,Amit,14,Delivered
D008931,O008931,Ravi,17,delivered
D008932,O008932,Amit,11,
D008933,O008933,Amit,17,
D008934,O008934,Ravi,16,Delivered
D008935,O008935,,-2,Delivered
D008936,O008936,Kiran,3,Delivered
D008937,O008937,,17,Cancelled
D008938,O008938,Kiran,4,delivered
D008939,O008939,Kiran,4,Delivered
D008940,O008940,,9,delivered
D008941,O008941,Amit,-1,Delivered
D008942,O008942,Kiran,12,Cancelled
D008943,O008943,,5,Delivered
D008944,O008944,Amit,7,delivered
D008945,O008945,Ravi,11,Delivered
D008946,O008946,Kiran,12,delivered
D008947,O008947,Amit,19,
D008948,O008948,Kiran,10,delivered
D008949,O008949,Amit,12,Cancelled
D008950,O008950,Ravi,-1,Delivered
D008951,O008951,Kiran,2,
D008952,O008952,,18,delivered
D008953,O008953,Amit,8,
D008954,O008954,Ravi,19,Cancelled
D008955,O008955,Kiran,14,
D008956,O008956,Ravi,7,
D008957,O008957,Ravi,17,delivered
D008958,O008958,Kiran,3,Cancelled
D008959,O008959,Kiran,17,Delivered
D008960,O008960,Amit,-5,Delivered
D008961,O008961,,16,Delivered
D008962,O008962,Ravi,12,Delivered
D008963,O008963,Kiran,1,Delivered
D008964,O008964,Ravi,3,
D008965,O008965,Amit,1,Delivered
D008966,O008966,Amit,2,
D008967,O008967,Amit,12,delivered
D008968,O008968,,15,delivered
D008969,O008969,John,4,Cancelled
D008970,O008970,John,11,Delivered
D008971,O008971,John,13,
D008972,O008972,,-5,Delivered
D008973,O008973,,-4,
D008974,O008974,Ravi,8,delivered
D008975,O008975,Ravi,-2,Cancelled
D008976,O008976,Amit,16,Cancelled
D008977,O008977,,11,Cancelled
D008978,O008978,John,19,Delivered
D008979,O008979,John,11,
D008980,O008980,Ravi,2,Delivered
D008981,O008981,Amit,-5,Cancelled
D008982,O008982,Amit,11,Delivered
D008983,O008983,Kiran,2,Delivered
D008984,O008984,,7,Delivered
D008985,O008985,John,-4,Delivered
D008986,O008986,John,11,
D008987,O008987,Ravi,1,
D008988,O008988,Ravi,10,Cancelled
D008989,O008989,,11,Cancelled
D008990,O008990,Ravi,-2,delivered
D008991,O008991,Ravi,4,
D008992,O008992,John,3,Delivered
D008993,O008993,,4,
D008994,O008994,John,13,Delivered
D008995,O008995,John,0,Delivered
D008996,O008996,Ravi,6,delivered
D008997,O008997,John,5,delivered
D008998,O008998,,9,delivered
D008999,O008999,Ravi,19,delivered
D009000,O009000,,14,Delivered
D009001,O009001,Amit,8,Delivered
D009002,O009002,,6,
D009003,O009003,,13,Delivered
D009004,O009004,Kiran,15,
D009005,O009005,,6,
D009006,O009006,John,1,delivered
D009007,O009007,John,-1,
D009008,O009008,Ravi,9,Cancelled
D009009,O009009,Amit,10,Cancelled
D009010,O009010,Ravi,5,Delivered
D009011,O009011,,14,Cancelled
D009012,O009012,,11,delivered
D009013,O009013,John,0,delivered
D009014,O009014,,14,
D009015,O009015,,16,Delivered
D009016,O009016,John,0,Cancelled
D009017,O009017,Amit,6,Delivered
D009018,O009018,,14,
D009019,O009019,Kiran,2,delivered
D009020,O009020,Amit,14,
D009021,O009021,Amit,-1,Cancelled
D009022,O009022,John,15,delivered
D009023,O009023,Ravi,5,Cancelled
D009024,O009024,,-4,Delivered
D009025,O009025,,2,delivered
D009026,O009026,Ravi,2,Delivered
D009027,O009027,,2,delivered
D009028,O009028,Kiran,11,Cancelled
D009029,O009029,Ravi,1,Cancelled
D009030,O009030,John,-3,
D009031,O009031,Ravi,-5,
D009032,O009032,Amit,-1,delivered
D009033,O009033,John,10,delivered
D009034,O009034,Amit,-2,delivered
D009035,O009035,John,9,
D009036,O009036,Ravi,17,Cancelled
D009037,O009037,Amit,11,Delivered
D009038,O009038,John,11,Delivered
D009039,O009039,,7,delivered
D009040,O009040,Amit,18,Delivered
D009041,O009041,Kiran,5,Delivered
D009042,O009042,John,10,Delivered
D009043,O009043,,-2,
D009044,O009044,,9,
D009045,O009045,Ravi,6,Delivered
D009046,O009046,Ravi,8,Cancelled
D009047,O009047,Amit,7,Cancelled
D009048,O009048,Amit,3,
D009049,O009049,Kiran,9,Cancelled
D009050,O009050,,10,delivered
D009051,O009051,John,4,delivered
D009052,O009052,Kiran,-1,Cancelled
D009053,O009053,Kiran,5,Delivered
D009054,O009054,Kiran,0,Cancelled
D009055,O009055,John,5,Delivered
D009056,O009056,Kiran,-4,Delivered
D009057,O009057,Ravi,13,Cancelled
D009058,O009058,Ravi,17,delivered
D009059,O009059,Ravi,9,Delivered
D009060,O009060,Kiran,6,Delivered
D009061,O009061,Kiran,1,
D009062,O009062,,0,Cancelled
D009063,O009063,Amit,5,
D009064,O009064,,-2,Delivered
D009065,O009065,Ravi,8,Delivered
D009066,O009066,Amit,4,
D009067,O009067,,9,Cancelled
D009068,O009068,John,-2,
D009069,O009069,John,7,
D009070,O009070,John,2,Delivered
D009071,O009071,Ravi,19,delivered
D009072,O009072,Amit,18,delivered
D009073,O009073,Ravi,2,delivered
D009074,O009074,John,7,Cancelled
D009075,O009075,Kiran,5,
D009076,O009076,Ravi,-1,Cancelled
D009077,O009077,Amit,12,delivered
D009078,O009078,Ravi,12,Cancelled
D009079,O009079,Amit,-4,Cancelled
D009080,O009080,Kiran,16,Cancelled
D009081,O009081,,9,delivered
D009082,O009082,Amit,-1,Cancelled
D009083,O009083,Amit,14,Cancelled
D009084,O009084,John,-2,delivered
D009085,O009085,John,2,delivered
D009086,O009086,Kiran,12,Cancelled
D009087,O009087,Ravi,15,
D009088,O009088,,17,Cancelled
D009089,O009089,,9,Delivered
D009090,O009090,Kiran,6,delivered
D009091,O009091,,1,
D009092,O009092,Ravi,10,Delivered
D009093,O009093,John,2,Delivered
D009094,O009094,Kiran,8,Delivered
D009095,O009095,,13,
D009096,O009096,Kiran,12,Delivered
D009097,O009097,Kiran,2,delivered
D009098,O009098,Amit,10,
D009099,O009099,Amit,3,delivered
D009100,O009100,Kiran,-5,
D009101,O009101,Amit,19,delivered
D009102,O009102,,2,
D009103,O009103,Kiran,1,Delivered
D009104,O009104,Amit,2,delivered
D009105,O009105,,7,delivered
D009106,O009106,John,-3,delivered
D009107,O009107,John,-4,Cancelled
D009108,O009108,Kiran,7,Delivered
D009109,O009109,Ravi,-2,delivered
D009110,O009110,,17,delivered
D009111,O009111,Kiran,-4,
D009112,O009112,Amit,17,Delivered
D009113,O009113,John,1,Delivered
D009114,O009114,Amit,3,delivered
D009115,O009115,,13,Cancelled
D009116,O009116,Kiran,3,delivered
D009117,O009117,John,17,Cancelled
D009118,O009118,,5,Delivered
D009119,O009119,John,7,Delivered
D009120,O009120,John,2,Cancelled
D009121,O009121,Kiran,8,Delivered
D009122,O009122,Kiran,13,
D009123,O009123,Ravi,-1,Cancelled
D009124,O009124,Ravi,10,
D009125,O009125,Ravi,1,delivered
D009126,O009126,Ravi,18,delivered
D009127,O009127,Amit,8,
D009128,O009128,Ravi,16,Delivered
D009129,O009129,Amit,16,
D009130,O009130,John,-1,Delivered
D009131,O009131,Amit,14,
D009132,O009132,John,10,
D009133,O009133,Ravi,1,Delivered
D009134,O009134,Amit,15,
D009135,O009135,John,10,Cancelled
D009136,O009136,Ravi,18,Delivered
D009137,O009137,John,6,delivered
D009138,O009138,Kiran,10,delivered
D009139,O009139,John,11,
D009140,O009140,Ravi,2,delivered
D009141,O009141,,6,Cancelled
D009142,O009142,Kiran,-1,delivered
D009143,O009143,Amit,-2,delivered
D009144,O009144,Kiran,16,Delivered
D009145,O009145,Ravi,17,
D009146,O009146,John,13,delivered
D009147,O009147,,6,
D009148,O009148,Ravi,-2,Delivered
D009149,O009149,John,1,delivered
D009150,O009150,Ravi,1,delivered
D009151,O009151,,13,Delivered
D009152,O009152,John,19,Delivered
D009153,O009153,,-3,delivered
D009154,O009154,John,18,Cancelled
D009155,O009155,Kiran,18,
D009156,O009156,Ravi,13,
D009157,O009157,Amit,17,
D009158,O009158,Amit,13,Cancelled
D009159,O009159,Ravi,7,
D009160,O009160,Amit,8,Delivered
D009161,O009161,,12,Delivered
D009162,O009162,Amit,1,delivered
D009163,O009163,Ravi,7,Cancelled
D009164,O009164,Kiran,18,Cancelled
D009165,O009165,Ravi,19,delivered
D009166,O009166,Ravi,8,Cancelled
D009167,O009167,John,11,
D009168,O009168,Amit,9,delivered
D009169,O009169,Amit,3,
D009170,O009170,John,-4,
D009171,O009171,,-3,delivered
D009172,O009172,,2,Delivered
D009173,O009173,John,12,delivered
D009174,O009174,Amit,17,Cancelled
D009175,O009175,,5,
D009176,O009176,,18,
D009177,O009177,Kiran,4,Cancelled
D009178,O009178,,15,delivered
D009179,O009179,Amit,5,Delivered
D009180,O009180,Kiran,-3,Cancelled
D009181,O009181,Kiran,6,Delivered
D009182,O009182,Amit,3,
D009183,O009183,John,6,delivered
D009184,O009184,Ravi,8,delivered
D009185,O009185,,7,
D009186,O009186,John,2,Cancelled
D009187,O009187,Ravi,-3,
D009188,O009188,Amit,18,Cancelled
D009189,O009189,,13,
D009190,O009190,John,0,Delivered
D009191,O009191,Ravi,10,delivered
D009192,O009192,Amit,8,Delivered
D009193,O009193,Kiran,-5,Cancelled
D009194,O009194,Kiran,14,Cancelled
D009195,O009195,Kiran,2,
D009196,O009196,Amit,0,Delivered
D009197,O009197,Ravi,-1,delivered
D009198,O009198,Amit,16,Cancelled
D009199,O009199,Kiran,1,
D009200,O009200,Amit,-5,delivered
D009201,O009201,,7,
D009202,O009202,Ravi,10,Cancelled
D009203,O009203,,13,delivered
D009204,O009204,Kiran,6,
D009205,O009205,Ravi,8,Cancelled
D009206,O009206,,9,
D009207,O009207,Amit,6,
D009208,O009208,John,11,
D009209,O009209,Amit,3,delivered
D009210,O009210,Kiran,-2,delivered
D009211,O009211,John,12,Cancelled
D009212,O009212,Ravi,6,
D009213,O009213,John,5,delivered
D009214,O009214,Ravi,15,delivered
D009215,O009215,,-4,
D009216,O009216,,17,Cancelled
D009217,O009217,,14,Delivered
D009218,O009218,,15,
D009219,O009219,,19,Cancelled
D009220,O009220,John,8,Delivered
D009221,O009221,Ravi,6,Cancelled
D009222,O009222,,-4,Delivered
D009223,O009223,,5,Delivered
D009224,O009224,Ravi,-1,Cancelled
D009225,O009225,John,8,delivered
D009226,O009226,,9,Cancelled
D009227,O009227,John,14,Delivered
D009228,O009228,,-3,
D009229,O009229,John,11,Delivered
D009230,O009230,Kiran,0,Delivered
D009231,O009231,,1,Cancelled
D009232,O009232,,7,Delivered
D009233,O009233,Amit,-5,
D009234,O009234,Amit,7,delivered
D009235,O009235,John,0,
D009236,O009236,Amit,11,delivered
D009237,O009237,John,0,
D009238,O009238,,-2,delivered
D009239,O009239,,0,Cancelled
D009240,O009240,Kiran,-5,delivered
D009241,O009241,Kiran,-5,Cancelled
D009242,O009242,Amit,13,
D009243,O009243,,16,Delivered
D009244,O009244,John,13,Cancelled
D009245,O009245,Amit,7,delivered
D009246,O009246,Kiran,1,Cancelled
D009247,O009247,Ravi,5,Cancelled
D009248,O009248,John,14,Cancelled
D009249,O009249,Ravi,6,Cancelled
D009250,O009250,Amit,3,Delivered
D009251,O009251,Amit,7,Cancelled
D009252,O009252,Ravi,1,
D009253,O009253,Amit,14,Cancelled
D009254,O009254,Amit,19,Cancelled
D009255,O009255,,-1,Delivered
D009256,O009256,John,10,
D009257,O009257,Kiran,14,Delivered
D009258,O009258,,12,Delivered
D009259,O009259,Amit,19,
D009260,O009260,Kiran,6,
D009261,O009261,Amit,18,Cancelled
D009262,O009262,John,16,
D009263,O009263,Amit,-5,Cancelled
D009264,O009264,Ravi,2,Delivered
D009265,O009265,Ravi,-2,Cancelled
D009266,O009266,Ravi,11,Cancelled
D009267,O009267,Ravi,-3,
D009268,O009268,Kiran,16,Delivered
D009269,O009269,Ravi,12,
D009270,O009270,Amit,2,Delivered
D009271,O009271,,15,delivered
D009272,O009272,Amit,15,Delivered
D009273,O009273,Amit,-5,Delivered
D009274,O009274,Amit,3,Delivered
D009275,O009275,Amit,-4,Delivered
D009276,O009276,,19,Cancelled
D009277,O009277,Ravi,4,
D009278,O009278,John,8,Delivered
D009279,O009279,Kiran,-5,Cancelled
D009280,O009280,,4,
D009281,O009281,,2,Cancelled
D009282,O009282,,-3,Delivered
D009283,O009283,Kiran,7,
D009284,O009284,Amit,-3,Delivered
D009285,O009285,Kiran,1,delivered
D009286,O009286,,17,Cancelled
D009287,O009287,Amit,17,Delivered
D009288,O009288,,5,
D009289,O009289,John,8,
D009290,O009290,Ravi,1,Cancelled
D009291,O009291,Ravi,13,delivered
D009292,O009292,,9,Delivered
D009293,O009293,Amit,2,
D009294,O009294,John,-5,delivered
D009295,O009295,John,-3,
D009296,O009296,Amit,2,Cancelled
D009297,O009297,Amit,7,
D009298,O009298,John,12,delivered
D009299,O009299,Ravi,1,
D009300,O009300,Ravi,14,delivered
D009301,O009301,John,0,Cancelled
D009302,O009302,Kiran,19,Cancelled
D009303,O009303,John,2,Cancelled
D009304,O009304,,-2,
D009305,O009305,Kiran,17,Cancelled
D009306,O009306,Amit,8,Cancelled
D009307,O009307,John,13,Cancelled
D009308,O009308,John,3,delivered
D009309,O009309,Kiran,7,Cancelled
D009310,O009310,John,6,
D009311,O009311,,-4,
D009312,O009312,Ravi,0,Cancelled
D009313,O009313,John,15,
D009314,O009314,Ravi,14,Cancelled
D009315,O009315,Amit,12,Cancelled
D009316,O009316,Amit,3,
D009317,O009317,John,9,Delivered
D009318,O009318,Amit,15,
D009319,O009319,John,-5,delivered
D009320,O009320,Ravi,15,delivered
D009321,O009321,Kiran,1,Delivered
D009322,O009322,John,-3,delivered
D009323,O009323,Kiran,17,
D009324,O009324,Ravi,16,
D009325,O009325,Ravi,1,delivered
D009326,O009326,Kiran,7,Cancelled
D009327,O009327,John,3,delivered
D009328,O009328,Kiran,-4,Delivered
D009329,O009329,John,6,delivered
D009330,O009330,John,-4,Delivered
D009331,O009331,Kiran,7,Delivered
D009332,O009332,Ravi,-5,
D009333,O009333,,12,delivered
D009334,O009334,Amit,-3,Cancelled
D009335,O009335,,1,Delivered
D009336,O009336,Ravi,-3,delivered
D009337,O009337,Amit,9,delivered
D009338,O009338,Kiran,6,
D009339,O009339,,5,Cancelled
D009340,O009340,John,7,Cancelled
D009341,O009341,Ravi,18,delivered
D009342,O009342,Ravi,-3,Cancelled
D009343,O009343,Ravi,12,Delivered
D009344,O009344,,9,
D009345,O009345,John,4,delivered
D009346,O009346,,14,Cancelled
D009347,O009347,John,-2,delivered
D009348,O009348,Amit,-1,Cancelled
D009349,O009349,Kiran,6,Delivered
D009350,O009350,Ravi,15,delivered
D009351,O009351,John,13,
D009352,O009352,,10,Cancelled
D009353,O009353,,11,
D009354,O009354,Ravi,2,
D009355,O009355,Ravi,-4,Delivered
D009356,O009356,Ravi,10,Delivered
D009357,O009357,Amit,9,Cancelled
D009358,O009358,Kiran,5,delivered
D009359,O009359,John,-1,Cancelled
D009360,O009360,Ravi,-4,Cancelled
D009361,O009361,John,16,Delivered
D009362,O009362,,1,Cancelled
D009363,O009363,Kiran,1,Cancelled
D009364,O009364,Kiran,-5,delivered
D009365,O009365,John,19,Cancelled
D009366,O009366,,11,delivered
D009367,O009367,,18,Cancelled
D009368,O009368,Amit,10,Delivered
D009369,O009369,Ravi,11,Cancelled
D009370,O009370,,5,delivered
D009371,O009371,Ravi,8,
D009372,O009372,Ravi,7,delivered
D009373,O009373,John,-3,Cancelled
D009374,O009374,Ravi,14,Cancelled
D009375,O009375,John,19,Cancelled
D009376,O009376,Kiran,2,delivered
D009377,O009377,,6,delivered
D009378,O009378,John,5,Delivered
D009379,O009379,Amit,6,Cancelled
D009380,O009380,John,9,
D009381,O009381,Ravi,15,delivered
D009382,O009382,Amit,-2,delivered
D009383,O009383,Ravi,4,delivered
D009384,O009384,Amit,10,delivered
D009385,O009385,John,3,
D009386,O009386,Ravi,11,Delivered
D009387,O009387,John,16,
D009388,O009388,,7,
D009389,O009389,Amit,2,delivered
D009390,O009390,Kiran,17,delivered
D009391,O009391,Kiran,2,Cancelled
D009392,O009392,John,-3,Delivered
D009393,O009393,Amit,15,Delivered
D009394,O009394,Amit,7,Delivered
D009395,O009395,John,11,Cancelled
D009396,O009396,Kiran,10,Delivered
D009397,O009397,,18,
D009398,O009398,Kiran,-4,delivered
D009399,O009399,Ravi,4,
D009400,O009400,Kiran,-3,
D009401,O009401,Ravi,-4,Delivered
D009402,O009402,Ravi,-5,delivered
D009403,O009403,,-4,Delivered
D009404,O009404,,-4,Delivered
D009405,O009405,Kiran,0,delivered
D009406,O009406,John,8,Cancelled
D009407,O009407,Kiran,14,Cancelled
D009408,O009408,,4,Cancelled
D009409,O009409,Ravi,14,delivered
D009410,O009410,Ravi,-5,
D009411,O009411,John,7,
D009412,O009412,Kiran,10,delivered
D009413,O009413,John,-4,Delivered
D009414,O009414,John,8,Delivered
D009415,O009415,Kiran,13,delivered
D009416,O009416,Amit,6,Delivered
D009417,O009417,Kiran,10,Delivered
D009418,O009418,John,3,Cancelled
D009419,O009419,Amit,5,delivered
D009420,O009420,John,15,Cancelled
D009421,O009421,John,6,
D009422,O009422,John,-2,
D009423,O009423,Ravi,13,
D009424,O009424,Kiran,4,
D009425,O009425,,9,Delivered
D009426,O009426,Ravi,11,Delivered
D009427,O009427,Kiran,6,Cancelled
D009428,O009428,Ravi,-5,delivered
D009429,O009429,Kiran,10,Delivered
D009430,O009430,Amit,2,delivered
D009431,O009431,,19,Cancelled
D009432,O009432,Amit,13,
D009433,O009433,Amit,3,Delivered
D009434,O009434,Kiran,18,
D009435,O009435,John,5,Cancelled
D009436,O009436,John,11,delivered
D009437,O009437,John,16,Delivered
D009438,O009438,John,3,delivered
D009439,O009439,,14,delivered
D009440,O009440,Amit,5,
D009441,O009441,Ravi,3,Delivered
D009442,O009442,,-4,Cancelled
D009443,O009443,Kiran,3,Delivered
D009444,O009444,,5,delivered
D009445,O009445,,-5,
D009446,O009446,Kiran,14,delivered
D009447,O009447,Ravi,-1,delivered
D009448,O009448,Amit,12,Delivered
D009449,O009449,,16,delivered
D009450,O009450,Kiran,2,Delivered
D009451,O009451,Kiran,12,Delivered
D009452,O009452,Ravi,3,delivered
D009453,O009453,,-4,
D009454,O009454,Kiran,11,delivered
D009455,O009455,Ravi,5,
D009456,O009456,Ravi,8,delivered
D009457,O009457,Kiran,0,Cancelled
D009458,O009458,Kiran,-1,Cancelled
D009459,O009459,,6,Cancelled
D009460,O009460,,6,delivered
D009461,O009461,Amit,4,delivered
D009462,O009462,Kiran,-3,
D009463,O009463,John,13,Cancelled
D009464,O009464,John,18,Delivered
D009465,O009465,Amit,14,Cancelled
D009466,O009466,Kiran,11,Cancelled
D009467,O009467,Ravi,9,Delivered
D009468,O009468,John,-2,Cancelled
D009469,O009469,,0,Cancelled
D009470,O009470,John,-4,
D009471,O009471,Kiran,6,Cancelled
D009472,O009472,John,10,Delivered
D009473,O009473,Amit,1,Delivered
D009474,O009474,,11,Cancelled
D009475,O009475,Amit,8,delivered
D009476,O009476,Ravi,3,Cancelled
D009477,O009477,Ravi,7,Delivered
D009478,O009478,Ravi,12,Delivered
D009479,O009479,Ravi,19,Delivered
D009480,O009480,Kiran,6,delivered
D009481,O009481,Kiran,7,delivered
D009482,O009482,Kiran,10,delivered
D009483,O009483,Amit,11,Cancelled
D009484,O009484,Amit,14,Delivered
D009485,O009485,John,15,Cancelled
D009486,O009486,,18,Cancelled
D009487,O009487,Amit,5,delivered
D009488,O009488,John,-1,Cancelled
D009489,O009489,Ravi,9,
D009490,O009490,Ravi,-5,delivered
D009491,O009491,Amit,11,delivered
D009492,O009492,Kiran,12,Delivered
D009493,O009493,John,3,
D009494,O009494,,11,
D009495,O009495,John,-3,
D009496,O009496,Kiran,2,Delivered
D009497,O009497,Kiran,5,Cancelled
D009498,O009498,Amit,11,Cancelled
D009499,O009499,Kiran,10,Delivered
D009500,O009500,Kiran,14,Cancelled
D009501,O009501,,18,
D009502,O009502,Kiran,8,Delivered
D009503,O009503,Ravi,16,
D009504,O009504,Kiran,16,
D009505,O009505,Ravi,11,Delivered
D009506,O009506,,1,delivered
D009507,O009507,Amit,5,Delivered
D009508,O009508,Ravi,11,Delivered
D009509,O009509,Amit,7,delivered
D009510,O009510,Amit,13,delivered
D009511,O009511,Ravi,11,
D009512,O009512,John,5,delivered
D009513,O009513,Kiran,18,delivered
D009514,O009514,,-2,
D009515,O009515,Amit,10,
D009516,O009516,John,15,
D009517,O009517,Amit,-5,
D009518,O009518,John,7,Delivered
D009519,O009519,,11,
D009520,O009520,John,9,Delivered
D009521,O009521,,4,
D009522,O009522,Kiran,-5,Delivered
D009523,O009523,John,9,Delivered
D009524,O009524,Amit,5,Delivered
D009525,O009525,Kiran,7,Delivered
D009526,O009526,Amit,-3,delivered
D009527,O009527,Amit,16,Delivered
D009528,O009528,Kiran,15,delivered
D009529,O009529,Kiran,10,delivered
D009530,O009530,,8,Delivered
D009531,O009531,John,5,
D009532,O009532,,4,delivered
D009533,O009533,Ravi,7,Delivered
D009534,O009534,Ravi,1,Cancelled
D009535,O009535,,11,delivered
D009536,O009536,,18,
D009537,O009537,John,10,Cancelled
D009538,O009538,Kiran,-1,delivered
D009539,O009539,Ravi,0,Delivered
D009540,O009540,Kiran,-4,Delivered
D009541,O009541,Amit,19,Delivered
D009542,O009542,Amit,-3,Delivered
D009543,O009543,Kiran,15,
D009544,O009544,Amit,4,
D009545,O009545,Ravi,18,delivered
D009546,O009546,Ravi,10,Delivered
D009547,O009547,Amit,-5,Cancelled
D009548,O009548,Ravi,14,delivered
D009549,O009549,Amit,15,Cancelled
D009550,O009550,John,16,Delivered
D009551,O009551,John,-3,Delivered
D009552,O009552,Kiran,-2,Delivered
D009553,O009553,Amit,13,delivered
D009554,O009554,John,-2,Cancelled
D009555,O009555,John,1,Delivered
D009556,O009556,Ravi,19,Delivered
D009557,O009557,Kiran,3,Delivered
D009558,O009558,Kiran,15,delivered
D009559,O009559,John,16,delivered
D009560,O009560,John,19,Delivered
D009561,O009561,Kiran,14,Cancelled
D009562,O009562,Ravi,1,Delivered
D009563,O009563,,-3,delivered
D009564,O009564,Ravi,19,Delivered
D009565,O009565,,19,
D009566,O009566,Kiran,-1,Cancelled
D009567,O009567,Kiran,-2,
D009568,O009568,Kiran,5,delivered
D009569,O009569,Amit,4,
D009570,O009570,Amit,8,Cancelled
D009571,O009571,Amit,19,Cancelled
D009572,O009572,Kiran,15,
D009573,O009573,John,11,Delivered
D009574,O009574,Kiran,-4,
D009575,O009575,,4,delivered
D009576,O009576,Ravi,1,
D009577,O009577,,-3,
D009578,O009578,Ravi,-5,delivered
D009579,O009579,,3,
D009580,O009580,Ravi,-2,
D009581,O009581,John,-3,delivered
D009582,O009582,Ravi,-1,
D009583,O009583,Kiran,11,
D009584,O009584,,11,Cancelled
D009585,O009585,Amit,7,delivered
D009586,O009586,John,-5,Cancelled
D009587,O009587,,7,delivered
D009588,O009588,John,1,Delivered
D009589,O009589,Amit,6,Cancelled
D009590,O009590,Amit,17,Delivered
D009591,O009591,Amit,3,
D009592,O009592,Amit,15,Delivered
D009593,O009593,Amit,12,
D009594,O009594,Kiran,19,Delivered
D009595,O009595,Ravi,14,
D009596,O009596,Amit,15,
D009597,O009597,,7,Delivered
D009598,O009598,,-5,Cancelled
D009599,O009599,Amit,-4,delivered
D009600,O009600,John,2,Cancelled
D009601,O009601,Amit,-4,Delivered
D009602,O009602,Kiran,6,
D009603,O009603,Ravi,18,Delivered
D009604,O009604,,-5,delivered
D009605,O009605,Amit,3,Delivered
D009606,O009606,Ravi,19,Cancelled
D009607,O009607,Ravi,19,
D009608,O009608,Amit,0,Cancelled
D009609,O009609,Ravi,12,
D009610,O009610,,-5,Cancelled
D009611,O009611,Amit,0,Cancelled
D009612,O009612,John,14,Delivered
D009613,O009613,Amit,10,delivered
D009614,O009614,,18,Cancelled
D009615,O009615,Amit,18,Delivered
D009616,O009616,Amit,-4,
D009617,O009617,Amit,-4,
D009618,O009618,Kiran,14,Cancelled
D009619,O009619,Kiran,19,
D009620,O009620,,16,delivered
D009621,O009621,Ravi,1,Delivered
D009622,O009622,Amit,10,Cancelled
D009623,O009623,Amit,13,delivered
D009624,O009624,Kiran,1,Delivered
D009625,O009625,John,-3,Delivered
D009626,O009626,Kiran,12,Cancelled
D009627,O009627,Ravi,-4,
D009628,O009628,Amit,3,Delivered
D009629,O009629,Amit,17,Delivered
D009630,O009630,,-1,
D009631,O009631,John,5,
D009632,O009632,,-3,Cancelled
D009633,O009633,John,18,Cancelled
D009634,O009634,John,-4,Delivered
D009635,O009635,John,13,
D009636,O009636,John,5,Cancelled
D009637,O009637,,15,Cancelled
D009638,O009638,Amit,6,
D009639,O009639,Amit,9,
D009640,O009640,,11,Delivered
D009641,O009641,Kiran,16,
D009642,O009642,Ravi,-4,Cancelled
D009643,O009643,John,17,
D009644,O009644,,17,delivered
D009645,O009645,John,-5,Delivered
D009646,O009646,John,-2,
D009647,O009647,John,11,Delivered
D009648,O009648,,1,
D009649,O009649,Amit,-1,delivered
D009650,O009650,Kiran,2,Cancelled
D009651,O009651,Kiran,-5,Cancelled
D009652,O009652,,4,Cancelled
D009653,O009653,Ravi,-2,Delivered
D009654,O009654,Kiran,8,Cancelled
D009655,O009655,Kiran,3,Cancelled
D009656,O009656,John,11,Delivered
D009657,O009657,,8,Delivered
D009658,O009658,Amit,13,Cancelled
D009659,O009659,,-4,
D009660,O009660,,8,delivered
D009661,O009661,Kiran,3,Delivered
D009662,O009662,John,-1,delivered
D009663,O009663,,9,delivered
D009664,O009664,Amit,0,Delivered
D009665,O009665,John,10,delivered
D009666,O009666,John,5,
D009667,O009667,Amit,18,Cancelled
D009668,O009668,Amit,3,
D009669,O009669,Amit,6,delivered
D009670,O009670,,2,Cancelled
D009671,O009671,John,18,Delivered
D009672,O009672,John,11,
D009673,O009673,Ravi,6,Cancelled
D009674,O009674,Ravi,-5,Delivered
D009675,O009675,Ravi,2,
D009676,O009676,,-5,
D009677,O009677,,7,
D009678,O009678,Amit,-1,
D009679,O009679,,14,delivered
D009680,O009680,John,-1,Delivered
D009681,O009681,John,2,Cancelled
D009682,O009682,Kiran,5,Delivered
D009683,O009683,Kiran,18,delivered
D009684,O009684,,14,delivered
D009685,O009685,Kiran,2,Cancelled
D009686,O009686,,4,Cancelled
D009687,O009687,Amit,-1,Delivered
D009688,O009688,Amit,14,
D009689,O009689,Kiran,17,Cancelled
D009690,O009690,,-3,Delivered
D009691,O009691,Kiran,-1,Cancelled
D009692,O009692,John,9,delivered
D009693,O009693,,8,delivered
D009694,O009694,Ravi,15,
D009695,O009695,John,-1,
D009696,O009696,,-4,
D009697,O009697,Kiran,1,
D009698,O009698,Kiran,1,Cancelled
D009699,O009699,Kiran,18,Delivered
D009700,O009700,,8,delivered
D009701,O009701,Kiran,17,Delivered
D009702,O009702,,9,delivered
D009703,O009703,,11,Cancelled
D009704,O009704,Kiran,3,Cancelled
D009705,O009705,Amit,-2,
D009706,O009706,Amit,10,Cancelled
D009707,O009707,John,8,delivered
D009708,O009708,,-5,
D009709,O009709,Kiran,-4,Cancelled
D009710,O009710,Kiran,7,Cancelled
D009711,O009711,Kiran,2,Cancelled
D009712,O009712,Amit,18,Delivered
D009713,O009713,Ravi,19,Cancelled
D009714,O009714,,3,Delivered
D009715,O009715,John,4,
D009716,O009716,John,18,Delivered
D009717,O009717,John,14,delivered
D009718,O009718,,4,Cancelled
D009719,O009719,,17,
D009720,O009720,John,10,delivered
D009721,O009721,John,3,Cancelled
D009722,O009722,Kiran,0,Delivered
D009723,O009723,Ravi,16,delivered
D009724,O009724,Amit,6,Delivered
D009725,O009725,,11,Cancelled
D009726,O009726,Ravi,4,delivered
D009727,O009727,John,5,Cancelled
D009728,O009728,John,3,delivered
D009729,O009729,John,12,Cancelled
D009730,O009730,John,-3,Delivered
D009731,O009731,Kiran,-1,
D009732,O009732,,-1,Delivered
D009733,O009733,John,-1,
D009734,O009734,John,5,delivered
D009735,O009735,,-2,Cancelled
D009736,O009736,Amit,-1,Cancelled
D009737,O009737,Kiran,13,Delivered
D009738,O009738,Kiran,5,
D009739,O009739,Ravi,6,
D009740,O009740,Kiran,11,delivered
D009741,O009741,Ravi,9,Cancelled
D009742,O009742,Amit,17,
D009743,O009743,,-4,
D009744,O009744,John,18,Cancelled
D009745,O009745,Ravi,-5,Delivered
D009746,O009746,Kiran,0,Cancelled
D009747,O009747,John,-5,
D009748,O009748,Amit,9,Delivered
D009749,O009749,,18,delivered
D009750,O009750,Ravi,-4,Cancelled
D009751,O009751,Kiran,2,Cancelled
D009752,O009752,John,10,Delivered
D009753,O009753,John,10,
D009754,O009754,John,10,Delivered
D009755,O009755,,14,Cancelled
D009756,O009756,Ravi,13,Delivered
D009757,O009757,,-4,Delivered
D009758,O009758,Kiran,14,delivered
D009759,O009759,Ravi,8,
D009760,O009760,Amit,-4,Delivered
D009761,O009761,Amit,13,Cancelled
D009762,O009762,,-4,Delivered
D009763,O009763,,12,
D009764,O009764,,19,
D009765,O009765,Amit,11,Cancelled
D009766,O009766,Amit,13,
D009767,O009767,Ravi,8,Cancelled
D009768,O009768,Ravi,11,
D009769,O009769,,10,Delivered
D009770,O009770,John,13,Cancelled
D009771,O009771,Ravi,11,
D009772,O009772,Amit,6,delivered
D009773,O009773,Kiran,19,delivered
D009774,O009774,John,15,Cancelled
D009775,O009775,Amit,-2,delivered
D009776,O009776,John,2,Delivered
D009777,O009777,Kiran,-5,Delivered
D009778,O009778,,8,
D009779,O009779,John,3,Delivered
D009780,O009780,Kiran,12,Cancelled
D009781,O009781,Kiran,18,Delivered
D009782,O009782,John,17,
D009783,O009783,John,6,Delivered
D009784,O009784,John,-4,
D009785,O009785,John,0,Cancelled
D009786,O009786,,-1,delivered
D009787,O009787,Amit,17,Delivered
D009788,O009788,Ravi,12,
D009789,O009789,,8,Cancelled
D009790,O009790,John,9,delivered
D009791,O009791,Kiran,7,delivered
D009792,O009792,,3,delivered
D009793,O009793,Ravi,13,Delivered
D009794,O009794,Ravi,-5,delivered
D009795,O009795,,2,delivered
D009796,O009796,Kiran,10,delivered
D009797,O009797,Kiran,17,Delivered
D009798,O009798,Kiran,1,Cancelled
D009799,O009799,Amit,10,delivered
D009800,O009800,Kiran,7,Cancelled
D009801,O009801,Ravi,7,delivered
D009802,O009802,John,14,delivered
D009803,O009803,John,13,Delivered
D009804,O009804,Ravi,5,delivered
D009805,O009805,Kiran,10,
D009806,O009806,John,3,delivered
D009807,O009807,Ravi,7,Cancelled
D009808,O009808,Kiran,13,
D009809,O009809,Amit,17,Delivered
D009810,O009810,John,17,
D009811,O009811,Kiran,4,
D009812,O009812,Kiran,1,
D009813,O009813,John,11,
D009814,O009814,Kiran,4,
D009815,O009815,,-4,Cancelled
D009816,O009816,,12,
D009817,O009817,Amit,10,Cancelled
D009818,O009818,Ravi,-3,Cancelled
D009819,O009819,,14,Cancelled
D009820,O009820,,-5,Delivered
D009821,O009821,Amit,-1,
D009822,O009822,,-5,delivered
D009823,O009823,,1,Delivered
D009824,O009824,John,17,delivered
D009825,O009825,Amit,12,
D009826,O009826,Kiran,-2,
D009827,O009827,Kiran,3,delivered
D009828,O009828,Ravi,-5,Cancelled
D009829,O009829,Ravi,16,
D009830,O009830,,-5,delivered
D009831,O009831,,0,Delivered
D009832,O009832,Kiran,11,delivered
D009833,O009833,Amit,10,Delivered
D009834,O009834,John,13,Delivered
D009835,O009835,Ravi,-2,
D009836,O009836,,4,Delivered
D009837,O009837,Ravi,10,
D009838,O009838,Kiran,15,delivered
D009839,O009839,Amit,1,Cancelled
D009840,O009840,Kiran,-4,Delivered
D009841,O009841,John,16,
D009842,O009842,Amit,14,Cancelled
D009843,O009843,John,16,Delivered
D009844,O009844,John,1,delivered
D009845,O009845,Amit,1,Delivered
D009846,O009846,John,-1,delivered
D009847,O009847,Ravi,17,delivered
D009848,O009848,,9,delivered
D009849,O009849,Amit,13,delivered
D009850,O009850,Kiran,4,
D009851,O009851,Kiran,-1,
D009852,O009852,,-1,
D009853,O009853,Kiran,12,Cancelled
D009854,O009854,,-2,delivered
D009855,O009855,Ravi,8,Delivered
D009856,O009856,Kiran,12,Cancelled
D009857,O009857,Kiran,3,Cancelled
D009858,O009858,Ravi,19,Cancelled
D009859,O009859,Kiran,11,Cancelled
D009860,O009860,Kiran,6,Delivered
D009861,O009861,Ravi,12,delivered
D009862,O009862,Ravi,10,Delivered
D009863,O009863,Ravi,18,delivered
D009864,O009864,Kiran,-3,Cancelled
D009865,O009865,,13,Cancelled
D009866,O009866,,4,
D009867,O009867,Amit,16,
D009868,O009868,Amit,15,Cancelled
D009869,O009869,Kiran,14,Cancelled
D009870,O009870,Kiran,1,delivered
D009871,O009871,,-5,Cancelled
D009872,O009872,John,-5,delivered
D009873,O009873,Amit,9,Cancelled
D009874,O009874,,-5,Delivered
D009875,O009875,Kiran,18,Cancelled
D009876,O009876,Amit,3,delivered
D009877,O009877,Amit,8,delivered
D009878,O009878,Amit,7,Delivered
D009879,O009879,Kiran,13,delivered
D009880,O009880,,10,
D009881,O009881,John,11,Delivered
D009882,O009882,Kiran,3,Cancelled
D009883,O009883,Amit,8,Cancelled
D009884,O009884,Ravi,-3,Cancelled
D009885,O009885,,3,delivered
D009886,O009886,Kiran,14,Cancelled
D009887,O009887,Amit,-5,Cancelled
D009888,O009888,John,-1,Cancelled
D009889,O009889,Amit,17,
D009890,O009890,Amit,0,
D009891,O009891,Kiran,14,
D009892,O009892,John,8,Cancelled
D009893,O009893,Ravi,4,Cancelled
D009894,O009894,Kiran,2,delivered
D009895,O009895,,9,delivered
D009896,O009896,John,-5,delivered
D009897,O009897,Ravi,10,delivered
D009898,O009898,Ravi,14,Cancelled
D009899,O009899,John,1,delivered
D009900,O009900,,16,Delivered
D009901,O009901,Amit,-5,Cancelled
D009902,O009902,Kiran,-1,Cancelled
D009903,O009903,,16,Delivered
D009904,O009904,Ravi,4,delivered
D009905,O009905,,19,Delivered
D009906,O009906,Amit,15,delivered
D009907,O009907,,-1,Delivered
D009908,O009908,,2,Cancelled
D009909,O009909,Ravi,0,delivered
D009910,O009910,,4,delivered
D009911,O009911,Kiran,8,delivered
D009912,O009912,John,2,Cancelled
D009913,O009913,Ravi,0,delivered
D009914,O009914,John,3,Delivered
D009915,O009915,,9,delivered
D009916,O009916,Amit,10,delivered
D009917,O009917,Ravi,18,Cancelled
D009918,O009918,,18,Delivered
D009919,O009919,,-5,Delivered
D009920,O009920,Amit,8,Delivered
D009921,O009921,,14,delivered
D009922,O009922,Kiran,12,
D009923,O009923,Amit,1,
D009924,O009924,Ravi,6,delivered
D009925,O009925,Ravi,4,Cancelled
D009926,O009926,John,9,Cancelled
D009927,O009927,Kiran,16,delivered
D009928,O009928,Kiran,1,Delivered
D009929,O009929,Ravi,-1,Delivered
D009930,O009930,,5,delivered
D009931,O009931,Kiran,-3,Delivered
D009932,O009932,Kiran,-2,Delivered
D009933,O009933,,5,
D009934,O009934,Amit,9,
D009935,O009935,,9,delivered
D009936,O009936,John,11,
D009937,O009937,John,5,
D009938,O009938,Ravi,15,Cancelled
D009939,O009939,Amit,0,delivered
D009940,O009940,Kiran,1,Cancelled
D009941,O009941,Ravi,5,
D009942,O009942,Ravi,18,
D009943,O009943,Kiran,-1,Delivered
D009944,O009944,Kiran,-5,Cancelled
D009945,O009945,,15,Cancelled
D009946,O009946,John,-5,delivered
D009947,O009947,Kiran,7,Delivered
D009948,O009948,,18,Delivered
D009949,O009949,John,-4,Delivered
D009950,O009950,Amit,12,
D009951,O009951,Amit,0,
D009952,O009952,Amit,19,
D009953,O009953,Kiran,8,Cancelled
D009954,O009954,John,5,Cancelled
D009955,O009955,John,-1,delivered
D009956,O009956,Amit,16,Delivered
D009957,O009957,Ravi,13,
D009958,O009958,John,7,
D009959,O009959,John,6,Delivered
D009960,O009960,,3,
D009961,O009961,Amit,-2,
D009962,O009962,Ravi,0,Cancelled
D009963,O009963,,-2,Cancelled
D009964,O009964,Ravi,16,
D009965,O009965,Ravi,-5,
D009966,O009966,Ravi,11,Cancelled
D009967,O009967,Kiran,11,Delivered
D009968,O009968,John,4,Delivered
D009969,O009969,John,12,
D009970,O009970,,17,delivered
D009971,O009971,Ravi,8,delivered
D009972,O009972,Ravi,-3,
D009973,O009973,John,11,Delivered
D009974,O009974,Ravi,18,delivered
D009975,O009975,Ravi,18,Cancelled
D009976,O009976,Ravi,-2,delivered
D009977,O009977,Amit,17,Cancelled
D009978,O009978,Amit,-4,delivered
D009979,O009979,Amit,9,Delivered
D009980,O009980,,0,
D009981,O009981,Ravi,3,
D009982,O009982,Amit,1,
D009983,O009983,Amit,16,Cancelled
D009984,O009984,Kiran,4,
D009985,O009985,,-4,delivered
D009986,O009986,Amit,14,Delivered
D009987,O009987,Amit,8,
D009988,O009988,Amit,0,Cancelled
D009989,O009989,Kiran,-1,Cancelled
D009990,O009990,Kiran,-1,Delivered
D009991,O009991,,14,Delivered
D009992,O009992,Ravi,6,Cancelled
D009993,O009993,Ravi,18,Delivered
D009994,O009994,,2,delivered
D009995,O009995,Ravi,15,delivered
D009996,O009996,John,1,
D009997,O009997,Ravi,10,
D009998,O009998,Kiran,12,Cancelled
D009999,O009999,Kiran,10,Cancelled
D010000,O010000,Amit,13,delivered
