order_id,customer_id,restaurant_id,order_date,order_time,order_amount,delivery_time,order_status
O000001,C01222,R0224,,22:00,189,110,
O000002,C02169,R0223,2024-01-01,13:00,1020,7,delivered
O000003,C01056,R0081,,12:00,632,-8,Cancelled
O000004,C00648,R0407,2024-01-01,18:00,475,48,Delivered
O000005,C00760,R0330,March 3 2024,13:00,741,105,
O000006,C02919,R0191,March 3 2024,20:00,1662,28,
O000007,C01358,R0286,,,1938,53,Delivered
O000008,C02191,R0147,2024-01-01,20:00,1109,70,Cancelled
O000009,C01770,R0282,,22:00,239,49,
O000010,C00949,R0474,,20:00,967,94,delivered
O000011,C02092,R0384,March 3 2024,22:00,1865,98,
O000012,C02080,R0011,March 3 2024,12:00,241,-6,Delivered
O000013,C01767,R0276,March 3 2024,,1027,35,Cancelled
O000014,C00028,R0374,,20:00,890,3,
O000015,C02471,R0056,,22:00,531,0,
O000016,C02539,R0173,01-02-2024,20:00,1325,11,Cancelled
O000017,C00160,R0452,01-02-2024,22:00,1313,95,Cancelled
O000018,C02893,R0303,,,1285,-6,delivered
O000019,C01231,R0204,01-02-2024,,1357,68,
O000020,C00018,R0345,,13:00,951,13,delivered
O000021,C01127,R0248,March 3 2024,22:00,1715,2,delivered
O000022,C02720,R0314,2024-01-01,18:00,1888,85,Delivered
O000023,C02280,R0266,March 3 2024,12:00,671,15,
O000024,C02472,R0022,,13:00,771,29,Cancelled
O000025,C00904,R0327,March 3 2024,12:00,27,15,delivered
O000026,C00755,R0024,,13:00,1819,19,Delivered
O000027,C01571,R0194,,20:00,5,53,Delivered
O000028,C00837,R0096,01-02-2024,22:00,1339,100,
O000029,C00894,R0469,,20:00,1306,62,Delivered
O000030,C02287,R0445,2024-01-01,12:00,1404,77,Delivered
O000031,C02197,R0263,01-02-2024,,900,113,
O000032,C02671,R0072,2024-01-01,12:00,283,117,delivered
O000033,C01432,R0243,,13:00,901,27,Delivered
O000034,C00017,R0383,March 3 2024,12:00,-84,60,delivered
O000035,C02962,R0038,,22:00,1293,25,delivered
O000036,C02274,R0405,,12:00,1771,111,delivered
O000037,C00652,R0392,March 3 2024,20:00,989,0,Cancelled
O000038,C01680,R0377,March 3 2024,,785,117,
O000039,C00260,R0089,2024-01-01,22:00,1036,16,
O000040,C01753,R0028,01-02-2024,12:00,1339,63,delivered
O000041,C02722,R0092,01-02-2024,18:00,-30,70,Delivered
O000042,C01628,R0054,01-02-2024,18:00,1848,96,Cancelled
O000043,C02048,R0159,2024-01-01,,343,54,Cancelled
O000044,C02222,R0372,2024-01-01,20:00,1293,116,
O000045,C01867,R0228,March 3 2024,13:00,620,23,Cancelled
O000046,C00205,R0473,01-02-2024,13:00,130,53,delivered
O000047,C02463,R0372,,,763,6,delivered
O000048,C01177,R0376,2024-01-01,12:00,462,94,
O000049,C00792,R0041,,22:00,668,78,
O000050,C01141,R0037,01-02-2024,,189,97,Cancelled
O000051,C01106,R0125,01-02-2024,13:00,1141,57,Delivered
O000052,C02566,R0422,2024-01-01,18:00,294,31,Cancelled
O000053,C01858,R0179,2024-01-01,13:00,275,1,
O000054,C01091,R0332,March 3 2024,18:00,1550,57,delivered
O000055,C01608,R0037,,13:00,681,30,delivered
O000056,C01840,R0101,March 3 2024,20:00,1874,-7,Delivered
O000057,C00979,R0031,March 3 2024,,305,115,Delivered
O000058,C02638,R0190,,22:00,1968,66,Cancelled
O000059,C00067,R0146,01-02-2024,,1331,63,delivered
O000060,C00684,R0090,,12:00,1966,-2,Cancelled
O000061,C01279,R0006,01-02-2024,18:00,1459,-10,Delivered
O000062,C00063,R0393,March 3 2024,13:00,200,97,
O000063,C00814,R0139,01-02-2024,12:00,1799,82,Cancelled
O000064,C00403,R0095,01-02-2024,18:00,312,61,Cancelled
O000065,C02240,R0119,01-02-2024,,1934,6,delivered
O000066,C02003,R0366,,18:00,1715,78,delivered
O000067,C01353,R0120,01-02-2024,20:00,1971,9,delivered
O000068,C00071,R0386,,13:00,1959,48,Cancelled
O000069,C02926,R0123,2024-01-01,,1278,110,delivered
O000070,C02789,R0285,2024-01-01,12:00,993,66,delivered
O000071,C02994,R0366,March 3 2024,13:00,1127,39,Delivered
O000072,C01087,R0377,March 3 2024,,490,83,delivered
O000073,C00245,R0179,,13:00,610,44,
O000074,C02567,R0490,01-02-2024,22:00,696,40,Delivered
O000075,C00393,R0325,01-02-2024,18:00,1511,65,Cancelled
O000076,C00772,R0407,2024-01-01,18:00,630,119,Cancelled
O000077,C01670,R0484,,22:00,1759,3,delivered
O000078,C01618,R0007,01-02-2024,22:00,1996,95,
O000079,C01557,R0384,01-02-2024,13:00,509,66,Delivered
O000080,C02959,R0312,,18:00,1367,118,delivered
O000081,C01152,R0127,March 3 2024,12:00,1458,108,Delivered
O000082,C01219,R0077,,20:00,1061,100,delivered
O000083,C01218,R0234,,,129,-10,Delivered
O000084,C02232,R0318,01-02-2024,22:00,1328,100,Delivered
O000085,C00247,R0074,2024-01-01,12:00,256,15,Cancelled
O000086,C02043,R0484,01-02-2024,12:00,440,105,Delivered
O000087,C02372,R0464,01-02-2024,13:00,835,2,
O000088,C02208,R0271,01-02-2024,22:00,1534,23,Cancelled
O000089,C00706,R0309,,12:00,426,51,delivered
O000090,C02670,R0427,,20:00,1028,62,delivered
O000091,C02973,R0467,01-02-2024,12:00,522,40,Delivered
O000092,C02114,R0469,01-02-2024,20:00,323,30,Cancelled
O000093,C02978,R0120,2024-01-01,20:00,1798,44,Cancelled
O000094,C00254,R0035,March 3 2024,20:00,1778,83,delivered
O000095,C00283,R0207,01-02-2024,22:00,-97,-9,
O000096,C02166,R0496,,20:00,368,-9,
O000097,C00423,R0270,March 3 2024,22:00,563,43,Cancelled
O000098,C02604,R0093,March 3 2024,12:00,437,83,Cancelled
O000099,C02022,R0453,2024-01-01,20:00,1797,47,delivered
O000100,C00036,R0378,March 3 2024,18:00,996,50,Cancelled
O000101,C00531,R0177,01-02-2024,12:00,1885,93,delivered
O000102,C00091,R0274,01-02-2024,,1790,7,
O000103,C01941,R0179,,18:00,1257,14,Cancelled
O000104,C01943,R0129,01-02-2024,18:00,1419,89,
O000105,C01241,R0125,01-02-2024,13:00,-22,37,
O000106,C01759,R0027,2024-01-01,22:00,1474,42,Delivered
O000107,C00098,R0064,March 3 2024,13:00,1967,16,delivered
O000108,C01480,R0060,2024-01-01,22:00,1505,48,delivered
O000109,C00531,R0219,March 3 2024,13:00,55,46,delivered
O000110,C01833,R0217,2024-01-01,12:00,779,99,Delivered
O000111,C02586,R0169,,18:00,1373,95,delivered
O000112,C01052,R0149,2024-01-01,12:00,-73,13,Delivered
O000113,C01348,R0270,2024-01-01,22:00,1810,68,Cancelled
O000114,C00080,R0116,,18:00,509,73,Delivered
O000115,C02611,R0245,01-02-2024,18:00,873,-9,
O000116,C01482,R0148,01-02-2024,22:00,1252,37,delivered
O000117,C00614,R0092,,12:00,318,87,Delivered
O000118,C02224,R0085,,18:00,-79,35,Delivered
O000119,C02570,R0087,2024-01-01,,160,84,Delivered
O000120,C01773,R0395,,12:00,1336,86,Delivered
O000121,C01481,R0120,,12:00,95,102,Cancelled
O000122,C00423,R0450,March 3 2024,12:00,968,10,Cancelled
O000123,C01124,R0340,March 3 2024,18:00,804,76,Cancelled
O000124,C02035,R0024,01-02-2024,20:00,224,31,delivered
O000125,C02624,R0375,,13:00,467,2,Delivered
O000126,C01404,R0089,2024-01-01,22:00,1802,34,Cancelled
O000127,C02579,R0037,01-02-2024,12:00,678,79,delivered
O000128,C00332,R0342,01-02-2024,18:00,825,14,
O000129,C00653,R0383,01-02-2024,22:00,1515,93,
O000130,C00740,R0408,,20:00,1749,60,delivered
O000131,C01113,R0271,,,1843,108,Delivered
O000132,C01628,R0012,2024-01-01,20:00,-59,73,Delivered
O000133,C00511,R0494,2024-01-01,18:00,1383,81,
O000134,C00042,R0095,01-02-2024,12:00,473,102,Delivered
O000135,C00885,R0491,,20:00,1720,58,Delivered
O000136,C01950,R0448,2024-01-01,20:00,1373,41,Delivered
O000137,C02129,R0031,March 3 2024,20:00,340,22,Delivered
O000138,C00402,R0437,March 3 2024,,1112,42,Cancelled
O000139,C02155,R0350,01-02-2024,18:00,3,27,Cancelled
O000140,C01135,R0233,March 3 2024,22:00,468,-6,Delivered
O000141,C01238,R0340,01-02-2024,13:00,356,107,delivered
O000142,C01767,R0328,,18:00,210,20,Cancelled
O000143,C01842,R0300,01-02-2024,12:00,1807,21,Delivered
O000144,C00506,R0286,01-02-2024,18:00,1607,-6,Cancelled
O000145,C01145,R0035,,18:00,1591,43,delivered
O000146,C01842,R0021,2024-01-01,,306,17,delivered
O000147,C00720,R0111,2024-01-01,13:00,480,1,Cancelled
O000148,C01395,R0488,2024-01-01,13:00,1915,6,Delivered
O000149,C00257,R0319,2024-01-01,13:00,981,-3,Delivered
O000150,C01721,R0348,01-02-2024,22:00,1760,7,
O000151,C01822,R0487,2024-01-01,18:00,86,106,Delivered
O000152,C00954,R0145,March 3 2024,,1522,-1,delivered
O000153,C02981,R0012,March 3 2024,12:00,1421,28,delivered
O000154,C01072,R0244,2024-01-01,13:00,1790,30,delivered
O000155,C01623,R0498,March 3 2024,13:00,389,97,
O000156,C00897,R0146,March 3 2024,18:00,179,33,
O000157,C02067,R0239,,12:00,754,32,
O000158,C01070,R0092,,,1758,100,delivered
O000159,C00451,R0316,2024-01-01,13:00,1087,8,Cancelled
O000160,C00898,R0323,01-02-2024,18:00,904,10,Delivered
O000161,C01080,R0115,01-02-2024,20:00,297,-8,Delivered
O000162,C00741,R0015,,,327,93,Cancelled
O000163,C00082,R0272,,22:00,274,45,Cancelled
O000164,C00737,R0022,01-02-2024,,531,116,Delivered
O000165,C00079,R0118,2024-01-01,18:00,596,118,Delivered
O000166,C01686,R0369,01-02-2024,13:00,1346,77,
O000167,C02331,R0095,01-02-2024,,827,25,
O000168,C01335,R0447,March 3 2024,12:00,1887,-5,Cancelled
O000169,C00997,R0415,01-02-2024,20:00,1927,63,Cancelled
O000170,C02208,R0257,,12:00,1565,35,delivered
O000171,C01340,R0331,2024-01-01,12:00,-23,9,Cancelled
O000172,C02003,R0262,01-02-2024,12:00,387,24,Cancelled
O000173,C01692,R0087,March 3 2024,18:00,961,36,delivered
O000174,C01180,R0393,,18:00,70,25,Delivered
O000175,C02936,R0436,,,541,5,
O000176,C01738,R0464,March 3 2024,22:00,1599,97,delivered
O000177,C02516,R0318,,20:00,1505,54,Cancelled
O000178,C00853,R0058,March 3 2024,,191,52,Cancelled
O000179,C00462,R0230,,12:00,1841,41,Delivered
O000180,C02902,R0108,,,480,62,
O000181,C00117,R0019,,13:00,321,49,
O000182,C01690,R0365,,,4,90,
O000183,C02412,R0141,March 3 2024,,1329,6,
O000184,C01655,R0379,01-02-2024,12:00,779,27,Delivered
O000185,C01735,R0160,,,1382,18,delivered
O000186,C01937,R0100,March 3 2024,20:00,1029,20,Delivered
O000187,C00466,R0265,March 3 2024,12:00,1784,43,Cancelled
O000188,C01799,R0238,March 3 2024,18:00,214,91,Delivered
O000189,C02232,R0238,01-02-2024,18:00,508,15,Cancelled
O000190,C00660,R0049,2024-01-01,,277,8,Delivered
O000191,C02123,R0165,March 3 2024,,1419,100,
O000192,C02874,R0287,March 3 2024,20:00,33,16,
O000193,C01715,R0415,March 3 2024,22:00,1716,2,delivered
O000194,C02551,R0059,01-02-2024,12:00,292,41,
O000195,C00795,R0183,,20:00,314,87,Delivered
O000196,C01587,R0147,01-02-2024,,1036,8,Cancelled
O000197,C00587,R0447,March 3 2024,,1651,72,delivered
O000198,C02704,R0386,2024-01-01,,765,-8,delivered
O000199,C02748,R0301,March 3 2024,,189,56,Delivered
O000200,C00635,R0096,,13:00,1406,15,Delivered
O000201,C02892,R0043,2024-01-01,,1832,-5,
O000202,C01275,R0354,2024-01-01,,1238,16,
O000203,C02883,R0257,01-02-2024,13:00,777,94,
O000204,C01154,R0213,01-02-2024,22:00,1884,77,delivered
O000205,C02812,R0189,,18:00,651,-1,delivered
O000206,C00358,R0131,01-02-2024,,648,5,Cancelled
O000207,C02740,R0347,,,264,12,delivered
O000208,C01432,R0300,2024-01-01,20:00,166,36,
O000209,C01885,R0391,2024-01-01,12:00,305,1,delivered
O000210,C01519,R0289,2024-01-01,20:00,38,66,delivered
O000211,C00622,R0137,,,1088,7,delivered
O000212,C00482,R0030,01-02-2024,22:00,1717,47,Cancelled
O000213,C00980,R0146,01-02-2024,20:00,1620,119,delivered
O000214,C01874,R0312,01-02-2024,22:00,1333,76,Cancelled
O000215,C00978,R0474,March 3 2024,22:00,770,53,delivered
O000216,C01538,R0468,2024-01-01,,602,76,Cancelled
O000217,C02338,R0486,2024-01-01,22:00,1598,43,
O000218,C01321,R0105,March 3 2024,20:00,100,67,Cancelled
O000219,C01705,R0287,2024-01-01,13:00,517,3,Delivered
O000220,C02800,R0456,2024-01-01,12:00,1913,27,Cancelled
O000221,C01995,R0191,March 3 2024,22:00,756,94,Cancelled
O000222,C02071,R0471,2024-01-01,,1652,5,
O000223,C00806,R0178,01-02-2024,18:00,1909,71,Cancelled
O000224,C02220,R0345,March 3 2024,22:00,-37,63,
O000225,C00835,R0239,2024-01-01,20:00,1019,19,
O000226,C02366,R0001,01-02-2024,22:00,1263,57,
O000227,C00908,R0110,,18:00,1611,60,Delivered
O000228,C02846,R0338,2024-01-01,13:00,150,69,Cancelled
O000229,C01721,R0275,March 3 2024,20:00,1629,104,Delivered
O000230,C00855,R0371,01-02-2024,20:00,-62,26,
O000231,C02729,R0382,,,-32,44,Cancelled
O000232,C00916,R0234,,20:00,176,86,
O000233,C00843,R0064,2024-01-01,18:00,1009,88,Cancelled
O000234,C02531,R0244,,20:00,1015,101,Cancelled
O000235,C00132,R0053,March 3 2024,13:00,1343,107,Cancelled
O000236,C01117,R0262,,12:00,240,46,delivered
O000237,C00861,R0017,2024-01-01,12:00,320,86,delivered
O000238,C00294,R0302,,22:00,1818,51,delivered
O000239,C02689,R0493,2024-01-01,12:00,372,28,Cancelled
O000240,C01000,R0456,,18:00,1733,63,
O000241,C02440,R0374,01-02-2024,12:00,766,56,
O000242,C02297,R0234,2024-01-01,18:00,1569,18,delivered
O000243,C02751,R0073,March 3 2024,18:00,880,20,Delivered
O000244,C01261,R0357,March 3 2024,22:00,1987,49,Cancelled
O000245,C00287,R0439,,12:00,155,28,
O000246,C02325,R0091,01-02-2024,22:00,1520,-10,
O000247,C02435,R0484,,20:00,1343,45,delivered
O000248,C00450,R0006,,13:00,438,90,Delivered
O000249,C02339,R0198,01-02-2024,12:00,1665,80,Delivered
O000250,C02491,R0365,2024-01-01,20:00,1723,119,Cancelled
O000251,C02704,R0196,March 3 2024,,757,95,
O000252,C01208,R0470,01-02-2024,20:00,31,-6,Cancelled
O000253,C01779,R0296,,22:00,1526,70,Delivered
O000254,C02875,R0347,2024-01-01,22:00,640,118,Delivered
O000255,C01970,R0485,,13:00,1931,109,Cancelled
O000256,C00476,R0322,2024-01-01,13:00,1825,32,Delivered
O000257,C00253,R0137,March 3 2024,13:00,1901,81,delivered
O000258,C01420,R0267,March 3 2024,13:00,181,67,delivered
O000259,C02337,R0404,2024-01-01,22:00,1298,4,Delivered
O000260,C01236,R0116,March 3 2024,18:00,808,35,
O000261,C01000,R0043,,22:00,565,-4,Delivered
O000262,C00021,R0231,2024-01-01,18:00,1222,104,Cancelled
O000263,C00316,R0058,,22:00,1245,-4,
O000264,C02612,R0206,2024-01-01,,1033,77,delivered
O000265,C01462,R0410,,22:00,1546,79,delivered
O000266,C01447,R0294,March 3 2024,13:00,370,8,delivered
O000267,C01257,R0094,01-02-2024,18:00,311,42,delivered
O000268,C02171,R0036,,20:00,412,79,delivered
O000269,C02922,R0230,2024-01-01,,1403,5,
O000270,C00960,R0227,March 3 2024,20:00,1063,51,delivered
O000271,C02262,R0183,2024-01-01,,1106,54,
O000272,C01946,R0262,,20:00,318,101,Cancelled
O000273,C00839,R0131,2024-01-01,13:00,856,25,Delivered
O000274,C02695,R0065,2024-01-01,20:00,1717,13,
O000275,C00968,R0380,,22:00,724,58,delivered
O000276,C01854,R0448,March 3 2024,13:00,807,108,Cancelled
O000277,C02778,R0186,March 3 2024,20:00,632,118,Cancelled
O000278,C00600,R0117,,13:00,1824,112,Delivered
O000279,C00792,R0186,March 3 2024,22:00,290,89,Delivered
O000280,C00040,R0274,01-02-2024,13:00,1487,4,
O000281,C02800,R0151,2024-01-01,20:00,560,63,
O000282,C02991,R0352,,13:00,-74,25,Delivered
O000283,C00648,R0413,01-02-2024,,1431,42,Delivered
O000284,C00182,R0151,2024-01-01,12:00,783,68,Delivered
O000285,C00265,R0384,,20:00,1714,30,Cancelled
O000286,C02819,R0036,March 3 2024,22:00,26,26,Delivered
O000287,C00863,R0326,,18:00,1379,77,Cancelled
O000288,C00432,R0465,,13:00,1318,3,delivered
O000289,C01220,R0466,2024-01-01,,218,24,delivered
O000290,C00509,R0095,2024-01-01,13:00,240,60,
O000291,C00447,R0134,2024-01-01,20:00,593,-3,
O000292,C00528,R0162,01-02-2024,,18,1,Delivered
O000293,C02923,R0044,March 3 2024,20:00,677,99,
O000294,C01754,R0300,,12:00,1291,69,delivered
O000295,C01629,R0283,,22:00,284,104,
O000296,C01163,R0356,March 3 2024,,1905,57,Cancelled
O000297,C00669,R0240,,,1505,34,
O000298,C00847,R0052,2024-01-01,13:00,1081,30,delivered
O000299,C02118,R0426,,13:00,1533,50,delivered
O000300,C02864,R0281,March 3 2024,18:00,1640,65,delivered
O000301,C01771,R0074,01-02-2024,,-15,88,delivered
O000302,C01826,R0295,01-02-2024,13:00,1825,56,Cancelled
O000303,C00446,R0238,March 3 2024,13:00,1008,-9,
O000304,C01026,R0167,,12:00,258,111,delivered
O000305,C01772,R0140,,18:00,1826,5,
O000306,C01360,R0139,01-02-2024,13:00,1873,12,Delivered
O000307,C00019,R0369,,13:00,346,84,Cancelled
O000308,C02018,R0235,01-02-2024,22:00,1825,103,Delivered
O000309,C00561,R0003,March 3 2024,,1898,30,Cancelled
O000310,C00472,R0256,March 3 2024,13:00,1226,108,delivered
O000311,C00028,R0371,,12:00,978,111,
O000312,C00560,R0278,2024-01-01,13:00,204,44,Cancelled
O000313,C02656,R0004,2024-01-01,,1876,99,Delivered
O000314,C00458,R0392,01-02-2024,13:00,433,89,Delivered
O000315,C00945,R0270,March 3 2024,20:00,1982,17,
O000316,C01200,R0212,01-02-2024,13:00,1463,17,Cancelled
O000317,C00984,R0216,March 3 2024,18:00,1063,112,Delivered
O000318,C00868,R0270,01-02-2024,,914,15,Delivered
O000319,C02077,R0476,01-02-2024,,540,2,Cancelled
O000320,C01980,R0016,01-02-2024,20:00,1023,60,delivered
O000321,C02717,R0416,,18:00,658,43,delivered
O000322,C00826,R0064,2024-01-01,18:00,1792,2,
O000323,C00816,R0239,March 3 2024,,183,109,delivered
O000324,C02327,R0460,01-02-2024,12:00,12,48,
O000325,C02331,R0016,2024-01-01,13:00,96,-7,Delivered
O000326,C01003,R0052,01-02-2024,18:00,1087,69,Delivered
O000327,C01543,R0019,01-02-2024,13:00,792,49,delivered
O000328,C02353,R0325,March 3 2024,13:00,721,36,Cancelled
O000329,C02742,R0396,,12:00,1354,66,delivered
O000330,C00109,R0093,01-02-2024,12:00,1957,-6,
O000331,C02372,R0261,March 3 2024,18:00,1568,25,
O000332,C01230,R0298,,18:00,90,8,Cancelled
O000333,C01962,R0017,,,1719,19,Delivered
O000334,C02506,R0111,2024-01-01,20:00,176,100,Delivered
O000335,C01964,R0328,2024-01-01,13:00,1166,30,delivered
O000336,C02530,R0360,01-02-2024,,175,17,
O000337,C00922,R0488,2024-01-01,13:00,1550,20,
O000338,C01431,R0094,March 3 2024,12:00,1230,1,Cancelled
O000339,C01533,R0010,March 3 2024,12:00,1793,31,Cancelled
O000340,C01893,R0212,2024-01-01,,492,79,delivered
O000341,C02568,R0237,March 3 2024,18:00,782,5,Cancelled
O000342,C01422,R0254,March 3 2024,20:00,1287,88,Delivered
O000343,C01223,R0016,01-02-2024,20:00,876,104,Cancelled
O000344,C00391,R0489,01-02-2024,12:00,1434,2,
O000345,C01673,R0144,March 3 2024,12:00,1154,49,
O000346,C02819,R0042,2024-01-01,20:00,-87,17,
O000347,C01870,R0003,March 3 2024,20:00,937,98,
O000348,C02961,R0407,,18:00,907,81,Delivered
O000349,C01522,R0470,,20:00,963,118,delivered
O000350,C01196,R0377,,13:00,1709,11,Cancelled
O000351,C02134,R0156,01-02-2024,20:00,1803,74,delivered
O000352,C02606,R0494,2024-01-01,22:00,754,16,delivered
O000353,C00858,R0173,March 3 2024,20:00,1815,33,Cancelled
O000354,C01210,R0484,2024-01-01,12:00,1241,69,
O000355,C01517,R0452,2024-01-01,12:00,1761,99,
O000356,C01651,R0486,2024-01-01,22:00,1668,13,
O000357,C02714,R0024,,13:00,1700,6,Cancelled
O000358,C01154,R0275,March 3 2024,20:00,1208,-6,Cancelled
O000359,C00843,R0075,01-02-2024,20:00,1601,27,
O000360,C01105,R0040,2024-01-01,22:00,217,48,Delivered
O000361,C01826,R0302,2024-01-01,18:00,309,94,delivered
O000362,C01683,R0040,,18:00,1918,85,Delivered
O000363,C00295,R0062,,13:00,146,79,delivered
O000364,C02002,R0238,March 3 2024,20:00,1267,60,delivered
O000365,C02317,R0487,01-02-2024,20:00,163,89,Delivered
O000366,C00645,R0245,01-02-2024,20:00,67,44,delivered
O000367,C02583,R0018,,12:00,948,60,Delivered
O000368,C02136,R0140,March 3 2024,,602,80,
O000369,C00925,R0398,2024-01-01,18:00,1823,101,Cancelled
O000370,C01648,R0495,March 3 2024,,1450,77,delivered
O000371,C00111,R0082,01-02-2024,22:00,1233,50,Delivered
O000372,C00584,R0189,,,1562,97,Cancelled
O000373,C01487,R0108,2024-01-01,12:00,1975,23,delivered
O000374,C00769,R0234,2024-01-01,12:00,1698,34,delivered
O000375,C01180,R0268,01-02-2024,18:00,1293,118,delivered
O000376,C01649,R0104,2024-01-01,20:00,563,83,delivered
O000377,C02286,R0411,March 3 2024,13:00,1984,17,Cancelled
O000378,C02382,R0134,01-02-2024,,446,95,delivered
O000379,C00106,R0344,01-02-2024,22:00,545,19,delivered
O000380,C01723,R0371,2024-01-01,18:00,777,17,Cancelled
O000381,C01695,R0033,01-02-2024,13:00,572,20,Cancelled
O000382,C01734,R0237,,18:00,271,96,delivered
O000383,C00382,R0374,March 3 2024,18:00,635,72,Cancelled
O000384,C02737,R0336,01-02-2024,18:00,1545,98,Cancelled
O000385,C00261,R0178,,18:00,379,20,Delivered
O000386,C01823,R0012,2024-01-01,20:00,1250,30,Cancelled
O000387,C01317,R0351,01-02-2024,12:00,599,53,
O000388,C01359,R0441,,,1170,111,Delivered
O000389,C02703,R0229,2024-01-01,18:00,912,33,
O000390,C00820,R0309,,13:00,1621,105,Delivered
O000391,C00709,R0269,2024-01-01,,233,25,Delivered
O000392,C02524,R0378,March 3 2024,13:00,563,97,Delivered
O000393,C00907,R0456,01-02-2024,13:00,678,21,Delivered
O000394,C02603,R0358,March 3 2024,12:00,1123,93,Cancelled
O000395,C00663,R0131,March 3 2024,12:00,1258,56,
O000396,C01320,R0249,01-02-2024,13:00,1681,81,Cancelled
O000397,C02623,R0448,March 3 2024,20:00,840,14,Cancelled
O000398,C02690,R0468,March 3 2024,12:00,1178,17,delivered
O000399,C00463,R0058,,12:00,916,8,Cancelled
O000400,C02903,R0004,2024-01-01,20:00,404,45,Delivered
O000401,C00585,R0236,March 3 2024,18:00,337,102,delivered
O000402,C00943,R0173,01-02-2024,12:00,-95,77,delivered
O000403,C02664,R0322,,,1436,91,Cancelled
O000404,C00158,R0371,2024-01-01,13:00,412,115,
O000405,C02320,R0036,March 3 2024,13:00,768,71,delivered
O000406,C01851,R0279,March 3 2024,20:00,874,30,Cancelled
O000407,C01327,R0237,01-02-2024,13:00,1170,115,Cancelled
O000408,C02718,R0275,March 3 2024,22:00,876,2,Delivered
O000409,C02669,R0296,01-02-2024,13:00,520,88,
O000410,C02569,R0328,March 3 2024,20:00,454,72,delivered
O000411,C02107,R0400,March 3 2024,20:00,449,13,
O000412,C01382,R0058,01-02-2024,20:00,493,86,
O000413,C00704,R0363,2024-01-01,,1319,62,
O000414,C00648,R0018,,22:00,1656,-8,delivered
O000415,C02939,R0036,01-02-2024,12:00,1842,-8,delivered
O000416,C02484,R0408,2024-01-01,18:00,522,19,
O000417,C00146,R0129,2024-01-01,13:00,333,55,Cancelled
O000418,C02907,R0001,01-02-2024,,217,16,delivered
O000419,C00188,R0064,,12:00,1424,89,Delivered
O000420,C01376,R0062,01-02-2024,20:00,792,94,
O000421,C01824,R0366,March 3 2024,12:00,527,99,delivered
O000422,C00245,R0420,March 3 2024,12:00,1127,8,delivered
O000423,C01584,R0331,2024-01-01,22:00,57,5,
O000424,C02349,R0146,March 3 2024,20:00,1253,15,Delivered
O000425,C02486,R0272,,,1354,3,Cancelled
O000426,C00868,R0017,01-02-2024,,452,36,Cancelled
O000427,C02148,R0280,,20:00,1794,100,delivered
O000428,C02773,R0098,2024-01-01,13:00,761,19,Delivered
O000429,C02862,R0452,March 3 2024,,1540,94,Delivered
O000430,C00480,R0227,March 3 2024,,1395,37,
O000431,C02463,R0463,01-02-2024,13:00,1985,31,
O000432,C02213,R0386,,13:00,575,30,Delivered
O000433,C01936,R0243,,,1493,85,Cancelled
O000434,C01966,R0479,01-02-2024,,201,83,
O000435,C01662,R0201,March 3 2024,,1837,77,
O000436,C00980,R0394,2024-01-01,13:00,797,-10,Cancelled
O000437,C00088,R0437,2024-01-01,,515,43,Cancelled
O000438,C01241,R0473,01-02-2024,12:00,1547,105,
O000439,C00573,R0179,01-02-2024,12:00,31,24,Delivered
O000440,C00814,R0453,01-02-2024,13:00,1531,-6,
O000441,C00179,R0270,,13:00,1518,98,Cancelled
O000442,C01726,R0234,March 3 2024,13:00,1093,26,
O000443,C00163,R0112,March 3 2024,18:00,844,108,delivered
O000444,C02641,R0486,01-02-2024,13:00,784,96,Cancelled
O000445,C01006,R0488,2024-01-01,18:00,1188,102,
O000446,C02349,R0066,,13:00,1206,56,delivered
O000447,C02422,R0338,01-02-2024,20:00,1470,27,Cancelled
O000448,C02756,R0349,,22:00,370,119,delivered
O000449,C00203,R0437,01-02-2024,,1855,75,Delivered
O000450,C00047,R0245,,,1990,0,Cancelled
O000451,C00463,R0245,2024-01-01,12:00,-23,108,delivered
O000452,C00408,R0468,2024-01-01,20:00,959,71,Delivered
O000453,C01218,R0448,2024-01-01,22:00,1097,24,delivered
O000454,C02475,R0072,2024-01-01,,546,34,Cancelled
O000455,C00930,R0357,March 3 2024,,1253,-2,Cancelled
O000456,C00317,R0049,March 3 2024,18:00,978,84,Cancelled
O000457,C01503,R0496,,12:00,663,-10,Delivered
O000458,C00421,R0346,01-02-2024,18:00,358,-8,
O000459,C01293,R0190,March 3 2024,18:00,591,83,Cancelled
O000460,C01735,R0293,01-02-2024,12:00,1378,77,Delivered
O000461,C01760,R0177,,22:00,1744,16,Delivered
O000462,C00263,R0452,01-02-2024,12:00,-27,18,Cancelled
O000463,C01450,R0161,2024-01-01,13:00,1378,116,Cancelled
O000464,C02214,R0150,2024-01-01,18:00,718,109,Cancelled
O000465,C01716,R0070,March 3 2024,13:00,1877,94,Cancelled
O000466,C00428,R0033,,12:00,54,67,
O000467,C00397,R0284,March 3 2024,12:00,418,58,
O000468,C01240,R0344,March 3 2024,,274,96,delivered
O000469,C00796,R0260,March 3 2024,22:00,242,91,
O000470,C00107,R0322,,18:00,1991,-5,delivered
O000471,C00098,R0077,2024-01-01,20:00,447,29,delivered
O000472,C01904,R0110,2024-01-01,12:00,1020,22,Delivered
O000473,C01281,R0305,March 3 2024,,335,56,
O000474,C00043,R0384,01-02-2024,20:00,930,11,
O000475,C02290,R0139,2024-01-01,18:00,343,61,
O000476,C01578,R0035,2024-01-01,13:00,378,67,Delivered
O000477,C00095,R0423,,18:00,1800,83,delivered
O000478,C01970,R0394,2024-01-01,22:00,1417,105,
O000479,C01790,R0235,2024-01-01,20:00,-64,98,Cancelled
O000480,C00188,R0330,March 3 2024,,1456,23,Delivered
O000481,C00385,R0200,March 3 2024,20:00,-3,63,Delivered
O000482,C00819,R0325,,13:00,944,84,Delivered
O000483,C01149,R0151,,,1155,32,Delivered
O000484,C01697,R0034,01-02-2024,13:00,367,24,delivered
O000485,C02135,R0124,2024-01-01,12:00,253,79,delivered
O000486,C02537,R0367,March 3 2024,18:00,-29,54,
O000487,C00226,R0032,March 3 2024,22:00,1275,37,
O000488,C01681,R0272,2024-01-01,12:00,975,28,Delivered
O000489,C02393,R0324,,18:00,1145,93,Cancelled
O000490,C01898,R0310,March 3 2024,13:00,923,90,delivered
O000491,C00518,R0124,,22:00,1720,21,Delivered
O000492,C01733,R0412,March 3 2024,13:00,889,112,delivered
O000493,C00296,R0368,March 3 2024,,359,83,Delivered
O000494,C00414,R0492,01-02-2024,13:00,1090,113,Cancelled
O000495,C01861,R0316,March 3 2024,20:00,1206,112,Delivered
O000496,C01996,R0078,2024-01-01,18:00,616,71,Delivered
O000497,C02183,R0076,2024-01-01,12:00,266,97,Delivered
O000498,C02029,R0060,2024-01-01,20:00,506,56,Cancelled
O000499,C02573,R0085,,,648,1,
O000500,C00004,R0368,March 3 2024,18:00,1599,9,
O000501,C00178,R0080,,,501,39,
O000502,C00746,R0374,01-02-2024,18:00,519,115,Delivered
O000503,C00259,R0172,March 3 2024,18:00,154,31,
O000504,C00652,R0258,2024-01-01,22:00,1123,67,Delivered
O000505,C01819,R0279,01-02-2024,20:00,735,68,delivered
O000506,C01387,R0221,01-02-2024,12:00,1750,15,Delivered
O000507,C02592,R0046,March 3 2024,20:00,568,99,delivered
O000508,C02483,R0491,2024-01-01,,152,27,Delivered
O000509,C01297,R0073,,13:00,393,86,Cancelled
O000510,C00290,R0054,March 3 2024,,1030,0,Cancelled
O000511,C00803,R0327,2024-01-01,18:00,1504,112,
O000512,C02531,R0221,01-02-2024,13:00,235,12,Cancelled
O000513,C02022,R0492,March 3 2024,20:00,1676,51,Delivered
O000514,C00234,R0381,01-02-2024,12:00,1767,30,Cancelled
O000515,C00408,R0337,2024-01-01,13:00,109,110,Cancelled
O000516,C00694,R0009,,13:00,912,82,Delivered
O000517,C01170,R0326,,22:00,1276,-7,
O000518,C00562,R0172,01-02-2024,20:00,793,40,
O000519,C02478,R0084,01-02-2024,13:00,1182,96,
O000520,C00432,R0330,01-02-2024,20:00,236,61,delivered
O000521,C01569,R0329,March 3 2024,12:00,1318,59,
O000522,C02545,R0012,2024-01-01,13:00,574,58,Delivered
O000523,C00983,R0481,01-02-2024,12:00,4,-3,
O000524,C00716,R0032,01-02-2024,,602,112,Delivered
O000525,C01435,R0418,01-02-2024,13:00,1047,101,delivered
O000526,C00897,R0339,,18:00,1953,61,Cancelled
O000527,C02875,R0289,01-02-2024,22:00,1190,-3,Delivered
O000528,C00778,R0320,2024-01-01,22:00,1192,61,delivered
O000529,C00223,R0304,,22:00,573,-4,delivered
O000530,C01772,R0272,2024-01-01,12:00,1118,35,Cancelled
O000531,C01689,R0178,,20:00,656,70,Delivered
O000532,C00468,R0114,,22:00,988,-6,
O000533,C02617,R0407,March 3 2024,,100,72,delivered
O000534,C01346,R0026,,13:00,141,33,
O000535,C02423,R0237,,13:00,1950,53,Delivered
O000536,C02575,R0310,2024-01-01,18:00,1387,12,Delivered
O000537,C00412,R0172,2024-01-01,12:00,867,39,Cancelled
O000538,C02317,R0233,01-02-2024,13:00,213,114,
O000539,C00626,R0037,March 3 2024,13:00,782,25,Delivered
O000540,C01276,R0265,,18:00,397,75,Cancelled
O000541,C01012,R0478,March 3 2024,18:00,1457,45,delivered
O000542,C01678,R0013,01-02-2024,20:00,1805,58,
O000543,C02498,R0496,March 3 2024,20:00,1894,26,Cancelled
O000544,C00802,R0316,,20:00,1440,31,Cancelled
O000545,C01893,R0106,2024-01-01,13:00,1898,83,delivered
O000546,C01561,R0126,March 3 2024,18:00,1232,11,Cancelled
O000547,C01392,R0336,,,1472,45,Cancelled
O000548,C02870,R0494,01-02-2024,12:00,1978,103,delivered
O000549,C00255,R0384,,20:00,1144,111,Cancelled
O000550,C01487,R0130,March 3 2024,,1441,67,
O000551,C02174,R0479,,22:00,1540,85,Delivered
O000552,C01417,R0316,,13:00,1260,71,Cancelled
O000553,C00762,R0256,March 3 2024,12:00,1778,23,Cancelled
O000554,C02847,R0441,March 3 2024,13:00,463,52,Delivered
O000555,C01358,R0115,01-02-2024,,1960,-9,Cancelled
O000556,C00565,R0299,,20:00,1109,32,delivered
O000557,C01392,R0403,2024-01-01,,633,84,
O000558,C01579,R0124,March 3 2024,,652,7,delivered
O000559,C02504,R0256,,13:00,47,-4,Delivered
O000560,C01091,R0139,2024-01-01,20:00,1825,41,delivered
O000561,C02960,R0206,2024-01-01,13:00,920,26,
O000562,C01619,R0047,,20:00,978,87,Cancelled
O000563,C02910,R0217,,18:00,1633,35,delivered
O000564,C02665,R0319,,18:00,1685,92,Cancelled
O000565,C00400,R0391,2024-01-01,18:00,591,31,Cancelled
O000566,C00287,R0463,,18:00,1992,49,
O000567,C02234,R0350,March 3 2024,18:00,1645,117,
O000568,C02332,R0123,2024-01-01,22:00,1705,93,Cancelled
O000569,C01540,R0031,March 3 2024,13:00,163,69,
O000570,C02698,R0472,March 3 2024,,1148,67,Cancelled
O000571,C02739,R0055,,18:00,115,113,Cancelled
O000572,C00237,R0153,March 3 2024,22:00,130,21,delivered
O000573,C00815,R0456,,22:00,1625,15,Cancelled
O000574,C00928,R0286,2024-01-01,13:00,1100,19,Delivered
O000575,C00414,R0036,March 3 2024,13:00,1440,92,
O000576,C01956,R0306,,20:00,1646,21,Delivered
O000577,C02057,R0398,01-02-2024,20:00,606,42,Delivered
O000578,C00420,R0285,,18:00,412,70,delivered
O000579,C00029,R0411,01-02-2024,12:00,1796,65,Delivered
O000580,C02396,R0373,,20:00,1024,58,
O000581,C00661,R0256,01-02-2024,12:00,1836,7,Cancelled
O000582,C02624,R0178,March 3 2024,,1892,26,
O000583,C00450,R0036,01-02-2024,20:00,250,50,delivered
O000584,C00380,R0254,March 3 2024,,702,-10,delivered
O000585,C02747,R0162,March 3 2024,22:00,350,49,Cancelled
O000586,C02414,R0021,,22:00,1192,113,Delivered
O000587,C01251,R0294,March 3 2024,,801,60,Cancelled
O000588,C02460,R0075,2024-01-01,22:00,-38,80,Delivered
O000589,C02999,R0481,01-02-2024,,1688,20,Delivered
O000590,C00356,R0207,,12:00,404,-3,Delivered
O000591,C02302,R0460,March 3 2024,18:00,1599,108,Delivered
O000592,C01697,R0472,01-02-2024,,1553,-4,Delivered
O000593,C00727,R0178,01-02-2024,20:00,1108,9,Cancelled
O000594,C01468,R0382,2024-01-01,20:00,1494,60,delivered
O000595,C02729,R0037,01-02-2024,12:00,1738,107,delivered
O000596,C00810,R0459,,,663,114,delivered
O000597,C01904,R0120,,22:00,325,54,Cancelled
O000598,C02521,R0403,March 3 2024,18:00,732,87,
O000599,C00416,R0118,March 3 2024,20:00,399,-8,Cancelled
O000600,C02464,R0001,,18:00,744,64,delivered
O000601,C00600,R0209,01-02-2024,18:00,960,57,
O000602,C01340,R0424,01-02-2024,13:00,1449,5,Delivered
O000603,C02508,R0311,2024-01-01,18:00,1320,6,delivered
O000604,C00079,R0208,March 3 2024,,649,89,delivered
O000605,C01568,R0154,01-02-2024,13:00,1490,21,Delivered
O000606,C02823,R0250,01-02-2024,12:00,1847,110,
O000607,C01095,R0171,March 3 2024,22:00,945,107,Delivered
O000608,C02944,R0315,,13:00,394,101,Delivered
O000609,C01221,R0307,01-02-2024,18:00,1126,87,Cancelled
O000610,C00058,R0107,2024-01-01,22:00,849,-6,Delivered
O000611,C01448,R0143,01-02-2024,18:00,1269,78,delivered
O000612,C01493,R0008,01-02-2024,18:00,938,81,delivered
O000613,C02672,R0094,2024-01-01,13:00,953,-8,delivered
O000614,C02096,R0398,,12:00,1687,17,
O000615,C01459,R0097,2024-01-01,18:00,1552,23,delivered
O000616,C01209,R0490,2024-01-01,,519,75,Delivered
O000617,C00839,R0007,March 3 2024,13:00,526,106,Cancelled
O000618,C02213,R0274,01-02-2024,,171,19,delivered
O000619,C01751,R0012,,,319,37,
O000620,C01355,R0002,01-02-2024,18:00,1947,54,Delivered
O000621,C02378,R0434,,,388,30,Delivered
O000622,C01145,R0349,2024-01-01,22:00,695,82,
O000623,C00213,R0405,March 3 2024,12:00,1241,86,Cancelled
O000624,C00507,R0007,2024-01-01,18:00,366,70,
O000625,C02964,R0500,01-02-2024,,339,91,Cancelled
O000626,C02849,R0475,March 3 2024,12:00,1254,30,
O000627,C02216,R0012,March 3 2024,12:00,172,112,Delivered
O000628,C02861,R0340,01-02-2024,22:00,944,22,delivered
O000629,C01570,R0057,,22:00,1415,71,delivered
O000630,C02878,R0078,March 3 2024,20:00,855,73,Cancelled
O000631,C00164,R0074,,12:00,1190,79,Delivered
O000632,C02180,R0233,,18:00,1819,60,delivered
O000633,C02835,R0279,,22:00,87,94,
O000634,C02475,R0030,March 3 2024,18:00,1398,46,Delivered
O000635,C01733,R0367,2024-01-01,12:00,107,9,Delivered
O000636,C01245,R0314,March 3 2024,22:00,-27,64,delivered
O000637,C01016,R0095,2024-01-01,20:00,572,27,
O000638,C01144,R0308,March 3 2024,12:00,949,16,
O000639,C01271,R0056,2024-01-01,18:00,773,102,delivered
O000640,C01933,R0010,2024-01-01,20:00,1693,3,
O000641,C00773,R0403,March 3 2024,12:00,1781,26,delivered
O000642,C01530,R0147,,22:00,414,81,Cancelled
O000643,C01082,R0364,,,1723,43,Cancelled
O000644,C01152,R0087,2024-01-01,12:00,179,114,Delivered
O000645,C01723,R0253,01-02-2024,13:00,659,112,delivered
O000646,C00717,R0187,01-02-2024,18:00,455,20,
O000647,C02134,R0428,March 3 2024,22:00,956,87,
O000648,C00104,R0233,March 3 2024,22:00,190,112,delivered
O000649,C02191,R0253,March 3 2024,13:00,684,102,Delivered
O000650,C00205,R0443,01-02-2024,,1522,74,delivered
O000651,C02689,R0224,,20:00,641,79,
O000652,C01387,R0340,March 3 2024,22:00,-18,81,delivered
O000653,C01645,R0004,March 3 2024,20:00,1911,117,
O000654,C01333,R0353,,20:00,1061,11,
O000655,C02049,R0112,2024-01-01,20:00,-18,-8,delivered
O000656,C02059,R0193,March 3 2024,,1610,81,Cancelled
O000657,C01850,R0141,01-02-2024,12:00,547,52,
O000658,C00747,R0323,01-02-2024,13:00,50,55,
O000659,C01664,R0140,March 3 2024,18:00,843,35,Delivered
O000660,C01238,R0349,01-02-2024,13:00,1657,28,
O000661,C02019,R0439,,22:00,759,83,delivered
O000662,C00956,R0445,2024-01-01,13:00,1768,36,Cancelled
O000663,C02803,R0095,2024-01-01,18:00,14,57,
O000664,C00518,R0041,March 3 2024,12:00,625,46,Cancelled
O000665,C01439,R0420,March 3 2024,22:00,1450,76,Delivered
O000666,C01032,R0002,2024-01-01,12:00,1007,51,delivered
O000667,C02053,R0278,2024-01-01,22:00,786,28,
O000668,C02742,R0150,March 3 2024,18:00,709,103,Cancelled
O000669,C02160,R0041,01-02-2024,12:00,1740,111,
O000670,C00273,R0351,March 3 2024,18:00,152,84,Cancelled
O000671,C00422,R0116,,18:00,1196,-5,Delivered
O000672,C02313,R0120,March 3 2024,,724,112,Cancelled
O000673,C01482,R0237,March 3 2024,13:00,406,72,
O000674,C02260,R0270,March 3 2024,22:00,1634,8,delivered
O000675,C00782,R0349,March 3 2024,20:00,250,8,Cancelled
O000676,C02714,R0291,March 3 2024,20:00,1006,23,Cancelled
O000677,C01245,R0434,March 3 2024,12:00,1887,14,delivered
O000678,C02417,R0009,01-02-2024,18:00,717,86,
O000679,C02169,R0239,March 3 2024,13:00,734,45,Cancelled
O000680,C02395,R0118,2024-01-01,22:00,1887,10,Delivered
O000681,C02073,R0352,March 3 2024,12:00,795,23,
O000682,C00976,R0315,01-02-2024,18:00,-38,99,Cancelled
O000683,C01744,R0312,,,650,14,Delivered
O000684,C00417,R0475,2024-01-01,20:00,-75,71,Delivered
O000685,C02563,R0010,March 3 2024,20:00,-100,96,delivered
O000686,C00215,R0025,March 3 2024,22:00,1837,0,
O000687,C01136,R0497,2024-01-01,22:00,1601,8,Delivered
O000688,C00123,R0173,March 3 2024,22:00,197,119,Cancelled
O000689,C00914,R0225,01-02-2024,12:00,1884,19,
O000690,C01583,R0011,March 3 2024,22:00,1494,98,delivered
O000691,C02025,R0101,,12:00,108,27,Delivered
O000692,C00428,R0265,01-02-2024,13:00,1381,4,Delivered
O000693,C00733,R0391,March 3 2024,18:00,806,64,Delivered
O000694,C02747,R0327,,20:00,183,49,Cancelled
O000695,C02264,R0418,2024-01-01,12:00,249,72,
O000696,C00413,R0083,01-02-2024,18:00,1256,3,Cancelled
O000697,C02428,R0276,March 3 2024,,1912,103,Delivered
O000698,C01626,R0370,March 3 2024,22:00,1673,70,delivered
O000699,C00232,R0490,2024-01-01,20:00,1251,-3,Cancelled
O000700,C00835,R0345,2024-01-01,,1217,66,delivered
O000701,C00258,R0261,01-02-2024,12:00,1417,82,Cancelled
O000702,C01280,R0368,01-02-2024,22:00,83,100,delivered
O000703,C00403,R0221,01-02-2024,18:00,1930,69,delivered
O000704,C02472,R0311,March 3 2024,13:00,111,39,Delivered
O000705,C00770,R0219,March 3 2024,18:00,1174,76,Delivered
O000706,C00065,R0089,01-02-2024,12:00,66,65,
O000707,C02238,R0485,March 3 2024,13:00,1771,27,Delivered
O000708,C00950,R0015,2024-01-01,13:00,1085,84,
O000709,C00173,R0246,,22:00,774,114,Delivered
O000710,C02807,R0176,March 3 2024,18:00,1342,54,delivered
O000711,C02676,R0004,01-02-2024,12:00,1553,79,
O000712,C02609,R0334,March 3 2024,,306,6,Delivered
O000713,C01251,R0376,2024-01-01,,304,89,Cancelled
O000714,C01432,R0369,01-02-2024,13:00,174,16,Delivered
O000715,C01412,R0465,,22:00,1338,78,Delivered
O000716,C02449,R0021,01-02-2024,,691,14,Cancelled
O000717,C00638,R0208,01-02-2024,13:00,35,91,Delivered
O000718,C00949,R0474,01-02-2024,18:00,232,85,
O000719,C02261,R0137,March 3 2024,,926,47,Delivered
O000720,C02101,R0322,,20:00,1435,113,Delivered
O000721,C02672,R0363,2024-01-01,12:00,1086,-10,Cancelled
O000722,C01695,R0463,March 3 2024,20:00,944,10,Cancelled
O000723,C00752,R0419,,18:00,1501,-10,Delivered
O000724,C00662,R0216,,20:00,852,50,Cancelled
O000725,C02187,R0368,March 3 2024,18:00,1886,-8,delivered
O000726,C02466,R0117,01-02-2024,18:00,371,71,Cancelled
O000727,C00143,R0179,,22:00,64,14,
O000728,C01906,R0246,2024-01-01,20:00,1891,7,Delivered
O000729,C02557,R0128,March 3 2024,13:00,1639,17,Cancelled
O000730,C02698,R0358,,18:00,63,-7,Delivered
O000731,C00486,R0078,2024-01-01,20:00,3,108,
O000732,C00992,R0229,2024-01-01,13:00,495,105,delivered
O000733,C01461,R0293,2024-01-01,12:00,19,59,delivered
O000734,C02591,R0262,2024-01-01,13:00,1027,10,Delivered
O000735,C00293,R0082,March 3 2024,20:00,263,83,Cancelled
O000736,C01644,R0342,2024-01-01,20:00,1469,115,delivered
O000737,C02719,R0338,March 3 2024,13:00,268,110,Delivered
O000738,C00838,R0307,2024-01-01,13:00,857,117,Delivered
O000739,C01038,R0066,2024-01-01,,1667,20,delivered
O000740,C02682,R0096,March 3 2024,18:00,1108,89,Delivered
O000741,C01751,R0145,01-02-2024,20:00,1154,58,delivered
O000742,C00272,R0065,,18:00,34,6,delivered
O000743,C01049,R0009,,18:00,1992,34,Cancelled
O000744,C01959,R0397,March 3 2024,12:00,1415,100,Delivered
O000745,C02370,R0484,2024-01-01,20:00,494,39,delivered
O000746,C00806,R0357,March 3 2024,18:00,1345,109,delivered
O000747,C01705,R0186,2024-01-01,12:00,665,87,Cancelled
O000748,C01890,R0158,March 3 2024,,1844,105,delivered
O000749,C00883,R0031,,18:00,1240,112,Cancelled
O000750,C02283,R0151,March 3 2024,18:00,1486,18,delivered
O000751,C00832,R0319,,,435,-8,Delivered
O000752,C01113,R0242,,20:00,533,-5,Delivered
O000753,C02192,R0156,,13:00,1996,65,Delivered
O000754,C02041,R0059,March 3 2024,,560,-6,Cancelled
O000755,C01106,R0010,01-02-2024,13:00,358,-8,Delivered
O000756,C02637,R0345,March 3 2024,20:00,1580,-7,Cancelled
O000757,C01595,R0124,March 3 2024,13:00,654,-6,
O000758,C02277,R0356,01-02-2024,22:00,1793,46,Cancelled
O000759,C01627,R0346,01-02-2024,13:00,408,88,
O000760,C01890,R0282,,,635,72,Cancelled
O000761,C01805,R0237,2024-01-01,18:00,1223,44,delivered
O000762,C01221,R0333,2024-01-01,18:00,191,12,Cancelled
O000763,C00274,R0017,,12:00,320,27,delivered
O000764,C00590,R0424,March 3 2024,,1818,98,Cancelled
O000765,C02701,R0324,2024-01-01,20:00,711,74,Cancelled
O000766,C00583,R0023,March 3 2024,12:00,1997,26,
O000767,C00968,R0419,01-02-2024,18:00,1909,105,
O000768,C01991,R0459,01-02-2024,18:00,82,95,delivered
O000769,C02420,R0460,,12:00,146,46,delivered
O000770,C01259,R0009,March 3 2024,,549,81,Delivered
O000771,C01311,R0207,,22:00,460,5,Delivered
O000772,C02867,R0045,2024-01-01,13:00,669,103,
O000773,C00572,R0421,2024-01-01,22:00,455,48,delivered
O000774,C00545,R0453,2024-01-01,22:00,403,-8,Delivered
O000775,C01461,R0403,March 3 2024,22:00,527,106,delivered
O000776,C00127,R0331,,,1653,8,
O000777,C00733,R0457,,22:00,994,86,delivered
O000778,C00417,R0483,2024-01-01,13:00,60,8,
O000779,C00638,R0498,,20:00,1708,25,Delivered
O000780,C00041,R0027,01-02-2024,12:00,1605,101,delivered
O000781,C00787,R0397,01-02-2024,22:00,1452,49,delivered
O000782,C00297,R0441,01-02-2024,22:00,1227,23,Delivered
O000783,C01621,R0188,01-02-2024,12:00,1919,31,Cancelled
O000784,C00042,R0140,,12:00,1112,31,Cancelled
O000785,C02680,R0009,01-02-2024,20:00,1895,77,
O000786,C00033,R0234,01-02-2024,18:00,533,11,delivered
O000787,C01300,R0092,01-02-2024,20:00,1906,76,Delivered
O000788,C02713,R0077,01-02-2024,18:00,956,30,
O000789,C00616,R0340,01-02-2024,,400,13,Delivered
O000790,C00948,R0244,March 3 2024,13:00,1463,40,Cancelled
O000791,C01548,R0333,March 3 2024,20:00,1074,22,delivered
O000792,C00160,R0155,01-02-2024,13:00,1498,17,
O000793,C01953,R0218,01-02-2024,12:00,1884,79,Cancelled
O000794,C02506,R0447,,20:00,419,71,Cancelled
O000795,C01732,R0477,01-02-2024,,1817,111,delivered
O000796,C02447,R0285,2024-01-01,12:00,1228,68,delivered
O000797,C01843,R0150,March 3 2024,,1746,91,delivered
O000798,C01798,R0329,01-02-2024,,832,11,delivered
O000799,C01733,R0088,March 3 2024,22:00,1441,7,
O000800,C00581,R0106,01-02-2024,12:00,307,-9,delivered
O000801,C00220,R0403,2024-01-01,,1431,83,
O000802,C00379,R0294,01-02-2024,22:00,523,78,delivered
O000803,C01750,R0095,March 3 2024,18:00,451,28,
O000804,C02978,R0253,March 3 2024,22:00,219,6,
O000805,C01471,R0039,March 3 2024,18:00,969,5,delivered
O000806,C00964,R0399,,22:00,566,31,Delivered
O000807,C01170,R0255,March 3 2024,22:00,527,52,
O000808,C00233,R0054,01-02-2024,13:00,1684,18,
O000809,C01395,R0416,2024-01-01,13:00,1409,119,Delivered
O000810,C00922,R0243,2024-01-01,12:00,1033,96,
O000811,C02282,R0110,01-02-2024,,1409,93,Cancelled
O000812,C02774,R0254,,13:00,1758,3,Cancelled
O000813,C00367,R0112,01-02-2024,18:00,1515,1,Delivered
O000814,C00481,R0174,March 3 2024,13:00,509,13,Delivered
O000815,C01597,R0189,,12:00,1421,17,delivered
O000816,C02638,R0221,01-02-2024,20:00,378,90,
O000817,C01119,R0249,,18:00,487,19,Cancelled
O000818,C01866,R0052,2024-01-01,20:00,492,23,Delivered
O000819,C02035,R0162,01-02-2024,18:00,208,64,delivered
O000820,C00216,R0457,01-02-2024,,166,5,Delivered
O000821,C00725,R0035,2024-01-01,,1980,16,Cancelled
O000822,C01840,R0454,,,1732,101,Delivered
O000823,C00712,R0037,2024-01-01,12:00,1987,38,Delivered
O000824,C01888,R0334,,13:00,585,15,
O000825,C01826,R0317,01-02-2024,20:00,1900,-5,Cancelled
O000826,C00985,R0111,,20:00,566,2,
O000827,C01159,R0370,,13:00,1584,-1,Delivered
O000828,C01107,R0177,March 3 2024,12:00,1306,32,Cancelled
O000829,C00391,R0009,March 3 2024,13:00,1421,99,delivered
O000830,C01071,R0275,March 3 2024,22:00,920,101,
O000831,C00392,R0471,2024-01-01,22:00,345,90,
O000832,C02766,R0121,2024-01-01,,187,7,delivered
O000833,C00385,R0105,March 3 2024,22:00,981,0,Delivered
O000834,C02429,R0156,01-02-2024,20:00,1590,-1,delivered
O000835,C01283,R0336,01-02-2024,,693,42,Cancelled
O000836,C02652,R0026,01-02-2024,20:00,1464,43,
O000837,C00934,R0422,2024-01-01,12:00,674,-5,Cancelled
O000838,C01971,R0296,,18:00,176,95,Delivered
O000839,C00399,R0025,2024-01-01,13:00,1899,22,delivered
O000840,C02148,R0355,March 3 2024,18:00,862,58,Cancelled
O000841,C00383,R0374,,20:00,1445,85,
O000842,C02755,R0069,01-02-2024,13:00,635,77,Cancelled
O000843,C02058,R0327,2024-01-01,20:00,13,44,
O000844,C02312,R0151,2024-01-01,12:00,671,40,Delivered
O000845,C02880,R0345,March 3 2024,,1319,14,delivered
O000846,C02678,R0065,01-02-2024,13:00,912,94,Cancelled
O000847,C02810,R0150,2024-01-01,20:00,1152,12,Delivered
O000848,C02243,R0320,2024-01-01,22:00,7,35,Delivered
O000849,C02610,R0245,,22:00,181,3,Cancelled
O000850,C01431,R0452,2024-01-01,20:00,1327,94,Cancelled
O000851,C01914,R0058,,18:00,777,111,
O000852,C02145,R0156,2024-01-01,,1098,22,Delivered
O000853,C02510,R0112,01-02-2024,12:00,353,109,delivered
O000854,C00758,R0123,March 3 2024,12:00,408,20,Delivered
O000855,C02135,R0462,01-02-2024,20:00,1163,12,delivered
O000856,C00991,R0353,March 3 2024,12:00,-10,104,Cancelled
O000857,C02125,R0452,2024-01-01,13:00,132,43,
O000858,C01913,R0362,01-02-2024,12:00,558,73,
O000859,C01740,R0203,,22:00,811,45,Cancelled
O000860,C01507,R0487,March 3 2024,20:00,1367,81,
O000861,C00661,R0480,March 3 2024,13:00,340,-3,Cancelled
O000862,C02029,R0004,2024-01-01,12:00,895,51,
O000863,C01135,R0129,March 3 2024,22:00,-96,43,Delivered
O000864,C02026,R0026,March 3 2024,,516,108,
O000865,C00765,R0289,March 3 2024,18:00,1070,97,delivered
O000866,C02726,R0465,2024-01-01,12:00,264,77,Delivered
O000867,C01673,R0027,01-02-2024,22:00,524,4,
O000868,C02839,R0042,2024-01-01,,406,103,Delivered
O000869,C01547,R0453,,,422,-6,Delivered
O000870,C00583,R0071,March 3 2024,22:00,605,6,delivered
O000871,C00671,R0064,March 3 2024,22:00,1659,81,delivered
O000872,C01752,R0025,01-02-2024,22:00,149,106,Cancelled
O000873,C00538,R0072,March 3 2024,18:00,800,91,Delivered
O000874,C01822,R0482,01-02-2024,20:00,148,90,
O000875,C01186,R0361,March 3 2024,22:00,1274,40,delivered
O000876,C00430,R0388,March 3 2024,20:00,1192,43,Delivered
O000877,C01638,R0268,2024-01-01,,1726,79,Cancelled
O000878,C02181,R0314,2024-01-01,18:00,1003,102,Cancelled
O000879,C00189,R0095,,,158,25,Delivered
O000880,C01747,R0395,01-02-2024,18:00,21,79,Cancelled
O000881,C01702,R0357,,,1047,109,
O000882,C02621,R0364,2024-01-01,13:00,804,80,
O000883,C02327,R0315,01-02-2024,13:00,846,87,
O000884,C01649,R0117,2024-01-01,22:00,947,49,
O000885,C02590,R0164,01-02-2024,20:00,-49,79,delivered
O000886,C02012,R0365,March 3 2024,,193,11,
O000887,C01185,R0278,,18:00,1305,13,delivered
O000888,C02794,R0065,,12:00,1491,64,delivered
O000889,C02947,R0306,01-02-2024,13:00,754,49,delivered
O000890,C02501,R0260,,13:00,650,69,Cancelled
O000891,C02937,R0228,2024-01-01,,1295,-4,delivered
O000892,C00851,R0200,,12:00,138,42,Cancelled
O000893,C00170,R0473,01-02-2024,20:00,1917,13,
O000894,C00830,R0220,,20:00,1862,42,Cancelled
O000895,C02746,R0180,,20:00,1960,2,Delivered
O000896,C01081,R0358,2024-01-01,22:00,440,67,Cancelled
O000897,C01264,R0228,March 3 2024,22:00,1216,84,Delivered
O000898,C00769,R0484,2024-01-01,,7,61,Cancelled
O000899,C00358,R0252,,12:00,1504,-10,delivered
O000900,C02249,R0299,,,1808,93,Delivered
O000901,C02492,R0361,March 3 2024,18:00,266,104,Cancelled
O000902,C02875,R0430,March 3 2024,12:00,730,70,
O000903,C01326,R0004,2024-01-01,18:00,72,30,Cancelled
O000904,C02149,R0141,March 3 2024,12:00,1640,2,Delivered
O000905,C01121,R0166,2024-01-01,22:00,1253,16,
O000906,C01689,R0254,01-02-2024,20:00,351,112,Delivered
O000907,C02986,R0429,,13:00,1944,29,delivered
O000908,C02077,R0153,March 3 2024,12:00,370,65,delivered
O000909,C01530,R0067,01-02-2024,12:00,1004,41,Cancelled
O000910,C02713,R0055,01-02-2024,13:00,220,69,Cancelled
O000911,C01462,R0096,2024-01-01,12:00,340,23,Cancelled
O000912,C01403,R0167,2024-01-01,20:00,784,37,Cancelled
O000913,C00073,R0321,March 3 2024,,1821,70,Delivered
O000914,C00254,R0331,2024-01-01,13:00,642,-4,Delivered
O000915,C01935,R0386,01-02-2024,13:00,1393,-5,Cancelled
O000916,C00516,R0453,01-02-2024,20:00,1939,42,Cancelled
O000917,C02797,R0376,,20:00,1160,-10,delivered
O000918,C01044,R0342,01-02-2024,13:00,80,18,Cancelled
O000919,C01649,R0062,March 3 2024,20:00,309,81,delivered
O000920,C02583,R0174,,,811,92,delivered
O000921,C00421,R0253,2024-01-01,20:00,285,112,Cancelled
O000922,C02494,R0461,,,502,91,Delivered
O000923,C00879,R0112,01-02-2024,20:00,342,87,delivered
O000924,C00136,R0215,March 3 2024,13:00,1841,48,delivered
O000925,C01325,R0239,2024-01-01,12:00,1660,34,Cancelled
O000926,C01633,R0415,2024-01-01,18:00,254,111,Delivered
O000927,C00033,R0227,01-02-2024,13:00,1685,12,
O000928,C02695,R0230,March 3 2024,18:00,1672,21,delivered
O000929,C01791,R0233,01-02-2024,20:00,374,61,Cancelled
O000930,C00278,R0163,01-02-2024,20:00,1730,100,Delivered
O000931,C02181,R0126,March 3 2024,12:00,1349,64,Delivered
O000932,C00750,R0429,01-02-2024,20:00,968,42,Delivered
O000933,C02174,R0253,March 3 2024,18:00,633,9,delivered
O000934,C02393,R0333,March 3 2024,13:00,940,118,
O000935,C00017,R0438,01-02-2024,13:00,495,46,Delivered
O000936,C02872,R0199,01-02-2024,,90,55,delivered
O000937,C02610,R0197,,12:00,543,35,Cancelled
O000938,C02695,R0122,2024-01-01,18:00,1722,19,Delivered
O000939,C02678,R0413,2024-01-01,20:00,-7,-4,delivered
O000940,C01402,R0456,March 3 2024,22:00,1018,84,
O000941,C00818,R0264,,12:00,1567,32,Delivered
O000942,C02108,R0054,March 3 2024,12:00,1005,68,
O000943,C01661,R0135,,22:00,239,25,delivered
O000944,C00467,R0339,March 3 2024,13:00,1936,118,Cancelled
O000945,C00628,R0359,2024-01-01,,202,-4,delivered
O000946,C02439,R0151,,13:00,1741,33,
O000947,C02984,R0100,01-02-2024,13:00,1842,50,
O000948,C02733,R0234,01-02-2024,22:00,-50,15,Cancelled
O000949,C01211,R0032,2024-01-01,20:00,705,96,Delivered
O000950,C02546,R0062,,20:00,1828,96,delivered
O000951,C00600,R0429,01-02-2024,,600,110,Cancelled
O000952,C01739,R0196,01-02-2024,,560,-10,Delivered
O000953,C01385,R0030,01-02-2024,18:00,1700,52,Cancelled
O000954,C01847,R0243,2024-01-01,18:00,1807,4,
O000955,C01856,R0106,March 3 2024,13:00,1204,44,Delivered
O000956,C02497,R0295,01-02-2024,22:00,1036,46,Cancelled
O000957,C01888,R0133,01-02-2024,,-65,106,delivered
O000958,C00680,R0451,March 3 2024,12:00,522,9,Cancelled
O000959,C01836,R0022,01-02-2024,20:00,1463,78,Delivered
O000960,C02178,R0156,,22:00,1992,106,Cancelled
O000961,C00149,R0406,01-02-2024,,772,108,Cancelled
O000962,C01496,R0384,March 3 2024,18:00,1227,72,delivered
O000963,C00818,R0214,2024-01-01,,1315,5,Delivered
O000964,C01745,R0226,2024-01-01,20:00,1962,43,Delivered
O000965,C01647,R0285,,,66,84,
O000966,C02996,R0171,01-02-2024,20:00,1588,68,Cancelled
O000967,C02548,R0042,01-02-2024,22:00,-38,25,Delivered
O000968,C01673,R0060,March 3 2024,,102,116,Delivered
O000969,C01379,R0375,March 3 2024,,1080,79,Delivered
O000970,C01940,R0077,,18:00,1438,83,delivered
O000971,C00658,R0455,,22:00,1024,78,delivered
O000972,C01054,R0202,01-02-2024,12:00,794,1,delivered
O000973,C00577,R0220,01-02-2024,20:00,1092,50,Delivered
O000974,C02083,R0452,,22:00,1455,108,delivered
O000975,C00723,R0187,2024-01-01,22:00,1064,-2,Delivered
O000976,C02270,R0096,2024-01-01,12:00,686,14,delivered
O000977,C02650,R0342,2024-01-01,22:00,875,43,Cancelled
O000978,C01642,R0212,2024-01-01,20:00,733,101,Delivered
O000979,C00684,R0368,,13:00,92,30,
O000980,C00742,R0340,March 3 2024,13:00,285,39,Cancelled
O000981,C02973,R0262,2024-01-01,18:00,1875,106,Cancelled
O000982,C02628,R0329,,12:00,1311,16,Cancelled
O000983,C02449,R0412,2024-01-01,18:00,1001,100,
O000984,C02046,R0077,01-02-2024,13:00,1900,44,
O000985,C02949,R0031,2024-01-01,12:00,71,96,
O000986,C01628,R0039,,22:00,236,-5,delivered
O000987,C02560,R0306,01-02-2024,22:00,1354,7,delivered
O000988,C02136,R0334,01-02-2024,20:00,504,41,Cancelled
O000989,C01489,R0214,2024-01-01,,565,70,
O000990,C00050,R0126,2024-01-01,13:00,1132,5,Cancelled
O000991,C00103,R0165,01-02-2024,22:00,1828,10,Cancelled
O000992,C00368,R0246,March 3 2024,12:00,251,28,
O000993,C00936,R0109,,,1661,26,delivered
O000994,C01715,R0088,,,1995,42,Cancelled
O000995,C01803,R0200,,22:00,1978,63,Cancelled
O000996,C01421,R0271,,18:00,374,21,Delivered
O000997,C01801,R0051,,18:00,1049,14,
O000998,C02946,R0489,01-02-2024,18:00,342,53,Cancelled
O000999,C02957,R0198,,,1574,92,
O001000,C02306,R0023,March 3 2024,18:00,154,91,Delivered
O001001,C01996,R0153,March 3 2024,18:00,-31,27,
O001002,C01968,R0223,2024-01-01,,477,81,Delivered
O001003,C00390,R0430,2024-01-01,20:00,394,68,Delivered
O001004,C01367,R0221,2024-01-01,18:00,680,-10,delivered
O001005,C00773,R0151,2024-01-01,20:00,750,48,Cancelled
O001006,C02802,R0266,01-02-2024,20:00,1738,24,Cancelled
O001007,C00394,R0073,March 3 2024,22:00,28,5,
O001008,C00683,R0369,01-02-2024,,1406,-6,
O001009,C00270,R0077,March 3 2024,12:00,1548,69,Delivered
O001010,C00149,R0032,01-02-2024,18:00,1723,10,Delivered
O001011,C00811,R0369,March 3 2024,12:00,1379,47,
O001012,C00028,R0435,2024-01-01,13:00,1702,46,
O001013,C02328,R0493,March 3 2024,20:00,1327,60,
O001014,C01206,R0425,2024-01-01,13:00,-93,110,Delivered
O001015,C00166,R0065,March 3 2024,20:00,119,97,
O001016,C02065,R0449,01-02-2024,18:00,624,27,Delivered
O001017,C01174,R0357,,13:00,1,68,Cancelled
O001018,C00339,R0424,March 3 2024,,1601,39,Cancelled
O001019,C01069,R0018,01-02-2024,22:00,1949,78,Delivered
O001020,C00842,R0164,,13:00,670,53,Delivered
O001021,C00189,R0287,01-02-2024,20:00,733,114,Delivered
O001022,C00651,R0054,,,639,119,Delivered
O001023,C00294,R0063,2024-01-01,20:00,99,70,delivered
O001024,C01858,R0257,March 3 2024,12:00,1892,67,Cancelled
O001025,C01323,R0239,01-02-2024,13:00,-75,-1,Cancelled
O001026,C02463,R0436,March 3 2024,22:00,1917,33,delivered
O001027,C01648,R0484,2024-01-01,18:00,843,29,
O001028,C00803,R0441,2024-01-01,12:00,1,98,Delivered
O001029,C00431,R0009,March 3 2024,13:00,1254,59,Delivered
O001030,C01519,R0470,01-02-2024,12:00,96,20,
O001031,C00487,R0120,01-02-2024,13:00,409,26,Cancelled
O001032,C00089,R0348,01-02-2024,18:00,1895,98,delivered
O001033,C00271,R0090,March 3 2024,18:00,914,86,Delivered
O001034,C01957,R0372,01-02-2024,22:00,822,60,Cancelled
O001035,C01773,R0458,01-02-2024,12:00,1691,27,Cancelled
O001036,C00900,R0312,,22:00,1455,-3,Cancelled
O001037,C01745,R0175,01-02-2024,13:00,1231,23,delivered
O001038,C00278,R0003,2024-01-01,18:00,-80,6,delivered
O001039,C02001,R0130,01-02-2024,18:00,1822,83,delivered
O001040,C02254,R0054,March 3 2024,20:00,964,71,delivered
O001041,C02961,R0293,March 3 2024,20:00,1815,42,delivered
O001042,C02376,R0184,01-02-2024,22:00,1421,53,delivered
O001043,C01634,R0415,March 3 2024,12:00,1883,98,
O001044,C02906,R0353,March 3 2024,13:00,1799,46,Cancelled
O001045,C02925,R0224,01-02-2024,22:00,866,50,Cancelled
O001046,C00862,R0491,,18:00,1587,14,
O001047,C02384,R0012,,18:00,1231,67,Delivered
O001048,C00606,R0442,,18:00,413,16,
O001049,C02640,R0195,,13:00,-60,88,Delivered
O001050,C01062,R0247,2024-01-01,22:00,162,17,Delivered
O001051,C01014,R0368,01-02-2024,13:00,1217,30,
O001052,C01507,R0154,March 3 2024,,932,48,
O001053,C00708,R0078,March 3 2024,18:00,1719,67,delivered
O001054,C00978,R0140,01-02-2024,20:00,27,38,
O001055,C01818,R0500,March 3 2024,22:00,1887,97,delivered
O001056,C02473,R0090,2024-01-01,20:00,424,89,
O001057,C02635,R0144,,22:00,1655,-6,
O001058,C00806,R0437,01-02-2024,18:00,656,0,Delivered
O001059,C01534,R0072,March 3 2024,20:00,793,75,
O001060,C00720,R0433,2024-01-01,20:00,1491,29,Delivered
O001061,C00949,R0177,March 3 2024,22:00,-13,103,delivered
O001062,C02703,R0348,2024-01-01,,1487,59,
O001063,C00474,R0263,March 3 2024,,1687,59,delivered
O001064,C00568,R0271,,20:00,536,99,
O001065,C02259,R0105,01-02-2024,20:00,76,9,
O001066,C01082,R0420,,18:00,1469,2,Cancelled
O001067,C00215,R0072,,22:00,-79,38,
O001068,C00900,R0074,March 3 2024,22:00,552,65,Delivered
O001069,C01802,R0143,,12:00,682,-2,delivered
O001070,C01983,R0062,01-02-2024,22:00,67,48,Cancelled
O001071,C01097,R0146,2024-01-01,18:00,961,105,Cancelled
O001072,C02515,R0046,2024-01-01,20:00,772,-8,delivered
O001073,C01295,R0229,March 3 2024,12:00,1681,0,delivered
O001074,C02402,R0105,01-02-2024,20:00,1670,-6,Cancelled
O001075,C01258,R0109,01-02-2024,22:00,1490,102,
O001076,C02673,R0317,2024-01-01,13:00,1296,71,Cancelled
O001077,C02420,R0121,2024-01-01,20:00,531,114,
O001078,C00184,R0499,,,1501,75,delivered
O001079,C00674,R0043,March 3 2024,22:00,1350,31,
O001080,C02803,R0428,2024-01-01,,1763,32,
O001081,C01682,R0099,2024-01-01,18:00,621,14,
O001082,C02370,R0194,01-02-2024,,339,7,Delivered
O001083,C00435,R0311,01-02-2024,22:00,142,95,
O001084,C01067,R0214,01-02-2024,12:00,442,-10,Delivered
O001085,C01337,R0463,2024-01-01,,176,4,
O001086,C02341,R0229,March 3 2024,13:00,449,23,
O001087,C00688,R0423,,13:00,1231,-9,Delivered
O001088,C00888,R0484,March 3 2024,13:00,302,99,
O001089,C00069,R0389,2024-01-01,,1353,40,
O001090,C02104,R0185,,18:00,896,35,Delivered
O001091,C02679,R0112,March 3 2024,13:00,-25,86,Delivered
O001092,C00420,R0399,2024-01-01,20:00,1373,95,Delivered
O001093,C02615,R0347,March 3 2024,18:00,1985,3,Delivered
O001094,C02598,R0272,2024-01-01,22:00,217,6,
O001095,C00243,R0313,01-02-2024,12:00,1086,111,
O001096,C02796,R0484,March 3 2024,18:00,1281,96,delivered
O001097,C01498,R0102,01-02-2024,12:00,1862,1,
O001098,C02575,R0210,01-02-2024,18:00,228,64,Cancelled
O001099,C01680,R0227,,22:00,1754,32,Cancelled
O001100,C02125,R0281,,12:00,1804,16,Cancelled
O001101,C02009,R0022,March 3 2024,18:00,1848,116,
O001102,C01502,R0248,2024-01-01,12:00,375,45,Cancelled
O001103,C00440,R0159,,13:00,1652,93,
O001104,C01287,R0379,,13:00,1637,69,Delivered
O001105,C01209,R0229,01-02-2024,,1713,57,
O001106,C01079,R0418,01-02-2024,13:00,1854,80,delivered
O001107,C01332,R0343,2024-01-01,20:00,1075,4,
O001108,C02564,R0400,,13:00,437,15,Cancelled
O001109,C01254,R0454,,13:00,1689,-1,Delivered
O001110,C00615,R0187,2024-01-01,22:00,1090,87,Delivered
O001111,C02724,R0143,,12:00,1395,91,Delivered
O001112,C00420,R0338,March 3 2024,12:00,327,69,delivered
O001113,C01901,R0358,March 3 2024,13:00,1159,21,delivered
O001114,C00276,R0397,2024-01-01,12:00,1630,10,delivered
O001115,C01585,R0024,01-02-2024,18:00,499,85,Cancelled
O001116,C02656,R0141,2024-01-01,,-4,34,Cancelled
O001117,C02619,R0449,March 3 2024,13:00,377,1,delivered
O001118,C01767,R0240,,,1601,92,
O001119,C01713,R0292,,13:00,921,63,delivered
O001120,C02138,R0305,01-02-2024,20:00,390,59,delivered
O001121,C02330,R0082,01-02-2024,,1219,26,delivered
O001122,C01195,R0048,March 3 2024,18:00,305,101,Delivered
O001123,C02686,R0353,01-02-2024,13:00,614,58,Cancelled
O001124,C00811,R0358,2024-01-01,13:00,1198,87,Delivered
O001125,C01379,R0171,March 3 2024,12:00,943,22,
O001126,C01313,R0262,,13:00,484,25,
O001127,C02916,R0465,,,853,-8,Cancelled
O001128,C02510,R0068,,,1930,95,
O001129,C00750,R0014,01-02-2024,13:00,493,17,Delivered
O001130,C01197,R0030,March 3 2024,13:00,1731,15,Delivered
O001131,C00301,R0110,01-02-2024,13:00,255,-1,Delivered
O001132,C00600,R0212,2024-01-01,20:00,1974,98,
O001133,C00529,R0264,March 3 2024,18:00,1576,51,delivered
O001134,C02188,R0438,01-02-2024,,11,85,Delivered
O001135,C00278,R0322,,20:00,274,75,Delivered
O001136,C00663,R0485,,12:00,1238,38,delivered
O001137,C02559,R0388,2024-01-01,22:00,744,-6,delivered
O001138,C01370,R0202,2024-01-01,13:00,1283,62,Cancelled
O001139,C02162,R0084,2024-01-01,,261,33,
O001140,C00580,R0444,,12:00,578,110,Delivered
O001141,C01531,R0376,01-02-2024,,882,-4,Cancelled
O001142,C01390,R0053,,22:00,1631,9,
O001143,C00691,R0355,,13:00,1936,97,Cancelled
O001144,C00637,R0496,,,1618,53,
O001145,C01849,R0256,01-02-2024,13:00,1187,32,Delivered
O001146,C02046,R0074,,22:00,699,33,Cancelled
O001147,C00823,R0220,2024-01-01,20:00,174,6,
O001148,C01874,R0143,2024-01-01,22:00,1553,28,
O001149,C00875,R0100,2024-01-01,22:00,1236,88,
O001150,C00940,R0129,2024-01-01,,805,28,delivered
O001151,C01683,R0406,,18:00,1782,28,
O001152,C00942,R0219,,13:00,391,5,delivered
O001153,C01899,R0477,,,1327,42,Delivered
O001154,C02406,R0271,2024-01-01,13:00,558,95,Cancelled
O001155,C02051,R0458,01-02-2024,20:00,440,-1,Delivered
O001156,C01747,R0468,March 3 2024,20:00,219,-9,delivered
O001157,C02452,R0022,March 3 2024,18:00,1936,-9,Delivered
O001158,C00025,R0178,March 3 2024,18:00,355,3,delivered
O001159,C01867,R0048,01-02-2024,18:00,550,40,delivered
O001160,C02557,R0117,,20:00,1212,97,
O001161,C02744,R0329,March 3 2024,22:00,1204,38,delivered
O001162,C00061,R0376,March 3 2024,,316,18,
O001163,C00123,R0179,,13:00,1407,100,Cancelled
O001164,C01521,R0480,March 3 2024,13:00,703,113,
O001165,C02103,R0273,,,697,53,
O001166,C01187,R0362,March 3 2024,12:00,508,12,
O001167,C00980,R0339,,20:00,1912,12,
O001168,C01723,R0360,2024-01-01,20:00,1531,5,Cancelled
O001169,C01063,R0347,01-02-2024,18:00,980,33,Cancelled
O001170,C01107,R0179,March 3 2024,,1213,49,Cancelled
O001171,C01731,R0421,,12:00,1233,98,delivered
O001172,C00546,R0482,2024-01-01,12:00,1953,54,delivered
O001173,C02161,R0495,,20:00,209,86,
O001174,C02473,R0049,March 3 2024,18:00,684,87,
O001175,C02966,R0315,March 3 2024,13:00,1845,118,delivered
O001176,C02278,R0394,March 3 2024,18:00,804,1,
O001177,C02965,R0255,March 3 2024,13:00,925,76,Cancelled
O001178,C01311,R0030,March 3 2024,20:00,1526,78,Delivered
O001179,C00155,R0085,2024-01-01,18:00,1298,77,
O001180,C02213,R0277,,12:00,1514,119,Delivered
O001181,C01270,R0034,,,722,99,Cancelled
O001182,C01263,R0329,March 3 2024,22:00,1227,30,
O001183,C02697,R0098,,12:00,-43,27,Cancelled
O001184,C01363,R0434,2024-01-01,,1148,45,Cancelled
O001185,C00938,R0076,March 3 2024,13:00,1349,13,Cancelled
O001186,C00512,R0175,01-02-2024,20:00,1125,82,delivered
O001187,C00932,R0341,2024-01-01,18:00,1840,17,
O001188,C02314,R0249,March 3 2024,20:00,417,51,Cancelled
O001189,C00187,R0340,,20:00,1977,-1,delivered
O001190,C01846,R0134,2024-01-01,13:00,50,117,
O001191,C01703,R0178,March 3 2024,20:00,447,18,Cancelled
O001192,C00391,R0365,,18:00,1044,52,
O001193,C01284,R0228,,12:00,953,76,delivered
O001194,C00655,R0063,March 3 2024,20:00,1294,-4,delivered
O001195,C01740,R0268,2024-01-01,18:00,1605,9,
O001196,C00176,R0425,March 3 2024,18:00,1072,106,
O001197,C02822,R0415,March 3 2024,13:00,499,81,delivered
O001198,C00764,R0258,March 3 2024,20:00,1396,39,Cancelled
O001199,C00931,R0144,March 3 2024,13:00,506,56,delivered
O001200,C01224,R0385,March 3 2024,12:00,334,98,Cancelled
O001201,C00711,R0388,,12:00,1431,88,delivered
O001202,C02874,R0303,March 3 2024,,1634,37,delivered
O001203,C02637,R0500,2024-01-01,18:00,566,17,Cancelled
O001204,C02579,R0449,01-02-2024,20:00,681,59,Delivered
O001205,C01086,R0052,March 3 2024,,1325,47,Cancelled
O001206,C01351,R0303,2024-01-01,18:00,732,-1,Delivered
O001207,C01930,R0099,01-02-2024,20:00,225,-9,Cancelled
O001208,C00281,R0461,2024-01-01,13:00,456,-10,delivered
O001209,C01964,R0306,,12:00,412,69,Cancelled
O001210,C01786,R0045,,,1590,79,Delivered
O001211,C02275,R0042,01-02-2024,,-45,62,delivered
O001212,C02687,R0479,01-02-2024,12:00,811,2,Cancelled
O001213,C01082,R0468,01-02-2024,13:00,1897,60,Cancelled
O001214,C02969,R0440,,22:00,1442,-10,delivered
O001215,C00477,R0327,,22:00,-81,45,Delivered
O001216,C00716,R0057,2024-01-01,22:00,820,-7,Cancelled
O001217,C00243,R0488,,20:00,-100,17,Delivered
O001218,C02415,R0033,01-02-2024,,747,33,Cancelled
O001219,C00936,R0412,March 3 2024,13:00,1152,19,Cancelled
O001220,C01524,R0114,March 3 2024,20:00,624,25,
O001221,C00838,R0300,01-02-2024,20:00,1206,95,
O001222,C02954,R0114,,13:00,659,111,Cancelled
O001223,C01346,R0056,01-02-2024,20:00,1042,-7,
O001224,C02424,R0044,,,1814,0,Delivered
O001225,C02029,R0212,March 3 2024,13:00,126,42,
O001226,C01433,R0352,2024-01-01,22:00,601,113,delivered
O001227,C02759,R0329,,22:00,207,77,
O001228,C02391,R0034,2024-01-01,20:00,1417,43,Cancelled
O001229,C00240,R0270,March 3 2024,12:00,1431,73,delivered
O001230,C00139,R0196,2024-01-01,13:00,1744,34,Cancelled
O001231,C00420,R0413,2024-01-01,18:00,1012,53,
O001232,C01585,R0125,01-02-2024,18:00,552,2,Cancelled
O001233,C00304,R0079,2024-01-01,20:00,696,41,
O001234,C02163,R0255,March 3 2024,12:00,379,71,Delivered
O001235,C02391,R0145,,13:00,1679,96,delivered
O001236,C01275,R0083,2024-01-01,22:00,796,-2,delivered
O001237,C02027,R0230,,20:00,485,101,Delivered
O001238,C00007,R0137,01-02-2024,13:00,1278,109,delivered
O001239,C02779,R0027,March 3 2024,13:00,161,56,Cancelled
O001240,C02227,R0177,March 3 2024,13:00,1099,71,Cancelled
O001241,C01169,R0207,,12:00,1511,90,
O001242,C00416,R0421,March 3 2024,13:00,1246,109,delivered
O001243,C02714,R0412,01-02-2024,12:00,594,105,delivered
O001244,C01145,R0306,,12:00,1747,103,delivered
O001245,C01148,R0311,March 3 2024,,941,100,Delivered
O001246,C00150,R0388,01-02-2024,13:00,643,48,
O001247,C02445,R0213,01-02-2024,,142,24,delivered
O001248,C02429,R0354,2024-01-01,22:00,1349,-6,delivered
O001249,C01804,R0403,March 3 2024,,1149,39,Cancelled
O001250,C00839,R0037,,,1637,49,Delivered
O001251,C02049,R0388,2024-01-01,13:00,1818,4,delivered
O001252,C01697,R0293,,22:00,218,97,delivered
O001253,C00244,R0179,2024-01-01,20:00,1292,104,Delivered
O001254,C01911,R0160,01-02-2024,18:00,147,92,Cancelled
O001255,C01422,R0429,2024-01-01,20:00,76,10,Delivered
O001256,C01275,R0368,2024-01-01,12:00,1585,-9,
O001257,C00879,R0012,2024-01-01,20:00,1831,71,Cancelled
O001258,C02808,R0169,March 3 2024,18:00,-88,-1,delivered
O001259,C00123,R0312,2024-01-01,18:00,188,54,delivered
O001260,C01321,R0080,01-02-2024,22:00,330,50,
O001261,C00977,R0014,,20:00,1262,107,Delivered
O001262,C01524,R0054,March 3 2024,12:00,1981,7,delivered
O001263,C01139,R0447,01-02-2024,,1247,80,Delivered
O001264,C02049,R0254,March 3 2024,,1474,101,Delivered
O001265,C00553,R0065,,12:00,1379,6,Delivered
O001266,C00482,R0372,,22:00,1148,-1,delivered
O001267,C00600,R0058,,,540,20,Cancelled
O001268,C02811,R0096,March 3 2024,22:00,32,39,delivered
O001269,C02383,R0021,March 3 2024,,1754,112,Cancelled
O001270,C02513,R0260,,,1854,73,Cancelled
O001271,C01165,R0073,,20:00,881,34,Cancelled
O001272,C00583,R0248,01-02-2024,22:00,1144,67,delivered
O001273,C00137,R0127,,18:00,300,117,
O001274,C01004,R0499,2024-01-01,12:00,505,2,
O001275,C01983,R0046,March 3 2024,,510,90,Cancelled
O001276,C01635,R0470,01-02-2024,18:00,983,-1,delivered
O001277,C02998,R0268,March 3 2024,13:00,31,83,
O001278,C00687,R0128,,18:00,292,65,
O001279,C02215,R0030,2024-01-01,12:00,712,108,delivered
O001280,C01434,R0094,,13:00,480,25,Delivered
O001281,C01793,R0224,March 3 2024,20:00,1961,-7,
O001282,C00910,R0316,01-02-2024,13:00,310,111,
O001283,C01760,R0100,March 3 2024,22:00,244,114,delivered
O001284,C02035,R0071,01-02-2024,12:00,703,83,delivered
O001285,C02928,R0081,2024-01-01,22:00,996,27,delivered
O001286,C00842,R0449,,18:00,93,65,
O001287,C02113,R0398,,20:00,837,28,delivered
O001288,C01605,R0367,2024-01-01,12:00,1492,78,Cancelled
O001289,C02481,R0300,March 3 2024,20:00,1115,43,Cancelled
O001290,C01338,R0108,2024-01-01,,869,51,delivered
O001291,C00115,R0102,,12:00,500,8,
O001292,C00569,R0410,01-02-2024,22:00,259,-9,
O001293,C01554,R0091,,18:00,1745,83,
O001294,C02690,R0365,March 3 2024,13:00,1232,46,delivered
O001295,C00495,R0016,01-02-2024,20:00,320,89,Delivered
O001296,C02989,R0110,March 3 2024,12:00,681,-8,Cancelled
O001297,C01351,R0263,,12:00,1334,12,delivered
O001298,C00822,R0160,,,142,-7,Delivered
O001299,C02250,R0253,01-02-2024,20:00,916,67,Delivered
O001300,C02697,R0089,March 3 2024,13:00,359,59,delivered
O001301,C01609,R0095,01-02-2024,18:00,1413,-4,Delivered
O001302,C00560,R0272,01-02-2024,12:00,431,-10,Delivered
O001303,C01042,R0247,March 3 2024,12:00,1877,77,Delivered
O001304,C02526,R0361,01-02-2024,20:00,1449,-1,Cancelled
O001305,C02536,R0378,2024-01-01,20:00,1672,108,Delivered
O001306,C02470,R0206,01-02-2024,12:00,190,99,Delivered
O001307,C02827,R0345,,12:00,1881,114,delivered
O001308,C01470,R0318,March 3 2024,,558,34,delivered
O001309,C00340,R0286,,12:00,453,92,Cancelled
O001310,C01555,R0248,2024-01-01,22:00,412,100,delivered
O001311,C00612,R0455,2024-01-01,12:00,1539,59,Cancelled
O001312,C02164,R0396,01-02-2024,18:00,154,106,Delivered
O001313,C01882,R0067,,18:00,620,99,Delivered
O001314,C00074,R0475,01-02-2024,,1653,108,Delivered
O001315,C02164,R0046,01-02-2024,13:00,1865,64,delivered
O001316,C01710,R0467,,20:00,-50,25,Cancelled
O001317,C01762,R0043,2024-01-01,13:00,699,76,delivered
O001318,C01693,R0229,2024-01-01,12:00,-1,90,delivered
O001319,C02035,R0439,2024-01-01,20:00,1647,12,Cancelled
O001320,C01246,R0301,March 3 2024,12:00,136,4,Cancelled
O001321,C00126,R0444,March 3 2024,20:00,371,31,
O001322,C00657,R0234,01-02-2024,,1321,18,
O001323,C01200,R0199,March 3 2024,22:00,38,38,
O001324,C01997,R0497,March 3 2024,22:00,1283,60,Cancelled
O001325,C02712,R0336,,22:00,305,64,Delivered
O001326,C00991,R0032,01-02-2024,,1612,43,delivered
O001327,C00859,R0264,01-02-2024,13:00,850,85,delivered
O001328,C01522,R0113,,20:00,1257,93,
O001329,C02133,R0461,2024-01-01,13:00,228,26,Delivered
O001330,C01900,R0318,,20:00,1598,13,Cancelled
O001331,C01407,R0459,2024-01-01,12:00,1223,44,delivered
O001332,C00633,R0276,01-02-2024,22:00,1599,97,Delivered
O001333,C01665,R0146,01-02-2024,22:00,-86,79,delivered
O001334,C01487,R0357,March 3 2024,20:00,533,-5,delivered
O001335,C02499,R0006,March 3 2024,13:00,1783,20,delivered
O001336,C02566,R0340,,13:00,1385,96,Cancelled
O001337,C02894,R0480,March 3 2024,18:00,1028,1,Cancelled
O001338,C00695,R0494,01-02-2024,22:00,1594,59,delivered
O001339,C02598,R0108,01-02-2024,22:00,291,19,Cancelled
O001340,C00929,R0413,2024-01-01,13:00,68,108,Delivered
O001341,C00116,R0260,March 3 2024,22:00,1952,115,Delivered
O001342,C01032,R0071,2024-01-01,13:00,518,44,delivered
O001343,C01242,R0427,01-02-2024,18:00,1085,28,
O001344,C01743,R0340,March 3 2024,20:00,668,71,Delivered
O001345,C01614,R0162,2024-01-01,20:00,281,-5,Cancelled
O001346,C01904,R0100,01-02-2024,18:00,381,-3,Cancelled
O001347,C02452,R0327,2024-01-01,22:00,1168,44,Delivered
O001348,C00304,R0033,March 3 2024,12:00,524,94,
O001349,C01491,R0143,2024-01-01,22:00,1613,5,delivered
O001350,C01976,R0244,2024-01-01,13:00,393,109,Delivered
O001351,C02788,R0224,01-02-2024,,1446,119,Cancelled
O001352,C00088,R0214,March 3 2024,12:00,181,53,
O001353,C01034,R0120,,18:00,730,0,delivered
O001354,C00308,R0168,,20:00,329,77,Cancelled
O001355,C02482,R0349,2024-01-01,20:00,757,-7,delivered
O001356,C00802,R0217,01-02-2024,22:00,152,4,delivered
O001357,C00164,R0389,March 3 2024,20:00,462,93,
O001358,C00996,R0462,01-02-2024,22:00,966,57,delivered
O001359,C02704,R0434,March 3 2024,13:00,1434,70,Cancelled
O001360,C01359,R0355,01-02-2024,13:00,436,-2,delivered
O001361,C02066,R0322,,18:00,835,14,delivered
O001362,C01095,R0217,,,1588,54,Delivered
O001363,C01199,R0054,,13:00,1398,93,Delivered
O001364,C01878,R0208,01-02-2024,22:00,1739,55,Cancelled
O001365,C01824,R0430,01-02-2024,20:00,782,22,delivered
O001366,C00811,R0080,2024-01-01,13:00,716,11,Delivered
O001367,C02387,R0395,,13:00,1992,31,Cancelled
O001368,C02296,R0380,2024-01-01,22:00,779,0,delivered
O001369,C01349,R0433,01-02-2024,13:00,577,31,Cancelled
O001370,C02354,R0483,March 3 2024,20:00,1031,67,delivered
O001371,C01804,R0151,,,1427,93,
O001372,C02252,R0055,,20:00,1788,11,Delivered
O001373,C02901,R0005,,,1620,46,
O001374,C01594,R0448,,20:00,1803,72,delivered
O001375,C02495,R0035,,20:00,123,20,
O001376,C02761,R0349,01-02-2024,12:00,564,7,
O001377,C00433,R0495,,20:00,834,111,Delivered
O001378,C01648,R0119,,12:00,1212,90,
O001379,C01152,R0197,2024-01-01,20:00,1208,118,delivered
O001380,C00822,R0054,March 3 2024,20:00,1109,87,delivered
O001381,C01071,R0259,,22:00,125,119,
O001382,C00505,R0262,2024-01-01,,99,110,Delivered
O001383,C00115,R0343,01-02-2024,20:00,403,75,Delivered
O001384,C01440,R0366,2024-01-01,13:00,-90,-7,
O001385,C01791,R0312,,20:00,878,-2,Delivered
O001386,C00995,R0002,2024-01-01,18:00,1497,5,
O001387,C00223,R0082,2024-01-01,22:00,-96,40,
O001388,C00636,R0350,01-02-2024,22:00,179,41,Cancelled
O001389,C01973,R0422,2024-01-01,20:00,1161,72,
O001390,C00672,R0440,01-02-2024,18:00,26,33,Delivered
O001391,C00958,R0005,01-02-2024,,203,106,delivered
O001392,C00933,R0174,2024-01-01,20:00,630,-6,
O001393,C00096,R0497,,13:00,389,16,Cancelled
O001394,C02155,R0139,March 3 2024,22:00,336,103,Cancelled
O001395,C00632,R0193,2024-01-01,22:00,1584,34,Cancelled
O001396,C01702,R0138,2024-01-01,,961,79,Cancelled
O001397,C01950,R0297,2024-01-01,18:00,382,17,Delivered
O001398,C00698,R0116,March 3 2024,12:00,214,21,delivered
O001399,C00032,R0044,March 3 2024,,1407,42,
O001400,C02114,R0346,01-02-2024,18:00,838,60,
O001401,C01203,R0289,March 3 2024,13:00,-84,19,delivered
O001402,C00779,R0219,March 3 2024,18:00,879,42,
O001403,C01467,R0056,2024-01-01,,346,-2,
O001404,C00916,R0242,01-02-2024,12:00,178,56,Cancelled
O001405,C00549,R0396,,13:00,351,103,Cancelled
O001406,C02249,R0258,01-02-2024,13:00,505,72,Delivered
O001407,C01894,R0001,March 3 2024,12:00,1610,90,delivered
O001408,C02097,R0449,March 3 2024,20:00,1976,-1,Delivered
O001409,C02835,R0377,2024-01-01,18:00,933,69,
O001410,C02999,R0381,,,1711,13,Cancelled
O001411,C01704,R0289,,13:00,1907,14,Cancelled
O001412,C02311,R0470,,,0,79,Cancelled
O001413,C01157,R0460,March 3 2024,18:00,369,118,delivered
O001414,C02031,R0103,March 3 2024,12:00,1224,42,
O001415,C01834,R0292,01-02-2024,22:00,1524,96,delivered
O001416,C00344,R0149,March 3 2024,12:00,1135,13,Cancelled
O001417,C01200,R0084,,18:00,18,16,delivered
O001418,C02059,R0420,,13:00,1783,96,Cancelled
O001419,C02249,R0026,,18:00,1904,77,delivered
O001420,C00945,R0175,2024-01-01,22:00,687,113,delivered
O001421,C00926,R0223,01-02-2024,13:00,1327,28,Cancelled
O001422,C02051,R0129,01-02-2024,22:00,142,66,
O001423,C02856,R0422,March 3 2024,20:00,884,73,
O001424,C01331,R0142,2024-01-01,,1268,91,delivered
O001425,C02004,R0346,01-02-2024,12:00,526,65,Cancelled
O001426,C02608,R0302,2024-01-01,20:00,1347,-6,Delivered
O001427,C01788,R0298,2024-01-01,18:00,-85,70,delivered
O001428,C02247,R0135,March 3 2024,20:00,415,5,Delivered
O001429,C01940,R0055,2024-01-01,12:00,1967,18,Cancelled
O001430,C02157,R0056,01-02-2024,13:00,1723,107,
O001431,C02156,R0374,March 3 2024,,727,106,
O001432,C02600,R0076,01-02-2024,22:00,-90,25,Cancelled
O001433,C02329,R0319,2024-01-01,13:00,943,93,delivered
O001434,C00052,R0408,2024-01-01,,178,34,
O001435,C02160,R0339,,20:00,232,92,delivered
O001436,C00295,R0457,March 3 2024,18:00,1470,-2,
O001437,C02113,R0355,March 3 2024,20:00,1324,-6,
O001438,C02622,R0132,,12:00,1985,68,delivered
O001439,C00465,R0493,01-02-2024,12:00,873,62,Cancelled
O001440,C02306,R0042,01-02-2024,18:00,1006,78,delivered
O001441,C01670,R0352,2024-01-01,,-69,17,Delivered
O001442,C00634,R0110,March 3 2024,13:00,1939,16,
O001443,C01355,R0070,2024-01-01,12:00,636,99,
O001444,C01525,R0284,,12:00,1748,104,delivered
O001445,C00210,R0126,2024-01-01,18:00,809,111,Cancelled
O001446,C02137,R0348,01-02-2024,13:00,-56,86,
O001447,C02076,R0296,01-02-2024,20:00,193,101,Delivered
O001448,C00238,R0179,,22:00,1471,96,Delivered
O001449,C00336,R0413,01-02-2024,18:00,66,34,delivered
O001450,C02111,R0298,,13:00,168,99,
O001451,C01577,R0374,March 3 2024,22:00,1047,35,Cancelled
O001452,C00500,R0197,,18:00,981,82,Cancelled
O001453,C01565,R0261,,20:00,779,5,delivered
O001454,C00791,R0101,,20:00,-42,57,
O001455,C02640,R0425,01-02-2024,13:00,116,39,Cancelled
O001456,C01136,R0061,March 3 2024,13:00,1504,57,delivered
O001457,C02349,R0183,2024-01-01,20:00,143,-9,
O001458,C00229,R0412,March 3 2024,20:00,416,64,Cancelled
O001459,C00150,R0297,01-02-2024,18:00,1769,64,Delivered
O001460,C01779,R0367,March 3 2024,,760,118,
O001461,C01625,R0009,March 3 2024,,633,86,delivered
O001462,C02575,R0413,,13:00,1754,98,Cancelled
O001463,C00333,R0206,,22:00,1152,106,Cancelled
O001464,C00174,R0422,01-02-2024,20:00,1375,6,delivered
O001465,C01367,R0318,,22:00,885,60,
O001466,C02109,R0054,01-02-2024,13:00,443,40,
O001467,C01085,R0180,2024-01-01,13:00,273,-2,Delivered
O001468,C00819,R0104,March 3 2024,12:00,11,53,Cancelled
O001469,C01702,R0126,2024-01-01,20:00,193,74,delivered
O001470,C02572,R0034,2024-01-01,,1097,82,Delivered
O001471,C02264,R0165,March 3 2024,,67,31,Cancelled
O001472,C01613,R0433,,13:00,-31,106,Cancelled
O001473,C00624,R0298,2024-01-01,13:00,1760,59,Cancelled
O001474,C00578,R0270,March 3 2024,20:00,1325,78,delivered
O001475,C02742,R0466,2024-01-01,12:00,1878,24,delivered
O001476,C00423,R0289,2024-01-01,12:00,1554,6,delivered
O001477,C02764,R0118,March 3 2024,12:00,1,33,Delivered
O001478,C01395,R0354,,12:00,1712,93,Cancelled
O001479,C01230,R0092,01-02-2024,18:00,1631,78,Cancelled
O001480,C00754,R0100,March 3 2024,20:00,1512,96,Delivered
O001481,C00747,R0493,01-02-2024,20:00,1261,107,Delivered
O001482,C00688,R0496,March 3 2024,20:00,232,33,delivered
O001483,C00723,R0485,March 3 2024,,1410,38,Cancelled
O001484,C01567,R0087,01-02-2024,12:00,128,49,
O001485,C00747,R0234,01-02-2024,12:00,1022,-9,
O001486,C00242,R0401,,,1857,54,Delivered
O001487,C02713,R0124,March 3 2024,,1859,103,Delivered
O001488,C00708,R0203,March 3 2024,13:00,1334,-8,Delivered
O001489,C00435,R0032,March 3 2024,18:00,853,82,
O001490,C00781,R0357,,,1653,4,
O001491,C00484,R0463,01-02-2024,20:00,359,26,delivered
O001492,C02432,R0452,March 3 2024,18:00,1117,-2,delivered
O001493,C01534,R0039,01-02-2024,,789,39,Cancelled
O001494,C00170,R0094,,20:00,943,35,delivered
O001495,C01021,R0010,2024-01-01,12:00,830,95,Cancelled
O001496,C02998,R0215,01-02-2024,12:00,210,70,delivered
O001497,C00869,R0408,,20:00,1763,36,delivered
O001498,C02371,R0100,2024-01-01,22:00,1481,7,delivered
O001499,C00848,R0244,March 3 2024,12:00,1658,102,
O001500,C01498,R0058,March 3 2024,13:00,145,40,
O001501,C00696,R0453,01-02-2024,,371,98,Delivered
O001502,C02407,R0357,2024-01-01,12:00,221,78,delivered
O001503,C00032,R0491,,13:00,40,5,
O001504,C00177,R0320,March 3 2024,18:00,1044,77,Cancelled
O001505,C02965,R0019,March 3 2024,12:00,-2,1,delivered
O001506,C02113,R0357,2024-01-01,,393,88,
O001507,C02075,R0117,,12:00,1067,48,Delivered
O001508,C01503,R0136,March 3 2024,,383,62,Delivered
O001509,C02316,R0327,March 3 2024,18:00,1323,101,Cancelled
O001510,C02645,R0296,01-02-2024,,739,21,Cancelled
O001511,C00066,R0013,,13:00,405,11,
O001512,C00133,R0101,March 3 2024,22:00,109,87,Delivered
O001513,C01929,R0380,2024-01-01,,1681,72,
O001514,C00916,R0155,March 3 2024,,260,1,delivered
O001515,C02130,R0082,,13:00,53,-6,Cancelled
O001516,C01917,R0088,01-02-2024,20:00,432,15,Cancelled
O001517,C01855,R0105,March 3 2024,20:00,1470,105,delivered
O001518,C00538,R0130,2024-01-01,20:00,1911,80,delivered
O001519,C01352,R0272,March 3 2024,,1675,9,delivered
O001520,C00585,R0014,2024-01-01,18:00,1869,69,Delivered
O001521,C02375,R0128,,13:00,775,47,Delivered
O001522,C02590,R0401,01-02-2024,,240,-6,delivered
O001523,C01149,R0060,,12:00,534,12,Cancelled
O001524,C02258,R0454,March 3 2024,,1092,-7,Cancelled
O001525,C01749,R0227,March 3 2024,20:00,319,26,Delivered
O001526,C02181,R0017,01-02-2024,13:00,636,64,Delivered
O001527,C02205,R0045,2024-01-01,12:00,1108,93,Cancelled
O001528,C01893,R0038,,13:00,1246,106,
O001529,C02923,R0124,2024-01-01,18:00,1958,15,Delivered
O001530,C02430,R0360,March 3 2024,20:00,1608,16,Delivered
O001531,C00974,R0064,2024-01-01,22:00,507,78,Cancelled
O001532,C02643,R0377,,,1062,71,delivered
O001533,C01443,R0253,2024-01-01,20:00,1823,119,Cancelled
O001534,C02520,R0262,March 3 2024,20:00,130,116,Delivered
O001535,C00234,R0444,,18:00,1374,92,delivered
O001536,C02620,R0112,2024-01-01,12:00,1937,82,
O001537,C01478,R0102,2024-01-01,20:00,896,35,delivered
O001538,C01594,R0049,,12:00,1079,59,
O001539,C00771,R0277,March 3 2024,12:00,506,77,Cancelled
O001540,C02349,R0227,,18:00,1820,93,delivered
O001541,C00306,R0023,March 3 2024,20:00,1184,53,delivered
O001542,C00002,R0332,2024-01-01,,1232,41,Cancelled
O001543,C00271,R0185,,18:00,1924,115,
O001544,C00421,R0064,March 3 2024,18:00,1282,83,
O001545,C02748,R0157,,22:00,1602,117,
O001546,C00864,R0283,2024-01-01,,105,13,delivered
O001547,C01877,R0390,,18:00,1184,114,delivered
O001548,C01811,R0149,2024-01-01,22:00,1709,90,
O001549,C00355,R0327,2024-01-01,12:00,799,40,
O001550,C01010,R0363,2024-01-01,,647,-9,Cancelled
O001551,C02927,R0169,March 3 2024,,776,94,
O001552,C02740,R0464,March 3 2024,12:00,1648,58,Cancelled
O001553,C02915,R0133,01-02-2024,13:00,236,24,
O001554,C01061,R0399,March 3 2024,,1661,72,
O001555,C00107,R0405,01-02-2024,13:00,680,69,
O001556,C01849,R0314,,12:00,178,20,Delivered
O001557,C02329,R0132,2024-01-01,20:00,732,38,Delivered
O001558,C01134,R0197,March 3 2024,13:00,1631,47,Cancelled
O001559,C00549,R0135,2024-01-01,18:00,953,39,
O001560,C02600,R0035,01-02-2024,,1738,67,Delivered
O001561,C01621,R0420,March 3 2024,13:00,838,53,
O001562,C01838,R0377,March 3 2024,,1054,41,Cancelled
O001563,C02236,R0399,March 3 2024,12:00,423,29,
O001564,C02800,R0220,March 3 2024,20:00,359,94,
O001565,C02918,R0386,2024-01-01,12:00,1072,43,Delivered
O001566,C01512,R0376,March 3 2024,20:00,1925,103,
O001567,C01378,R0185,01-02-2024,,1350,86,Delivered
O001568,C00019,R0005,March 3 2024,13:00,909,45,delivered
O001569,C00859,R0071,01-02-2024,18:00,1440,19,Delivered
O001570,C01417,R0342,01-02-2024,18:00,1103,97,delivered
O001571,C01285,R0241,2024-01-01,12:00,1772,115,Delivered
O001572,C01594,R0351,March 3 2024,,295,93,delivered
O001573,C00410,R0416,01-02-2024,20:00,1948,116,Delivered
O001574,C01427,R0456,March 3 2024,13:00,1955,76,
O001575,C01694,R0297,2024-01-01,20:00,1578,22,Delivered
O001576,C02532,R0426,2024-01-01,20:00,186,67,delivered
O001577,C00624,R0331,March 3 2024,20:00,1565,25,delivered
O001578,C00656,R0193,01-02-2024,,532,7,Cancelled
O001579,C00768,R0495,,13:00,1494,108,
O001580,C00018,R0168,,,628,40,
O001581,C02232,R0339,2024-01-01,20:00,-70,-1,Cancelled
O001582,C02453,R0236,01-02-2024,,143,28,delivered
O001583,C02847,R0294,,18:00,39,38,Delivered
O001584,C02527,R0298,01-02-2024,12:00,624,47,Cancelled
O001585,C01817,R0248,March 3 2024,22:00,1464,65,Cancelled
O001586,C01781,R0165,2024-01-01,20:00,63,91,Cancelled
O001587,C00008,R0312,March 3 2024,18:00,3,34,Cancelled
O001588,C00705,R0071,March 3 2024,,-38,99,Cancelled
O001589,C01342,R0231,March 3 2024,18:00,1962,78,delivered
O001590,C01160,R0055,01-02-2024,12:00,1446,44,Cancelled
O001591,C00531,R0473,,12:00,626,113,delivered
O001592,C02961,R0182,March 3 2024,22:00,637,98,delivered
O001593,C02737,R0022,2024-01-01,22:00,1690,0,Delivered
O001594,C02022,R0283,01-02-2024,22:00,1903,80,Cancelled
O001595,C02601,R0105,,13:00,29,108,Cancelled
O001596,C02494,R0175,March 3 2024,13:00,1875,23,Delivered
O001597,C01716,R0294,2024-01-01,18:00,1186,0,
O001598,C02754,R0368,March 3 2024,,1094,-6,
O001599,C02244,R0039,,12:00,826,60,Cancelled
O001600,C02908,R0399,,20:00,1880,-6,
O001601,C01761,R0375,March 3 2024,12:00,1329,16,Cancelled
O001602,C01347,R0450,March 3 2024,13:00,1625,82,
O001603,C01797,R0445,01-02-2024,18:00,1719,78,delivered
O001604,C02676,R0060,,20:00,911,103,
O001605,C00892,R0392,,22:00,348,87,
O001606,C01686,R0300,March 3 2024,22:00,587,4,delivered
O001607,C02678,R0299,2024-01-01,13:00,1656,94,Delivered
O001608,C01803,R0390,March 3 2024,18:00,759,87,delivered
O001609,C00044,R0212,March 3 2024,,63,9,
O001610,C00489,R0155,,12:00,314,116,Cancelled
O001611,C00181,R0173,01-02-2024,13:00,54,23,Cancelled
O001612,C02422,R0023,March 3 2024,,1399,104,
O001613,C00628,R0240,2024-01-01,,1735,10,Delivered
O001614,C00957,R0488,2024-01-01,12:00,1968,29,Cancelled
O001615,C02115,R0209,March 3 2024,20:00,922,44,Delivered
O001616,C01549,R0122,2024-01-01,12:00,298,39,Cancelled
O001617,C01116,R0253,2024-01-01,20:00,28,63,Delivered
O001618,C01782,R0141,March 3 2024,,1432,63,Cancelled
O001619,C02827,R0452,2024-01-01,18:00,950,27,Cancelled
O001620,C00651,R0340,2024-01-01,13:00,243,13,Cancelled
O001621,C01877,R0362,March 3 2024,12:00,1324,97,Cancelled
O001622,C01268,R0320,,18:00,503,48,
O001623,C00341,R0153,01-02-2024,18:00,1218,72,Cancelled
O001624,C02951,R0381,01-02-2024,12:00,1490,0,Delivered
O001625,C01809,R0214,,22:00,632,117,Delivered
O001626,C02446,R0308,March 3 2024,,1736,107,delivered
O001627,C02751,R0048,,22:00,55,5,Delivered
O001628,C02145,R0317,01-02-2024,20:00,1848,-10,Cancelled
O001629,C01355,R0017,01-02-2024,18:00,647,30,Delivered
O001630,C00449,R0296,01-02-2024,13:00,399,4,Cancelled
O001631,C01442,R0331,01-02-2024,13:00,992,69,Cancelled
O001632,C00077,R0345,March 3 2024,18:00,1702,21,delivered
O001633,C00896,R0069,01-02-2024,22:00,285,28,
O001634,C00549,R0085,01-02-2024,,37,62,Delivered
O001635,C00798,R0282,March 3 2024,18:00,147,82,Delivered
O001636,C01453,R0208,,20:00,1543,78,Cancelled
O001637,C01509,R0440,March 3 2024,18:00,1635,23,Delivered
O001638,C00815,R0040,01-02-2024,12:00,1298,39,Delivered
O001639,C02183,R0469,2024-01-01,22:00,626,3,
O001640,C02702,R0496,March 3 2024,12:00,1078,61,Delivered
O001641,C01584,R0096,March 3 2024,12:00,779,84,Cancelled
O001642,C00646,R0452,,18:00,1405,74,
O001643,C01826,R0486,01-02-2024,,1132,44,Delivered
O001644,C00720,R0250,2024-01-01,18:00,906,67,Cancelled
O001645,C01523,R0373,March 3 2024,,1101,104,Cancelled
O001646,C02661,R0136,March 3 2024,13:00,913,113,Delivered
O001647,C02532,R0073,March 3 2024,,172,97,
O001648,C01070,R0301,2024-01-01,12:00,1506,36,delivered
O001649,C01467,R0273,March 3 2024,18:00,494,40,Cancelled
O001650,C00648,R0169,March 3 2024,13:00,1224,59,Delivered
O001651,C00792,R0333,2024-01-01,12:00,1957,108,delivered
O001652,C00579,R0393,March 3 2024,13:00,670,76,Cancelled
O001653,C02049,R0198,2024-01-01,22:00,1629,64,
O001654,C02157,R0347,,20:00,1158,11,delivered
O001655,C00460,R0106,2024-01-01,12:00,389,66,Delivered
O001656,C02314,R0101,,18:00,374,103,delivered
O001657,C01162,R0359,2024-01-01,,480,33,delivered
O001658,C00044,R0235,01-02-2024,22:00,1740,30,Cancelled
O001659,C02934,R0280,March 3 2024,13:00,1861,6,Cancelled
O001660,C01534,R0329,,20:00,228,35,Delivered
O001661,C02992,R0377,March 3 2024,,666,-1,
O001662,C00983,R0106,March 3 2024,12:00,405,47,Cancelled
O001663,C02310,R0395,2024-01-01,20:00,1839,90,delivered
O001664,C02776,R0035,01-02-2024,22:00,377,24,delivered
O001665,C00633,R0157,2024-01-01,20:00,-87,85,Delivered
O001666,C02200,R0392,March 3 2024,12:00,626,75,Cancelled
O001667,C02261,R0273,2024-01-01,22:00,645,106,
O001668,C01258,R0455,,13:00,1910,55,Cancelled
O001669,C02911,R0396,01-02-2024,12:00,374,62,Delivered
O001670,C00623,R0240,March 3 2024,20:00,423,27,
O001671,C01978,R0207,2024-01-01,12:00,310,84,Cancelled
O001672,C00361,R0245,,22:00,1807,22,delivered
O001673,C02368,R0093,01-02-2024,20:00,1547,42,Delivered
O001674,C02270,R0109,2024-01-01,13:00,580,52,
O001675,C00210,R0306,2024-01-01,,1782,103,
O001676,C00931,R0114,March 3 2024,18:00,228,24,Cancelled
O001677,C01607,R0024,,13:00,171,99,
O001678,C00489,R0293,01-02-2024,12:00,1961,34,delivered
O001679,C00601,R0462,2024-01-01,18:00,74,50,
O001680,C00774,R0252,01-02-2024,,521,82,Delivered
O001681,C00878,R0267,,,1587,61,delivered
O001682,C01488,R0355,March 3 2024,22:00,133,104,delivered
O001683,C00700,R0209,March 3 2024,,40,67,Cancelled
O001684,C02500,R0443,March 3 2024,20:00,1404,39,delivered
O001685,C02461,R0055,01-02-2024,20:00,281,31,
O001686,C01958,R0027,01-02-2024,22:00,1333,103,
O001687,C02524,R0492,2024-01-01,,-52,9,Cancelled
O001688,C00256,R0323,,12:00,48,81,
O001689,C01174,R0444,,13:00,275,57,
O001690,C02175,R0002,,18:00,495,55,delivered
O001691,C00392,R0068,01-02-2024,22:00,1392,62,Cancelled
O001692,C02528,R0402,March 3 2024,,1498,25,Cancelled
O001693,C00993,R0148,,12:00,741,118,
O001694,C02971,R0469,2024-01-01,12:00,975,28,
O001695,C02450,R0319,01-02-2024,18:00,388,82,Delivered
O001696,C02322,R0462,March 3 2024,22:00,1295,59,Cancelled
O001697,C00845,R0328,,13:00,1588,7,delivered
O001698,C00139,R0130,March 3 2024,13:00,1423,116,
O001699,C00103,R0474,2024-01-01,22:00,63,48,Delivered
O001700,C01266,R0083,,20:00,1364,56,Delivered
O001701,C01141,R0042,,,874,98,delivered
O001702,C01238,R0156,March 3 2024,13:00,1570,19,
O001703,C00484,R0157,01-02-2024,20:00,33,80,delivered
O001704,C02577,R0453,March 3 2024,22:00,975,-9,
O001705,C00224,R0107,2024-01-01,,609,9,Delivered
O001706,C01294,R0284,March 3 2024,12:00,1431,86,
O001707,C01849,R0188,March 3 2024,22:00,937,18,Delivered
O001708,C01885,R0105,,12:00,1308,-2,Cancelled
O001709,C02162,R0112,01-02-2024,22:00,1660,-7,Delivered
O001710,C01465,R0474,01-02-2024,20:00,460,29,delivered
O001711,C00644,R0133,01-02-2024,,481,62,Delivered
O001712,C02699,R0271,01-02-2024,20:00,1485,15,
O001713,C01256,R0110,March 3 2024,,1616,92,delivered
O001714,C00458,R0073,,22:00,130,30,delivered
O001715,C02423,R0416,,12:00,1783,31,Cancelled
O001716,C01628,R0436,01-02-2024,22:00,-98,117,Cancelled
O001717,C00611,R0346,March 3 2024,12:00,1811,50,Cancelled
O001718,C00207,R0293,01-02-2024,20:00,1835,51,delivered
O001719,C01544,R0143,01-02-2024,18:00,584,10,delivered
O001720,C01467,R0425,,13:00,-20,32,
O001721,C00917,R0260,,20:00,1855,96,delivered
O001722,C02369,R0245,01-02-2024,22:00,1198,47,Cancelled
O001723,C02141,R0437,March 3 2024,22:00,287,34,Delivered
O001724,C01432,R0484,01-02-2024,12:00,726,69,
O001725,C01182,R0340,,13:00,1268,119,
O001726,C02920,R0155,,,551,116,Delivered
O001727,C02147,R0149,March 3 2024,20:00,1687,35,
O001728,C02273,R0060,01-02-2024,13:00,1171,-5,Cancelled
O001729,C00852,R0086,01-02-2024,13:00,1077,37,Cancelled
O001730,C00441,R0192,2024-01-01,20:00,942,116,
O001731,C00720,R0327,01-02-2024,12:00,1523,101,
O001732,C00585,R0431,March 3 2024,,1984,21,
O001733,C02015,R0182,,12:00,582,90,delivered
O001734,C00064,R0287,2024-01-01,12:00,1695,66,delivered
O001735,C00768,R0273,March 3 2024,18:00,1194,57,delivered
O001736,C00560,R0255,March 3 2024,13:00,818,17,Delivered
O001737,C01734,R0434,2024-01-01,18:00,551,46,Delivered
O001738,C00670,R0007,01-02-2024,12:00,1503,44,Cancelled
O001739,C01543,R0126,2024-01-01,,1503,72,
O001740,C01272,R0083,March 3 2024,20:00,1540,95,
O001741,C02416,R0028,01-02-2024,13:00,1385,75,
O001742,C02792,R0266,,20:00,981,65,Cancelled
O001743,C00618,R0283,2024-01-01,22:00,275,93,delivered
O001744,C01995,R0397,March 3 2024,13:00,1308,90,Delivered
O001745,C01122,R0450,01-02-2024,20:00,1439,21,Delivered
O001746,C01292,R0470,March 3 2024,12:00,1720,87,Cancelled
O001747,C01084,R0251,01-02-2024,18:00,-84,1,
O001748,C02548,R0468,01-02-2024,20:00,332,96,
O001749,C02459,R0188,2024-01-01,,136,55,Delivered
O001750,C01164,R0383,,22:00,206,41,delivered
O001751,C01933,R0299,01-02-2024,12:00,1685,21,Delivered
O001752,C01352,R0069,March 3 2024,22:00,332,11,delivered
O001753,C00464,R0319,01-02-2024,,-77,12,delivered
O001754,C02750,R0326,,,1935,-2,delivered
O001755,C01661,R0099,March 3 2024,18:00,1223,95,delivered
O001756,C01949,R0193,01-02-2024,22:00,1551,48,
O001757,C02211,R0227,01-02-2024,,913,106,Delivered
O001758,C00060,R0451,2024-01-01,20:00,580,90,Delivered
O001759,C00333,R0182,,,1748,19,delivered
O001760,C00076,R0420,01-02-2024,,1415,73,Cancelled
O001761,C01779,R0327,,20:00,851,33,
O001762,C02365,R0093,01-02-2024,12:00,1211,5,Cancelled
O001763,C00190,R0143,March 3 2024,18:00,314,110,delivered
O001764,C01913,R0203,,18:00,652,63,delivered
O001765,C00296,R0402,March 3 2024,13:00,1323,73,Cancelled
O001766,C02549,R0492,,13:00,315,119,Delivered
O001767,C00177,R0132,March 3 2024,20:00,775,56,Delivered
O001768,C00800,R0472,01-02-2024,,789,31,Cancelled
O001769,C00806,R0267,March 3 2024,22:00,1174,62,delivered
O001770,C02908,R0134,March 3 2024,,576,81,
O001771,C01743,R0378,01-02-2024,,1261,104,delivered
O001772,C00215,R0179,,22:00,349,86,Delivered
O001773,C01880,R0186,March 3 2024,12:00,749,23,Delivered
O001774,C02701,R0444,2024-01-01,18:00,-9,106,delivered
O001775,C00597,R0018,2024-01-01,20:00,320,51,Delivered
O001776,C01718,R0463,March 3 2024,22:00,1437,85,Cancelled
O001777,C01356,R0323,March 3 2024,13:00,1491,65,Cancelled
O001778,C00128,R0401,March 3 2024,20:00,1795,-9,Delivered
O001779,C01293,R0097,,12:00,84,116,delivered
O001780,C02599,R0034,01-02-2024,20:00,1356,101,Cancelled
O001781,C01559,R0414,2024-01-01,22:00,1394,106,Delivered
O001782,C01778,R0403,2024-01-01,12:00,864,15,Delivered
O001783,C00619,R0393,,,1048,74,
O001784,C02396,R0424,March 3 2024,13:00,1187,97,delivered
O001785,C00142,R0300,March 3 2024,13:00,751,44,Delivered
O001786,C02840,R0351,01-02-2024,22:00,1773,89,Cancelled
O001787,C00245,R0187,01-02-2024,12:00,1650,7,Delivered
O001788,C02751,R0347,2024-01-01,13:00,1144,13,delivered
O001789,C01314,R0111,01-02-2024,12:00,73,19,Delivered
O001790,C01715,R0409,2024-01-01,20:00,116,6,Cancelled
O001791,C01136,R0247,,18:00,1921,31,Cancelled
O001792,C02262,R0071,March 3 2024,18:00,1502,70,Delivered
O001793,C01910,R0309,March 3 2024,18:00,1296,97,
O001794,C02248,R0432,2024-01-01,13:00,73,16,delivered
O001795,C02453,R0327,March 3 2024,22:00,1186,-7,Cancelled
O001796,C00421,R0212,,18:00,533,65,delivered
O001797,C00007,R0309,01-02-2024,,1599,61,delivered
O001798,C01549,R0108,,22:00,862,65,Cancelled
O001799,C02640,R0177,March 3 2024,18:00,1744,23,Delivered
O001800,C02334,R0427,,20:00,497,25,delivered
O001801,C00671,R0228,March 3 2024,18:00,1650,-7,Delivered
O001802,C02437,R0019,2024-01-01,22:00,792,0,
O001803,C00416,R0322,01-02-2024,13:00,114,48,
O001804,C02832,R0418,01-02-2024,,783,-8,delivered
O001805,C01007,R0248,March 3 2024,20:00,1531,1,Cancelled
O001806,C01737,R0209,March 3 2024,22:00,1143,102,delivered
O001807,C00428,R0216,01-02-2024,12:00,505,62,Delivered
O001808,C00334,R0201,,18:00,451,-5,Delivered
O001809,C02320,R0438,,20:00,218,78,delivered
O001810,C02367,R0257,,13:00,628,103,delivered
O001811,C00527,R0106,01-02-2024,12:00,1077,98,delivered
O001812,C02808,R0476,2024-01-01,18:00,250,68,
O001813,C01196,R0311,March 3 2024,20:00,985,54,Cancelled
O001814,C01754,R0271,March 3 2024,,1383,44,Delivered
O001815,C01673,R0383,01-02-2024,22:00,849,71,
O001816,C02369,R0469,2024-01-01,18:00,89,41,
O001817,C02787,R0271,01-02-2024,20:00,1445,109,delivered
O001818,C01556,R0121,,18:00,1565,33,Delivered
O001819,C02029,R0407,,,1396,84,Delivered
O001820,C01655,R0245,March 3 2024,20:00,586,51,Delivered
O001821,C00454,R0066,March 3 2024,22:00,-28,73,Delivered
O001822,C00746,R0430,March 3 2024,18:00,1162,86,delivered
O001823,C01904,R0228,March 3 2024,20:00,990,63,
O001824,C00929,R0370,,12:00,1516,111,
O001825,C00848,R0137,,13:00,-24,112,
O001826,C00868,R0194,2024-01-01,,606,20,
O001827,C00774,R0194,March 3 2024,20:00,887,88,Delivered
O001828,C02131,R0146,01-02-2024,20:00,1491,39,Delivered
O001829,C00543,R0145,2024-01-01,20:00,1705,48,Cancelled
O001830,C00322,R0489,2024-01-01,18:00,487,-2,delivered
O001831,C00786,R0072,,,742,46,Delivered
O001832,C00540,R0354,March 3 2024,13:00,1465,16,Delivered
O001833,C02300,R0418,2024-01-01,,621,47,delivered
O001834,C02884,R0453,March 3 2024,18:00,1704,70,delivered
O001835,C01789,R0192,,20:00,223,57,Delivered
O001836,C00449,R0044,2024-01-01,,554,13,
O001837,C00490,R0157,2024-01-01,20:00,44,69,Cancelled
O001838,C01906,R0446,01-02-2024,13:00,1596,51,Cancelled
O001839,C00464,R0476,,12:00,43,70,delivered
O001840,C00314,R0016,01-02-2024,18:00,841,90,
O001841,C01956,R0078,,12:00,792,106,delivered
O001842,C00385,R0052,01-02-2024,,94,-8,Cancelled
O001843,C00295,R0002,,20:00,1560,40,Cancelled
O001844,C01239,R0232,,20:00,1511,94,
O001845,C02179,R0061,2024-01-01,22:00,717,88,Cancelled
O001846,C00762,R0132,01-02-2024,22:00,1036,56,Cancelled
O001847,C02817,R0382,01-02-2024,12:00,1199,69,
O001848,C01099,R0052,01-02-2024,22:00,1560,34,Cancelled
O001849,C02392,R0297,2024-01-01,,1214,19,delivered
O001850,C01738,R0180,March 3 2024,13:00,333,88,delivered
O001851,C02190,R0031,,,316,85,delivered
O001852,C02766,R0410,01-02-2024,12:00,1758,88,delivered
O001853,C01223,R0155,,,610,10,Delivered
O001854,C01943,R0121,2024-01-01,22:00,37,-10,Cancelled
O001855,C02454,R0051,,22:00,1653,14,Cancelled
O001856,C00228,R0482,2024-01-01,13:00,1084,28,delivered
O001857,C00411,R0095,March 3 2024,,1683,16,Cancelled
O001858,C03000,R0176,01-02-2024,13:00,633,82,Delivered
O001859,C02946,R0011,2024-01-01,12:00,1751,39,Delivered
O001860,C00691,R0392,,18:00,1253,46,Delivered
O001861,C00878,R0012,2024-01-01,,294,71,
O001862,C00787,R0355,2024-01-01,,1095,5,delivered
O001863,C02110,R0045,March 3 2024,13:00,1928,24,Cancelled
O001864,C01351,R0290,01-02-2024,22:00,1043,35,Delivered
O001865,C01740,R0205,2024-01-01,12:00,1966,56,Delivered
O001866,C01987,R0219,2024-01-01,18:00,707,5,Cancelled
O001867,C00879,R0328,,,146,68,Cancelled
O001868,C01608,R0431,2024-01-01,12:00,1128,63,
O001869,C01614,R0256,2024-01-01,22:00,241,106,Delivered
O001870,C02404,R0248,01-02-2024,18:00,1839,38,Delivered
O001871,C00071,R0021,01-02-2024,18:00,241,7,
O001872,C02311,R0041,,13:00,7,11,
O001873,C00306,R0459,2024-01-01,20:00,532,95,Cancelled
O001874,C02606,R0278,2024-01-01,22:00,897,108,delivered
O001875,C00762,R0277,2024-01-01,20:00,1325,5,Cancelled
O001876,C00588,R0412,March 3 2024,22:00,495,-8,
O001877,C02122,R0195,March 3 2024,12:00,1225,112,delivered
O001878,C02190,R0071,,20:00,1696,24,
O001879,C01609,R0270,March 3 2024,,1030,94,Delivered
O001880,C00102,R0335,,,484,92,
O001881,C01630,R0073,2024-01-01,,1077,46,delivered
O001882,C01605,R0308,March 3 2024,18:00,1724,36,delivered
O001883,C00193,R0427,01-02-2024,13:00,508,37,Delivered
O001884,C02304,R0199,March 3 2024,22:00,1727,76,Delivered
O001885,C01086,R0076,2024-01-01,13:00,1272,109,delivered
O001886,C02458,R0275,01-02-2024,22:00,1689,86,Cancelled
O001887,C00300,R0283,,,627,83,
O001888,C00454,R0146,2024-01-01,18:00,1457,-8,Cancelled
O001889,C02622,R0013,01-02-2024,18:00,135,50,Delivered
O001890,C00619,R0363,March 3 2024,18:00,864,-9,
O001891,C00637,R0129,,18:00,110,15,
O001892,C02349,R0230,March 3 2024,18:00,185,7,Delivered
O001893,C00779,R0085,01-02-2024,,1642,55,Cancelled
O001894,C01480,R0162,01-02-2024,13:00,393,29,Cancelled
O001895,C00277,R0397,2024-01-01,12:00,917,6,Delivered
O001896,C02250,R0365,,20:00,1889,-9,Cancelled
O001897,C02722,R0371,,13:00,422,59,delivered
O001898,C02350,R0489,01-02-2024,,718,38,Delivered
O001899,C02045,R0051,2024-01-01,20:00,1265,46,delivered
O001900,C01648,R0215,01-02-2024,12:00,1556,45,delivered
O001901,C00337,R0001,01-02-2024,22:00,489,65,delivered
O001902,C02080,R0471,,12:00,534,10,
O001903,C01995,R0377,March 3 2024,12:00,1711,5,delivered
O001904,C02008,R0412,March 3 2024,,107,-5,Cancelled
O001905,C01783,R0123,,22:00,876,23,Delivered
O001906,C02821,R0288,2024-01-01,20:00,1964,48,Cancelled
O001907,C01072,R0200,,18:00,1213,56,delivered
O001908,C02032,R0183,2024-01-01,22:00,153,30,delivered
O001909,C01274,R0410,,22:00,870,21,delivered
O001910,C01250,R0398,2024-01-01,12:00,510,-1,delivered
O001911,C01296,R0216,01-02-2024,22:00,1379,108,Delivered
O001912,C02713,R0240,01-02-2024,13:00,1070,82,Delivered
O001913,C00328,R0349,2024-01-01,18:00,783,66,
O001914,C00797,R0068,,12:00,1299,9,Delivered
O001915,C01204,R0319,01-02-2024,20:00,405,16,delivered
O001916,C02862,R0082,,20:00,248,113,
O001917,C00665,R0142,March 3 2024,20:00,98,18,delivered
O001918,C02794,R0411,01-02-2024,20:00,1047,105,
O001919,C02978,R0041,,20:00,1080,34,Delivered
O001920,C00963,R0239,,12:00,510,19,Delivered
O001921,C01630,R0003,March 3 2024,13:00,820,27,Delivered
O001922,C01394,R0094,,13:00,1802,21,
O001923,C01269,R0059,2024-01-01,20:00,1625,39,Cancelled
O001924,C01184,R0228,01-02-2024,13:00,1217,60,delivered
O001925,C00373,R0407,2024-01-01,18:00,684,65,Delivered
O001926,C00285,R0018,March 3 2024,13:00,858,76,Delivered
O001927,C02569,R0494,2024-01-01,22:00,1097,-6,delivered
O001928,C02745,R0239,,20:00,1326,96,Cancelled
O001929,C00807,R0360,March 3 2024,22:00,1741,108,delivered
O001930,C00647,R0074,March 3 2024,22:00,667,20,Delivered
O001931,C01605,R0376,2024-01-01,20:00,1978,86,Delivered
O001932,C02184,R0332,March 3 2024,,1393,-10,Cancelled
O001933,C00096,R0169,2024-01-01,12:00,604,75,
O001934,C00274,R0264,2024-01-01,,1668,54,Cancelled
O001935,C02926,R0160,2024-01-01,13:00,969,92,delivered
O001936,C02898,R0337,March 3 2024,,668,13,Delivered
O001937,C01201,R0169,March 3 2024,18:00,159,36,Cancelled
O001938,C01773,R0429,01-02-2024,,1103,-4,Delivered
O001939,C00784,R0206,2024-01-01,,1487,-7,
O001940,C01301,R0357,2024-01-01,12:00,-17,93,Cancelled
O001941,C00132,R0009,2024-01-01,18:00,309,41,Cancelled
O001942,C01391,R0346,2024-01-01,,1079,71,Delivered
O001943,C02421,R0304,2024-01-01,20:00,1885,69,
O001944,C01150,R0115,2024-01-01,13:00,1539,37,Delivered
O001945,C01811,R0152,2024-01-01,,713,84,delivered
O001946,C02031,R0087,01-02-2024,12:00,795,55,delivered
O001947,C00808,R0095,01-02-2024,20:00,560,99,
O001948,C00744,R0231,,12:00,844,114,delivered
O001949,C00051,R0428,2024-01-01,22:00,1010,116,Delivered
O001950,C01182,R0186,2024-01-01,,1058,89,Cancelled
O001951,C00056,R0450,01-02-2024,13:00,719,29,delivered
O001952,C00744,R0114,01-02-2024,13:00,1740,24,
O001953,C02476,R0274,2024-01-01,20:00,1810,13,
O001954,C00443,R0464,2024-01-01,20:00,642,83,Delivered
O001955,C01935,R0029,01-02-2024,20:00,1216,98,delivered
O001956,C02374,R0203,01-02-2024,13:00,345,92,delivered
O001957,C02688,R0002,,,1318,82,delivered
O001958,C01662,R0078,,22:00,940,-7,
O001959,C02877,R0324,2024-01-01,13:00,1907,94,
O001960,C00080,R0231,01-02-2024,20:00,1631,67,
O001961,C02522,R0098,,18:00,1555,91,Cancelled
O001962,C00377,R0117,2024-01-01,,1880,105,Delivered
O001963,C02967,R0110,,22:00,1467,87,Cancelled
O001964,C02381,R0167,,13:00,1710,25,
O001965,C00441,R0457,,18:00,927,68,delivered
O001966,C00126,R0488,March 3 2024,,1394,24,delivered
O001967,C01718,R0297,2024-01-01,22:00,504,18,Cancelled
O001968,C00219,R0455,,13:00,377,25,
O001969,C00948,R0371,2024-01-01,,1656,57,
O001970,C00278,R0337,2024-01-01,,509,44,
O001971,C00595,R0378,01-02-2024,20:00,41,38,delivered
O001972,C00935,R0087,2024-01-01,13:00,459,46,delivered
O001973,C02019,R0493,,,1998,88,
O001974,C00141,R0459,2024-01-01,22:00,1431,76,Cancelled
O001975,C02894,R0022,01-02-2024,20:00,1193,44,Delivered
O001976,C01631,R0210,March 3 2024,,1186,45,delivered
O001977,C00877,R0305,March 3 2024,12:00,608,63,delivered
O001978,C01730,R0412,01-02-2024,18:00,1109,-7,Delivered
O001979,C00110,R0272,,,707,98,
O001980,C01076,R0490,,20:00,308,119,Cancelled
O001981,C02661,R0324,,20:00,873,77,Cancelled
O001982,C02761,R0446,2024-01-01,22:00,-15,53,
O001983,C01994,R0420,March 3 2024,,1696,73,delivered
O001984,C01223,R0278,,,1207,3,
O001985,C00796,R0139,March 3 2024,22:00,359,93,delivered
O001986,C02030,R0341,01-02-2024,18:00,1623,94,Cancelled
O001987,C00729,R0377,March 3 2024,22:00,1044,115,delivered
O001988,C02553,R0232,,20:00,468,60,Cancelled
O001989,C01538,R0233,March 3 2024,18:00,1776,98,Cancelled
O001990,C01041,R0080,01-02-2024,18:00,449,19,Cancelled
O001991,C00315,R0426,March 3 2024,13:00,1636,-3,delivered
O001992,C00077,R0055,2024-01-01,20:00,1309,37,
O001993,C00188,R0457,01-02-2024,20:00,1054,17,Cancelled
O001994,C02947,R0291,2024-01-01,22:00,70,89,
O001995,C01641,R0441,2024-01-01,20:00,1253,56,Delivered
O001996,C00712,R0034,,,-66,91,Delivered
O001997,C01538,R0329,,22:00,1124,16,Cancelled
O001998,C01868,R0333,01-02-2024,20:00,1091,64,Delivered
O001999,C00854,R0454,,,1432,89,Cancelled
O002000,C01162,R0388,March 3 2024,13:00,1816,24,delivered
O002001,C01598,R0252,01-02-2024,20:00,1147,2,delivered
O002002,C02757,R0430,,13:00,1725,109,delivered
O002003,C01913,R0476,,20:00,436,44,
O002004,C00265,R0125,March 3 2024,20:00,1925,32,Cancelled
O002005,C00333,R0011,2024-01-01,12:00,443,62,Cancelled
O002006,C02236,R0482,March 3 2024,,1545,57,
O002007,C01087,R0317,2024-01-01,20:00,1073,32,
O002008,C00820,R0122,,13:00,644,29,Delivered
O002009,C01303,R0035,2024-01-01,18:00,1899,103,Delivered
O002010,C01566,R0069,2024-01-01,13:00,919,-8,delivered
O002011,C01195,R0313,,,432,110,
O002012,C01527,R0487,01-02-2024,20:00,1838,69,
O002013,C00299,R0139,March 3 2024,22:00,915,28,
O002014,C02249,R0012,,12:00,1961,86,Cancelled
O002015,C01159,R0125,March 3 2024,22:00,943,66,Delivered
O002016,C00272,R0299,March 3 2024,12:00,827,65,
O002017,C00535,R0147,2024-01-01,12:00,1411,11,delivered
O002018,C02079,R0077,,22:00,1637,-3,Cancelled
O002019,C01145,R0068,01-02-2024,,1244,97,
O002020,C00069,R0206,March 3 2024,20:00,1621,117,Delivered
O002021,C02931,R0236,March 3 2024,13:00,506,7,
O002022,C00769,R0059,01-02-2024,22:00,225,-7,Delivered
O002023,C00827,R0258,March 3 2024,18:00,118,106,Delivered
O002024,C02972,R0254,,12:00,421,1,Delivered
O002025,C01170,R0392,01-02-2024,13:00,304,101,delivered
O002026,C00984,R0406,,18:00,942,26,delivered
O002027,C00481,R0243,01-02-2024,13:00,479,-9,Delivered
O002028,C02341,R0461,March 3 2024,20:00,689,-8,Cancelled
O002029,C02016,R0277,01-02-2024,18:00,1754,74,
O002030,C01453,R0469,,,1962,28,Cancelled
O002031,C02134,R0220,01-02-2024,,225,66,Cancelled
O002032,C01040,R0225,March 3 2024,22:00,870,101,
O002033,C02776,R0413,2024-01-01,13:00,1735,7,delivered
O002034,C00628,R0101,March 3 2024,,57,2,Cancelled
O002035,C00118,R0342,March 3 2024,,1715,3,Cancelled
O002036,C02318,R0122,2024-01-01,22:00,1521,30,
O002037,C02464,R0218,01-02-2024,22:00,1697,29,Cancelled
O002038,C02903,R0075,March 3 2024,,705,78,Cancelled
O002039,C00162,R0331,2024-01-01,13:00,1205,90,delivered
O002040,C02748,R0237,,13:00,413,37,Cancelled
O002041,C01677,R0482,2024-01-01,12:00,403,-1,Delivered
O002042,C00167,R0339,March 3 2024,12:00,1790,110,delivered
O002043,C00300,R0240,,18:00,312,43,
O002044,C02076,R0165,March 3 2024,18:00,987,38,
O002045,C00562,R0334,2024-01-01,18:00,665,73,
O002046,C02931,R0157,,12:00,136,39,Cancelled
O002047,C02204,R0211,March 3 2024,22:00,295,86,
O002048,C01348,R0421,2024-01-01,,1904,57,Delivered
O002049,C01145,R0277,,20:00,1764,88,delivered
O002050,C02700,R0216,March 3 2024,20:00,1699,73,Delivered
O002051,C01552,R0218,2024-01-01,,1346,49,
O002052,C02869,R0233,March 3 2024,13:00,31,70,Cancelled
O002053,C00561,R0376,March 3 2024,12:00,1396,102,Cancelled
O002054,C01188,R0012,March 3 2024,13:00,1934,6,
O002055,C01690,R0432,01-02-2024,20:00,17,99,
O002056,C00312,R0083,March 3 2024,13:00,537,23,
O002057,C02424,R0431,,12:00,1944,51,Cancelled
O002058,C01370,R0113,2024-01-01,12:00,1863,76,Delivered
O002059,C02198,R0478,2024-01-01,12:00,1662,112,delivered
O002060,C01912,R0271,01-02-2024,20:00,238,112,
O002061,C02633,R0195,01-02-2024,12:00,1358,116,Delivered
O002062,C00581,R0369,01-02-2024,18:00,1102,71,Delivered
O002063,C00977,R0141,March 3 2024,18:00,1922,49,Delivered
O002064,C00177,R0443,March 3 2024,,1848,34,
O002065,C02402,R0457,,12:00,1520,64,Cancelled
O002066,C00514,R0124,2024-01-01,18:00,575,92,Delivered
O002067,C02357,R0141,2024-01-01,12:00,205,-2,Delivered
O002068,C00119,R0208,March 3 2024,20:00,1657,24,Delivered
O002069,C01543,R0115,2024-01-01,18:00,522,-1,delivered
O002070,C00767,R0206,March 3 2024,20:00,-46,93,Delivered
O002071,C00164,R0456,01-02-2024,18:00,423,116,Delivered
O002072,C00973,R0403,March 3 2024,22:00,89,105,Cancelled
O002073,C00916,R0441,,22:00,288,34,Delivered
O002074,C02526,R0288,March 3 2024,,245,66,Delivered
O002075,C01438,R0355,March 3 2024,,1598,107,
O002076,C00587,R0343,2024-01-01,,40,42,Cancelled
O002077,C00351,R0149,March 3 2024,20:00,138,73,Delivered
O002078,C01530,R0210,,18:00,1353,-9,Delivered
O002079,C02243,R0112,March 3 2024,22:00,1021,8,delivered
O002080,C01474,R0142,March 3 2024,12:00,1810,88,delivered
O002081,C00496,R0464,01-02-2024,13:00,869,72,Delivered
O002082,C02563,R0024,March 3 2024,22:00,934,58,delivered
O002083,C02744,R0049,March 3 2024,22:00,77,113,Delivered
O002084,C01871,R0500,March 3 2024,12:00,882,73,
O002085,C00273,R0288,,22:00,537,107,delivered
O002086,C02928,R0331,2024-01-01,22:00,1056,106,
O002087,C02100,R0365,01-02-2024,22:00,1477,7,Delivered
O002088,C00263,R0011,01-02-2024,,1024,-10,delivered
O002089,C02181,R0188,March 3 2024,,1207,96,Delivered
O002090,C00355,R0068,March 3 2024,18:00,38,-7,Cancelled
O002091,C02358,R0445,2024-01-01,,-32,1,
O002092,C01597,R0090,March 3 2024,22:00,444,90,Cancelled
O002093,C02064,R0110,,13:00,1151,68,
O002094,C01765,R0389,2024-01-01,,1571,41,Delivered
O002095,C00195,R0164,March 3 2024,18:00,1295,88,delivered
O002096,C01787,R0481,2024-01-01,18:00,914,79,Cancelled
O002097,C01467,R0448,01-02-2024,20:00,545,4,delivered
O002098,C02351,R0206,March 3 2024,22:00,656,19,delivered
O002099,C01072,R0032,2024-01-01,13:00,1931,116,Cancelled
O002100,C01771,R0327,2024-01-01,13:00,1568,115,Cancelled
O002101,C01145,R0074,March 3 2024,20:00,1845,84,delivered
O002102,C01523,R0251,2024-01-01,13:00,370,-3,Delivered
O002103,C00832,R0450,March 3 2024,18:00,1131,82,Cancelled
O002104,C00562,R0394,March 3 2024,12:00,-66,5,Delivered
O002105,C00041,R0355,,18:00,875,102,Delivered
O002106,C01480,R0021,,,-80,34,Cancelled
O002107,C02582,R0296,2024-01-01,12:00,1063,39,Delivered
O002108,C00371,R0298,2024-01-01,13:00,356,49,
O002109,C01206,R0328,2024-01-01,22:00,282,57,Delivered
O002110,C02565,R0302,01-02-2024,12:00,962,116,Delivered
O002111,C00657,R0338,March 3 2024,18:00,1490,69,Delivered
O002112,C00590,R0073,March 3 2024,18:00,1765,78,delivered
O002113,C00231,R0374,01-02-2024,,-54,75,Delivered
O002114,C00809,R0041,01-02-2024,18:00,645,17,Delivered
O002115,C01372,R0094,2024-01-01,,438,52,Delivered
O002116,C00479,R0132,March 3 2024,18:00,1307,107,Delivered
O002117,C01233,R0099,,20:00,971,116,delivered
O002118,C02723,R0398,,13:00,578,62,delivered
O002119,C02326,R0398,01-02-2024,22:00,883,55,delivered
O002120,C01773,R0053,01-02-2024,,1943,17,Cancelled
O002121,C02101,R0496,March 3 2024,20:00,1706,49,Cancelled
O002122,C01885,R0229,March 3 2024,13:00,1553,117,delivered
O002123,C01034,R0128,,,-56,14,Cancelled
O002124,C01763,R0212,March 3 2024,12:00,174,14,delivered
O002125,C00748,R0285,2024-01-01,20:00,131,47,Delivered
O002126,C00464,R0279,01-02-2024,,-15,27,delivered
O002127,C00754,R0495,,20:00,1678,35,delivered
O002128,C01841,R0341,,20:00,76,102,Cancelled
O002129,C00583,R0159,2024-01-01,20:00,1669,89,delivered
O002130,C02206,R0352,March 3 2024,12:00,1513,13,
O002131,C00019,R0233,March 3 2024,18:00,487,44,Delivered
O002132,C00055,R0071,01-02-2024,20:00,502,61,delivered
O002133,C01751,R0205,2024-01-01,13:00,1156,116,delivered
O002134,C00721,R0189,,18:00,1431,54,delivered
O002135,C02809,R0151,2024-01-01,12:00,483,57,delivered
O002136,C01564,R0008,,22:00,1090,59,Cancelled
O002137,C02856,R0332,2024-01-01,12:00,759,43,Cancelled
O002138,C02771,R0100,March 3 2024,22:00,934,-8,
O002139,C02333,R0016,,13:00,709,22,Cancelled
O002140,C01556,R0154,01-02-2024,22:00,537,-4,
O002141,C02559,R0157,2024-01-01,,52,94,
O002142,C01420,R0093,March 3 2024,20:00,1085,-10,delivered
O002143,C02168,R0262,,18:00,1713,70,
O002144,C02145,R0037,March 3 2024,,38,28,Delivered
O002145,C02168,R0161,2024-01-01,18:00,625,113,Cancelled
O002146,C01561,R0351,01-02-2024,20:00,1504,0,
O002147,C01177,R0174,01-02-2024,18:00,1279,90,Delivered
O002148,C01269,R0317,2024-01-01,12:00,-82,34,Cancelled
O002149,C01796,R0425,,20:00,1336,49,Delivered
O002150,C02441,R0018,March 3 2024,20:00,1861,81,delivered
O002151,C01167,R0486,March 3 2024,18:00,1751,47,delivered
O002152,C02842,R0367,,,1325,100,Cancelled
O002153,C01871,R0351,2024-01-01,22:00,762,23,
O002154,C02268,R0016,March 3 2024,13:00,0,50,Delivered
O002155,C02887,R0360,March 3 2024,22:00,492,110,delivered
O002156,C00160,R0435,2024-01-01,12:00,1965,99,
O002157,C02659,R0421,March 3 2024,20:00,1078,114,delivered
O002158,C00639,R0270,,20:00,1833,4,delivered
O002159,C01056,R0359,,12:00,1238,-7,
O002160,C02825,R0068,2024-01-01,13:00,265,12,Cancelled
O002161,C00334,R0030,2024-01-01,20:00,1084,69,
O002162,C00892,R0316,,22:00,1855,5,Delivered
O002163,C02988,R0309,2024-01-01,12:00,1554,77,Cancelled
O002164,C02017,R0225,,20:00,231,42,Delivered
O002165,C00352,R0164,,22:00,584,-1,Cancelled
O002166,C01363,R0414,,12:00,1588,42,delivered
O002167,C00926,R0320,March 3 2024,12:00,810,5,
O002168,C01424,R0014,2024-01-01,12:00,1967,117,Delivered
O002169,C02444,R0279,March 3 2024,13:00,445,104,Cancelled
O002170,C02578,R0432,2024-01-01,12:00,1946,46,delivered
O002171,C02406,R0156,01-02-2024,,1081,12,delivered
O002172,C01420,R0122,March 3 2024,18:00,504,29,
O002173,C02876,R0263,March 3 2024,18:00,1653,69,
O002174,C00060,R0170,March 3 2024,12:00,1910,7,Delivered
O002175,C02525,R0010,01-02-2024,20:00,-61,93,Cancelled
O002176,C02660,R0452,2024-01-01,18:00,1899,-10,delivered
O002177,C00001,R0172,01-02-2024,22:00,833,70,Delivered
O002178,C01579,R0358,2024-01-01,22:00,102,81,Delivered
O002179,C00311,R0013,2024-01-01,20:00,1482,106,delivered
O002180,C02216,R0213,2024-01-01,22:00,142,54,Cancelled
O002181,C02240,R0161,2024-01-01,,1429,7,Delivered
O002182,C00708,R0232,2024-01-01,20:00,1830,79,
O002183,C01182,R0476,01-02-2024,22:00,559,3,delivered
O002184,C01781,R0471,March 3 2024,12:00,612,8,delivered
O002185,C01524,R0160,01-02-2024,22:00,1074,71,delivered
O002186,C02414,R0127,March 3 2024,12:00,1023,98,Cancelled
O002187,C01364,R0048,March 3 2024,22:00,146,-4,Cancelled
O002188,C00858,R0261,,22:00,630,53,Delivered
O002189,C02375,R0061,March 3 2024,22:00,1460,-9,Delivered
O002190,C02162,R0122,01-02-2024,12:00,884,-4,delivered
O002191,C02845,R0090,,22:00,395,17,Delivered
O002192,C00919,R0359,2024-01-01,22:00,1212,81,delivered
O002193,C00609,R0255,2024-01-01,,1308,70,
O002194,C00309,R0090,March 3 2024,13:00,982,19,Delivered
O002195,C02449,R0003,2024-01-01,12:00,798,74,Cancelled
O002196,C01344,R0280,2024-01-01,,443,25,Cancelled
O002197,C00212,R0117,,18:00,1802,105,delivered
O002198,C02365,R0098,01-02-2024,20:00,118,11,
O002199,C00185,R0162,2024-01-01,13:00,894,68,Delivered
O002200,C01229,R0340,2024-01-01,,1879,67,Delivered
O002201,C01388,R0375,01-02-2024,,1907,115,
O002202,C01240,R0478,,22:00,783,-1,
O002203,C00246,R0298,,18:00,1042,11,Delivered
O002204,C00239,R0404,2024-01-01,18:00,-94,41,delivered
O002205,C01829,R0297,March 3 2024,22:00,1445,37,Delivered
O002206,C01415,R0082,01-02-2024,,727,58,
O002207,C00520,R0358,,,1204,-10,Cancelled
O002208,C01614,R0148,2024-01-01,22:00,1989,86,Delivered
O002209,C00277,R0006,,13:00,-5,60,
O002210,C01006,R0378,2024-01-01,12:00,1427,70,Cancelled
O002211,C02250,R0185,01-02-2024,13:00,13,38,Delivered
O002212,C00214,R0426,March 3 2024,12:00,229,84,delivered
O002213,C00606,R0252,01-02-2024,18:00,1140,107,delivered
O002214,C00478,R0025,,20:00,1868,87,Delivered
O002215,C00508,R0041,,22:00,616,63,Delivered
O002216,C01099,R0169,,13:00,163,26,Cancelled
O002217,C02717,R0003,March 3 2024,18:00,217,63,delivered
O002218,C02713,R0364,01-02-2024,13:00,1637,117,
O002219,C01978,R0171,2024-01-01,,540,-1,Delivered
O002220,C00142,R0430,01-02-2024,12:00,758,91,delivered
O002221,C02370,R0057,01-02-2024,22:00,47,42,delivered
O002222,C01718,R0083,March 3 2024,,1746,64,Delivered
O002223,C00461,R0330,01-02-2024,12:00,1370,73,Delivered
O002224,C02755,R0179,,,874,40,
O002225,C00670,R0133,March 3 2024,12:00,1185,60,Delivered
O002226,C02102,R0086,,12:00,-49,97,
O002227,C02325,R0457,,,157,-5,Delivered
O002228,C01845,R0353,01-02-2024,18:00,919,20,Cancelled
O002229,C01619,R0271,2024-01-01,22:00,147,90,Delivered
O002230,C00400,R0344,01-02-2024,20:00,1812,38,Cancelled
O002231,C00668,R0094,2024-01-01,13:00,187,20,Delivered
O002232,C02564,R0382,March 3 2024,12:00,1177,-2,delivered
O002233,C01523,R0356,March 3 2024,22:00,846,105,Delivered
O002234,C01335,R0250,March 3 2024,13:00,1632,104,Cancelled
O002235,C01295,R0295,,22:00,1015,40,Delivered
O002236,C02624,R0198,,,443,61,Delivered
O002237,C01473,R0079,March 3 2024,13:00,542,117,delivered
O002238,C02160,R0166,01-02-2024,22:00,-88,51,delivered
O002239,C00239,R0039,,20:00,737,47,Cancelled
O002240,C01044,R0308,,22:00,1449,59,Delivered
O002241,C01313,R0214,01-02-2024,22:00,738,-3,Delivered
O002242,C01617,R0131,,12:00,1563,52,delivered
O002243,C02245,R0157,01-02-2024,12:00,1467,20,Cancelled
O002244,C02430,R0477,2024-01-01,12:00,187,77,Delivered
O002245,C01722,R0382,01-02-2024,,335,104,Cancelled
O002246,C01741,R0159,2024-01-01,22:00,889,30,Cancelled
O002247,C01516,R0493,,20:00,154,-10,Cancelled
O002248,C02212,R0322,2024-01-01,13:00,1776,63,delivered
O002249,C02654,R0227,01-02-2024,12:00,1909,22,
O002250,C01273,R0045,2024-01-01,18:00,1734,97,delivered
O002251,C02903,R0201,March 3 2024,22:00,65,26,Delivered
O002252,C01045,R0022,01-02-2024,20:00,364,113,Cancelled
O002253,C02879,R0339,01-02-2024,20:00,155,46,Cancelled
O002254,C01536,R0242,2024-01-01,12:00,322,0,Cancelled
O002255,C02645,R0229,,,97,73,Delivered
O002256,C00536,R0394,,12:00,1136,36,Delivered
O002257,C02159,R0238,01-02-2024,,456,78,Cancelled
O002258,C00949,R0149,01-02-2024,18:00,1737,112,Cancelled
O002259,C00863,R0273,2024-01-01,18:00,1795,72,Cancelled
O002260,C02643,R0067,01-02-2024,12:00,1188,66,Delivered
O002261,C01022,R0007,01-02-2024,13:00,1876,117,Cancelled
O002262,C02508,R0233,,12:00,1248,55,Cancelled
O002263,C00434,R0357,01-02-2024,12:00,454,44,delivered
O002264,C01404,R0292,2024-01-01,20:00,-94,56,Cancelled
O002265,C02936,R0256,01-02-2024,12:00,1665,-7,delivered
O002266,C00783,R0067,01-02-2024,12:00,1991,7,Cancelled
O002267,C00988,R0250,01-02-2024,12:00,634,1,delivered
O002268,C00169,R0077,March 3 2024,13:00,1503,24,delivered
O002269,C00709,R0489,01-02-2024,20:00,1557,32,Delivered
O002270,C00965,R0414,2024-01-01,22:00,711,67,Cancelled
O002271,C02775,R0087,,22:00,1898,84,Cancelled
O002272,C01603,R0252,,22:00,1128,56,Cancelled
O002273,C00229,R0455,March 3 2024,22:00,1862,53,delivered
O002274,C01185,R0222,2024-01-01,20:00,390,82,Delivered
O002275,C00427,R0413,,12:00,217,92,
O002276,C00122,R0072,,22:00,1094,41,delivered
O002277,C02197,R0202,01-02-2024,12:00,117,6,
O002278,C02900,R0417,01-02-2024,22:00,1740,22,delivered
O002279,C02753,R0059,01-02-2024,13:00,1116,61,delivered
O002280,C00111,R0276,March 3 2024,12:00,232,70,Cancelled
O002281,C01245,R0221,01-02-2024,20:00,1076,34,delivered
O002282,C01928,R0157,2024-01-01,,1903,66,delivered
O002283,C00064,R0181,March 3 2024,13:00,966,57,Delivered
O002284,C02686,R0213,,,1548,39,Cancelled
O002285,C01378,R0129,,13:00,1573,-9,Delivered
O002286,C00909,R0243,2024-01-01,20:00,248,110,
O002287,C01772,R0418,2024-01-01,13:00,-63,23,Cancelled
O002288,C01509,R0172,,12:00,111,5,Delivered
O002289,C00013,R0480,2024-01-01,18:00,1573,113,Cancelled
O002290,C02982,R0365,2024-01-01,18:00,890,53,Cancelled
O002291,C01177,R0270,2024-01-01,22:00,684,54,
O002292,C00239,R0421,01-02-2024,22:00,-96,2,delivered
O002293,C00663,R0163,,12:00,1542,29,
O002294,C01110,R0443,2024-01-01,20:00,1166,56,Delivered
O002295,C00694,R0024,2024-01-01,12:00,47,3,Cancelled
O002296,C01182,R0497,01-02-2024,22:00,1609,109,delivered
O002297,C02370,R0193,,13:00,1246,109,Delivered
O002298,C00054,R0366,March 3 2024,,1574,47,
O002299,C01505,R0390,,12:00,1868,81,Cancelled
O002300,C01903,R0497,,12:00,327,35,
O002301,C00076,R0452,,20:00,268,79,Cancelled
O002302,C00329,R0294,01-02-2024,22:00,547,115,Cancelled
O002303,C01440,R0129,,12:00,1370,99,delivered
O002304,C01253,R0041,March 3 2024,13:00,438,104,
O002305,C02200,R0031,2024-01-01,,1202,110,Delivered
O002306,C00072,R0036,,13:00,1043,22,Cancelled
O002307,C00225,R0457,01-02-2024,18:00,1794,35,Cancelled
O002308,C02521,R0361,,22:00,988,71,Delivered
O002309,C02408,R0253,,13:00,1509,114,Delivered
O002310,C02588,R0438,March 3 2024,20:00,1226,43,Delivered
O002311,C00811,R0365,March 3 2024,,73,55,Delivered
O002312,C02657,R0215,01-02-2024,22:00,1823,43,
O002313,C02049,R0287,01-02-2024,13:00,1183,103,Cancelled
O002314,C00678,R0256,01-02-2024,12:00,1002,-7,delivered
O002315,C00291,R0413,01-02-2024,22:00,967,69,Delivered
O002316,C01482,R0369,01-02-2024,13:00,644,62,delivered
O002317,C02252,R0469,2024-01-01,12:00,1825,16,delivered
O002318,C01226,R0387,2024-01-01,18:00,782,14,delivered
O002319,C00566,R0186,01-02-2024,,1801,82,
O002320,C02530,R0474,01-02-2024,22:00,1759,69,Delivered
O002321,C01816,R0061,2024-01-01,22:00,595,81,delivered
O002322,C00511,R0262,March 3 2024,13:00,-24,9,delivered
O002323,C00924,R0276,2024-01-01,18:00,1847,42,Cancelled
O002324,C02326,R0111,01-02-2024,20:00,1778,72,Delivered
O002325,C00016,R0317,March 3 2024,13:00,1143,63,
O002326,C02404,R0430,01-02-2024,13:00,1508,119,Delivered
O002327,C00356,R0141,,20:00,912,-8,Delivered
O002328,C00830,R0233,March 3 2024,20:00,89,92,Delivered
O002329,C02647,R0023,01-02-2024,20:00,774,55,Delivered
O002330,C01102,R0079,2024-01-01,,161,98,Cancelled
O002331,C02976,R0494,01-02-2024,20:00,1625,4,delivered
O002332,C01091,R0031,2024-01-01,20:00,199,117,Cancelled
O002333,C02907,R0004,March 3 2024,12:00,1346,71,
O002334,C01747,R0459,2024-01-01,12:00,325,60,delivered
O002335,C00214,R0118,March 3 2024,20:00,-59,30,Delivered
O002336,C01721,R0066,01-02-2024,,537,115,Cancelled
O002337,C00449,R0400,2024-01-01,,1748,112,Delivered
O002338,C00057,R0371,March 3 2024,18:00,-5,22,Delivered
O002339,C01569,R0287,March 3 2024,,636,53,
O002340,C02835,R0176,March 3 2024,18:00,1546,52,delivered
O002341,C02547,R0123,,20:00,104,115,
O002342,C00710,R0231,March 3 2024,,1211,-3,
O002343,C00380,R0043,01-02-2024,12:00,554,82,delivered
O002344,C02788,R0492,01-02-2024,18:00,1292,17,
O002345,C02680,R0004,01-02-2024,12:00,1175,42,delivered
O002346,C01889,R0190,March 3 2024,13:00,1256,109,
O002347,C01048,R0304,01-02-2024,12:00,643,113,Cancelled
O002348,C00539,R0412,March 3 2024,20:00,184,44,delivered
O002349,C02993,R0250,March 3 2024,,1240,43,Delivered
O002350,C00753,R0144,March 3 2024,,411,50,
O002351,C00535,R0487,,22:00,-72,86,
O002352,C00673,R0345,2024-01-01,20:00,441,43,delivered
O002353,C01065,R0382,01-02-2024,13:00,526,18,
O002354,C00568,R0333,,,1911,70,
O002355,C01437,R0453,01-02-2024,12:00,114,98,delivered
O002356,C00415,R0158,,18:00,1087,16,delivered
O002357,C00449,R0065,2024-01-01,20:00,923,104,
O002358,C00610,R0325,2024-01-01,,1647,115,delivered
O002359,C02706,R0270,2024-01-01,18:00,1737,12,
O002360,C02002,R0075,2024-01-01,12:00,923,39,
O002361,C01798,R0418,March 3 2024,,1540,64,
O002362,C02484,R0440,01-02-2024,13:00,465,77,Delivered
O002363,C00705,R0029,01-02-2024,20:00,700,48,delivered
O002364,C02287,R0466,01-02-2024,18:00,1178,-2,Delivered
O002365,C01066,R0335,March 3 2024,,1201,22,Cancelled
O002366,C00734,R0238,01-02-2024,20:00,545,59,Cancelled
O002367,C00800,R0153,2024-01-01,,888,-5,
O002368,C02058,R0094,01-02-2024,20:00,891,-8,Delivered
O002369,C02795,R0237,01-02-2024,18:00,528,15,
O002370,C01861,R0322,,13:00,1674,23,
O002371,C02187,R0115,March 3 2024,20:00,1417,36,
O002372,C01891,R0296,2024-01-01,13:00,718,65,
O002373,C00731,R0219,2024-01-01,13:00,1246,21,
O002374,C00196,R0246,2024-01-01,12:00,276,10,Cancelled
O002375,C01098,R0497,01-02-2024,,1004,80,delivered
O002376,C01639,R0399,2024-01-01,18:00,1565,78,delivered
O002377,C01659,R0032,2024-01-01,12:00,1513,60,delivered
O002378,C01126,R0020,,22:00,1478,31,Cancelled
O002379,C00264,R0053,01-02-2024,,1046,24,Delivered
O002380,C02993,R0206,,12:00,-78,119,Cancelled
O002381,C00920,R0219,March 3 2024,20:00,669,95,Cancelled
O002382,C00161,R0195,01-02-2024,20:00,818,65,Delivered
O002383,C01257,R0305,,20:00,1879,41,
O002384,C02539,R0195,March 3 2024,22:00,276,6,
O002385,C01811,R0461,,13:00,1150,75,
O002386,C00770,R0345,March 3 2024,20:00,1096,-2,Delivered
O002387,C00311,R0082,2024-01-01,,1570,-8,Cancelled
O002388,C00227,R0001,2024-01-01,,769,11,Cancelled
O002389,C00273,R0167,01-02-2024,12:00,1256,25,Delivered
O002390,C02986,R0317,,13:00,1666,7,
O002391,C00317,R0183,,12:00,1309,70,Delivered
O002392,C01923,R0453,March 3 2024,12:00,1265,16,Cancelled
O002393,C02339,R0386,01-02-2024,20:00,1230,107,delivered
O002394,C01493,R0350,2024-01-01,12:00,443,85,delivered
O002395,C02777,R0273,,22:00,1788,6,delivered
O002396,C01895,R0157,March 3 2024,,1851,50,
O002397,C01602,R0373,2024-01-01,,675,6,
O002398,C01793,R0362,2024-01-01,,1520,37,
O002399,C01451,R0388,2024-01-01,13:00,116,5,
O002400,C02423,R0201,March 3 2024,20:00,431,16,Delivered
O002401,C01926,R0192,March 3 2024,20:00,348,3,delivered
O002402,C00567,R0341,2024-01-01,12:00,788,81,delivered
O002403,C02916,R0299,March 3 2024,12:00,1813,100,
O002404,C02803,R0076,2024-01-01,18:00,292,105,
O002405,C00252,R0140,2024-01-01,18:00,1521,106,Delivered
O002406,C01557,R0306,2024-01-01,20:00,1070,39,Delivered
O002407,C02355,R0196,March 3 2024,20:00,1248,18,Delivered
O002408,C00675,R0061,01-02-2024,12:00,217,17,delivered
O002409,C02916,R0476,01-02-2024,22:00,278,35,delivered
O002410,C02312,R0457,March 3 2024,22:00,604,49,delivered
O002411,C02116,R0360,,,1397,88,delivered
O002412,C01603,R0307,March 3 2024,12:00,941,41,Delivered
O002413,C00514,R0480,,18:00,48,57,
O002414,C02817,R0333,2024-01-01,18:00,457,51,delivered
O002415,C00442,R0354,,22:00,594,93,Delivered
O002416,C00001,R0083,2024-01-01,20:00,446,109,
O002417,C02406,R0334,01-02-2024,12:00,417,26,Cancelled
O002418,C01139,R0005,2024-01-01,,1562,113,
O002419,C00903,R0219,,,991,11,Cancelled
O002420,C01624,R0412,01-02-2024,20:00,143,10,Cancelled
O002421,C01221,R0254,01-02-2024,18:00,-92,25,delivered
O002422,C02322,R0474,March 3 2024,22:00,1223,74,Delivered
O002423,C00856,R0394,,20:00,1243,27,
O002424,C01018,R0088,,18:00,1551,68,Cancelled
O002425,C01184,R0209,March 3 2024,18:00,292,13,Delivered
O002426,C02221,R0180,March 3 2024,,1151,7,
O002427,C00585,R0208,01-02-2024,18:00,468,82,delivered
O002428,C02977,R0273,March 3 2024,20:00,143,60,
O002429,C02529,R0065,01-02-2024,13:00,1066,91,delivered
O002430,C00455,R0380,,22:00,92,79,
O002431,C00196,R0021,March 3 2024,18:00,226,61,
O002432,C02844,R0438,,20:00,-76,78,Cancelled
O002433,C00599,R0367,01-02-2024,,1,77,Cancelled
O002434,C01333,R0177,2024-01-01,12:00,562,-7,Cancelled
O002435,C01760,R0363,2024-01-01,,116,44,delivered
O002436,C00556,R0022,,22:00,641,22,
O002437,C02896,R0325,01-02-2024,12:00,166,104,
O002438,C01518,R0448,01-02-2024,12:00,61,82,delivered
O002439,C00439,R0036,2024-01-01,,577,20,
O002440,C02698,R0250,01-02-2024,20:00,785,97,Cancelled
O002441,C00359,R0149,01-02-2024,,932,72,delivered
O002442,C01058,R0440,,13:00,808,55,delivered
O002443,C01112,R0073,2024-01-01,20:00,1371,103,
O002444,C02706,R0091,01-02-2024,20:00,917,74,Cancelled
O002445,C02064,R0176,,22:00,1494,25,
O002446,C02793,R0126,March 3 2024,20:00,1244,73,
O002447,C00421,R0204,2024-01-01,22:00,1048,97,delivered
O002448,C00553,R0402,,18:00,-60,9,delivered
O002449,C02815,R0246,March 3 2024,22:00,986,89,Delivered
O002450,C02841,R0099,01-02-2024,20:00,915,35,
O002451,C01150,R0271,01-02-2024,18:00,-16,106,Delivered
O002452,C01032,R0498,March 3 2024,18:00,106,7,
O002453,C01492,R0044,,13:00,60,86,Delivered
O002454,C00880,R0222,01-02-2024,,349,23,
O002455,C01886,R0429,01-02-2024,20:00,261,68,delivered
O002456,C00852,R0097,,12:00,1174,61,delivered
O002457,C00510,R0036,,,930,6,Delivered
O002458,C01860,R0168,March 3 2024,20:00,1760,36,Delivered
O002459,C01764,R0435,01-02-2024,12:00,1310,19,Delivered
O002460,C00966,R0030,,,830,29,Cancelled
O002461,C01859,R0282,2024-01-01,13:00,1293,65,Delivered
O002462,C00914,R0085,March 3 2024,20:00,1471,74,Delivered
O002463,C01391,R0357,March 3 2024,,662,17,Delivered
O002464,C01512,R0491,March 3 2024,13:00,1721,48,Cancelled
O002465,C02066,R0121,March 3 2024,12:00,1706,69,Cancelled
O002466,C02104,R0287,2024-01-01,22:00,1144,63,
O002467,C02967,R0248,March 3 2024,20:00,1631,-4,delivered
O002468,C01059,R0184,March 3 2024,18:00,1522,57,Delivered
O002469,C02950,R0253,,18:00,1493,13,Delivered
O002470,C02678,R0445,01-02-2024,13:00,1918,87,delivered
O002471,C00794,R0273,March 3 2024,22:00,1335,30,
O002472,C01597,R0209,,18:00,1020,43,
O002473,C01807,R0354,,18:00,1581,3,Delivered
O002474,C00347,R0382,01-02-2024,20:00,1824,38,delivered
O002475,C01056,R0024,,18:00,367,52,Delivered
O002476,C00908,R0122,,12:00,1965,34,Delivered
O002477,C01024,R0225,March 3 2024,13:00,1107,61,Delivered
O002478,C00576,R0388,March 3 2024,,1066,95,delivered
O002479,C00199,R0393,,18:00,1386,-4,delivered
O002480,C01366,R0386,2024-01-01,20:00,1257,-8,
O002481,C01999,R0419,01-02-2024,,-39,77,delivered
O002482,C01255,R0123,,12:00,62,19,delivered
O002483,C02349,R0294,,,451,-6,delivered
O002484,C01017,R0173,2024-01-01,18:00,983,93,Cancelled
O002485,C00026,R0143,01-02-2024,13:00,1151,102,
O002486,C01559,R0491,,13:00,138,-4,delivered
O002487,C02498,R0426,,13:00,1940,119,Delivered
O002488,C02368,R0387,March 3 2024,18:00,337,17,Cancelled
O002489,C02204,R0415,,12:00,428,97,Cancelled
O002490,C00471,R0436,2024-01-01,22:00,4,17,
O002491,C02468,R0169,,,281,88,Cancelled
O002492,C00651,R0057,01-02-2024,13:00,1138,65,Cancelled
O002493,C00886,R0042,01-02-2024,12:00,50,81,
O002494,C00930,R0309,2024-01-01,20:00,1297,53,delivered
O002495,C01745,R0119,,20:00,1693,80,
O002496,C02883,R0121,,12:00,530,106,Delivered
O002497,C00876,R0312,,20:00,321,39,delivered
O002498,C00942,R0251,,20:00,545,-1,delivered
O002499,C00355,R0343,,13:00,1867,71,Cancelled
O002500,C01309,R0332,01-02-2024,18:00,106,-1,delivered
O002501,C00572,R0456,March 3 2024,18:00,733,93,Cancelled
O002502,C00054,R0437,01-02-2024,18:00,1400,43,delivered
O002503,C00605,R0341,March 3 2024,18:00,125,59,
O002504,C00325,R0341,01-02-2024,12:00,703,23,Cancelled
O002505,C01928,R0416,2024-01-01,13:00,1726,32,
O002506,C00885,R0337,,12:00,1757,115,Cancelled
O002507,C00265,R0182,March 3 2024,,415,102,Cancelled
O002508,C00382,R0165,01-02-2024,,1746,103,Cancelled
O002509,C01237,R0472,March 3 2024,20:00,86,43,delivered
O002510,C02381,R0264,,13:00,1898,38,delivered
O002511,C01382,R0210,2024-01-01,22:00,547,0,
O002512,C02251,R0011,,18:00,1965,10,Delivered
O002513,C02106,R0182,01-02-2024,,184,118,
O002514,C01518,R0444,01-02-2024,,913,35,Delivered
O002515,C01534,R0251,March 3 2024,20:00,549,96,Cancelled
O002516,C01792,R0138,2024-01-01,18:00,1667,63,Delivered
O002517,C00547,R0218,2024-01-01,18:00,1142,9,Delivered
O002518,C00871,R0239,01-02-2024,18:00,1867,10,Cancelled
O002519,C02151,R0454,March 3 2024,,155,46,
O002520,C01224,R0371,,22:00,1197,46,Cancelled
O002521,C00865,R0337,,20:00,1736,58,Cancelled
O002522,C01966,R0087,01-02-2024,18:00,1944,36,Delivered
O002523,C00398,R0298,01-02-2024,18:00,1962,-3,Cancelled
O002524,C01762,R0293,,13:00,78,91,
O002525,C00392,R0092,,18:00,1326,-6,Delivered
O002526,C02154,R0208,,13:00,-13,61,
O002527,C01613,R0204,March 3 2024,20:00,744,112,Cancelled
O002528,C01078,R0186,2024-01-01,20:00,-73,114,
O002529,C01301,R0085,01-02-2024,20:00,1933,83,
O002530,C02159,R0315,01-02-2024,13:00,-47,57,Cancelled
O002531,C02272,R0152,March 3 2024,,220,37,delivered
O002532,C02123,R0156,,,1695,-6,
O002533,C02554,R0293,March 3 2024,22:00,1153,33,delivered
O002534,C02818,R0021,,22:00,1725,5,Cancelled
O002535,C02530,R0161,01-02-2024,,231,112,delivered
O002536,C00364,R0386,2024-01-01,,1617,12,delivered
O002537,C02287,R0485,March 3 2024,18:00,216,82,delivered
O002538,C01425,R0339,,20:00,1902,100,delivered
O002539,C00846,R0156,01-02-2024,,120,10,
O002540,C01594,R0143,2024-01-01,12:00,1262,119,
O002541,C01328,R0257,March 3 2024,,47,12,Delivered
O002542,C00392,R0107,March 3 2024,18:00,1822,107,delivered
O002543,C01041,R0284,01-02-2024,,1632,112,Cancelled
O002544,C00057,R0050,March 3 2024,22:00,377,119,
O002545,C02060,R0035,01-02-2024,22:00,1723,71,delivered
O002546,C02047,R0224,March 3 2024,20:00,1109,34,Cancelled
O002547,C00146,R0156,2024-01-01,13:00,69,61,Delivered
O002548,C01306,R0393,2024-01-01,18:00,1726,80,Cancelled
O002549,C01573,R0408,March 3 2024,13:00,1467,70,Cancelled
O002550,C02217,R0191,01-02-2024,22:00,200,10,delivered
O002551,C02895,R0388,,20:00,1777,-10,
O002552,C02218,R0184,March 3 2024,22:00,422,65,Cancelled
O002553,C02033,R0237,,20:00,1409,101,Cancelled
O002554,C00765,R0297,01-02-2024,,721,0,Delivered
O002555,C01370,R0323,,12:00,94,85,
O002556,C00499,R0304,March 3 2024,13:00,365,9,
O002557,C01967,R0342,2024-01-01,18:00,-1,10,
O002558,C01166,R0488,01-02-2024,20:00,15,25,
O002559,C02945,R0058,2024-01-01,,279,27,
O002560,C01761,R0039,2024-01-01,,1518,45,Delivered
O002561,C00118,R0241,2024-01-01,12:00,1171,80,
O002562,C00365,R0025,March 3 2024,,1334,0,
O002563,C01982,R0316,01-02-2024,,1802,7,delivered
O002564,C00136,R0496,,12:00,1351,70,Delivered
O002565,C01101,R0117,2024-01-01,13:00,1866,87,Delivered
O002566,C01872,R0342,,,743,34,
O002567,C02605,R0370,01-02-2024,20:00,197,115,Cancelled
O002568,C00018,R0240,01-02-2024,18:00,195,48,delivered
O002569,C01891,R0175,,18:00,14,32,delivered
O002570,C02451,R0482,,18:00,1808,83,Cancelled
O002571,C00205,R0445,2024-01-01,22:00,1726,92,
O002572,C00499,R0340,,22:00,925,6,
O002573,C02372,R0228,,20:00,685,66,Delivered
O002574,C00595,R0485,March 3 2024,,-66,106,
O002575,C00562,R0487,2024-01-01,,1700,35,Delivered
O002576,C01305,R0253,2024-01-01,18:00,990,37,Delivered
O002577,C02527,R0411,01-02-2024,12:00,260,88,delivered
O002578,C02212,R0380,,,193,16,Cancelled
O002579,C02372,R0111,March 3 2024,18:00,1126,-5,Cancelled
O002580,C02599,R0241,01-02-2024,20:00,854,47,Delivered
O002581,C02879,R0224,March 3 2024,18:00,1715,-10,delivered
O002582,C00640,R0298,2024-01-01,13:00,845,17,Cancelled
O002583,C01927,R0052,,18:00,160,18,Delivered
O002584,C02682,R0221,March 3 2024,,1441,85,Delivered
O002585,C02807,R0489,01-02-2024,,1700,80,Cancelled
O002586,C02256,R0304,2024-01-01,12:00,1316,57,Cancelled
O002587,C00315,R0288,March 3 2024,20:00,301,30,Cancelled
O002588,C02352,R0152,March 3 2024,20:00,235,95,delivered
O002589,C00901,R0387,01-02-2024,12:00,1976,105,Delivered
O002590,C02287,R0118,March 3 2024,20:00,1742,112,
O002591,C01751,R0411,2024-01-01,18:00,1861,110,Cancelled
O002592,C00804,R0457,March 3 2024,20:00,743,46,delivered
O002593,C01561,R0424,,18:00,1540,11,delivered
O002594,C01453,R0279,,20:00,-56,55,Cancelled
O002595,C01244,R0135,01-02-2024,,1024,32,Cancelled
O002596,C02323,R0209,,18:00,1149,23,Cancelled
O002597,C01671,R0127,,18:00,515,103,Cancelled
O002598,C02028,R0293,March 3 2024,,664,-9,delivered
O002599,C00123,R0007,2024-01-01,12:00,1600,48,Cancelled
O002600,C01769,R0222,2024-01-01,12:00,1379,25,Delivered
O002601,C02001,R0077,March 3 2024,,433,-3,Delivered
O002602,C01090,R0338,,22:00,992,22,Cancelled
O002603,C01447,R0351,March 3 2024,12:00,1504,7,Cancelled
O002604,C02303,R0278,,18:00,1169,53,delivered
O002605,C02173,R0334,,18:00,474,50,Delivered
O002606,C01170,R0338,,20:00,136,72,Delivered
O002607,C00615,R0227,2024-01-01,20:00,430,-1,delivered
O002608,C02433,R0401,01-02-2024,22:00,1152,95,Cancelled
O002609,C02495,R0275,2024-01-01,18:00,1432,11,
O002610,C00387,R0351,,22:00,26,28,delivered
O002611,C02431,R0295,March 3 2024,18:00,557,91,delivered
O002612,C01406,R0117,March 3 2024,12:00,1764,54,
O002613,C00124,R0292,,20:00,1037,19,Delivered
O002614,C01814,R0271,01-02-2024,,1068,100,delivered
O002615,C01625,R0447,2024-01-01,,1596,15,Delivered
O002616,C01182,R0157,2024-01-01,22:00,1630,109,Delivered
O002617,C00728,R0060,,13:00,1088,52,delivered
O002618,C02944,R0184,,,1098,20,delivered
O002619,C01142,R0424,01-02-2024,18:00,1280,6,Cancelled
O002620,C02376,R0144,2024-01-01,12:00,1475,102,Delivered
O002621,C02742,R0161,01-02-2024,13:00,1065,81,delivered
O002622,C00359,R0089,2024-01-01,12:00,669,28,Delivered
O002623,C02845,R0016,01-02-2024,12:00,1090,63,delivered
O002624,C00443,R0414,01-02-2024,18:00,1242,100,delivered
O002625,C02212,R0249,01-02-2024,12:00,1554,80,Cancelled
O002626,C00973,R0098,March 3 2024,22:00,557,15,Cancelled
O002627,C00361,R0450,March 3 2024,13:00,1785,65,Cancelled
O002628,C02633,R0104,March 3 2024,12:00,888,24,delivered
O002629,C00853,R0300,2024-01-01,,977,46,Cancelled
O002630,C01625,R0235,01-02-2024,,21,10,Delivered
O002631,C01612,R0422,,12:00,733,113,Delivered
O002632,C01757,R0307,,20:00,1578,6,delivered
O002633,C01024,R0444,2024-01-01,20:00,1969,115,Cancelled
O002634,C01908,R0274,2024-01-01,22:00,1199,87,
O002635,C01931,R0261,,,1784,86,delivered
O002636,C00241,R0239,01-02-2024,20:00,1862,71,
O002637,C00666,R0424,March 3 2024,12:00,307,14,delivered
O002638,C02613,R0262,2024-01-01,,381,94,
O002639,C01166,R0332,2024-01-01,12:00,1359,50,Delivered
O002640,C02880,R0115,2024-01-01,13:00,1792,83,
O002641,C00976,R0268,,,1385,26,Cancelled
O002642,C02040,R0012,March 3 2024,20:00,1389,98,
O002643,C02079,R0073,01-02-2024,18:00,981,110,
O002644,C00223,R0362,01-02-2024,20:00,1952,29,Delivered
O002645,C01828,R0406,,12:00,1800,73,Cancelled
O002646,C02314,R0305,2024-01-01,13:00,1721,59,Cancelled
O002647,C01306,R0178,,20:00,164,84,
O002648,C00788,R0464,,13:00,1172,32,delivered
O002649,C02429,R0260,01-02-2024,20:00,1786,117,Cancelled
O002650,C00556,R0434,March 3 2024,22:00,1732,78,Cancelled
O002651,C02110,R0259,01-02-2024,12:00,596,88,delivered
O002652,C02761,R0400,,12:00,1380,30,Delivered
O002653,C00847,R0270,,18:00,640,50,Delivered
O002654,C02569,R0320,2024-01-01,12:00,673,113,Delivered
O002655,C01095,R0120,2024-01-01,18:00,18,86,Cancelled
O002656,C02650,R0169,,12:00,1669,-3,Cancelled
O002657,C01560,R0486,01-02-2024,20:00,1167,-6,delivered
O002658,C00140,R0068,2024-01-01,20:00,1017,23,delivered
O002659,C01364,R0059,March 3 2024,22:00,712,-2,delivered
O002660,C00590,R0130,March 3 2024,20:00,-63,27,
O002661,C01750,R0375,,13:00,142,32,Delivered
O002662,C02576,R0266,March 3 2024,20:00,1287,85,Cancelled
O002663,C00541,R0075,March 3 2024,18:00,1898,1,delivered
O002664,C02423,R0487,2024-01-01,,754,88,Cancelled
O002665,C00291,R0090,2024-01-01,22:00,1697,20,
O002666,C02091,R0357,01-02-2024,,74,0,delivered
O002667,C01256,R0154,2024-01-01,,1612,87,delivered
O002668,C01236,R0388,01-02-2024,13:00,571,16,
O002669,C00008,R0218,2024-01-01,13:00,593,10,Delivered
O002670,C01658,R0486,,12:00,447,117,Delivered
O002671,C00483,R0028,01-02-2024,18:00,1780,2,Cancelled
O002672,C02090,R0130,,,1022,34,Cancelled
O002673,C00333,R0066,01-02-2024,20:00,172,14,delivered
O002674,C01257,R0144,March 3 2024,20:00,683,66,Delivered
O002675,C01040,R0380,01-02-2024,12:00,1109,53,Cancelled
O002676,C02117,R0313,01-02-2024,20:00,839,88,Delivered
O002677,C02101,R0407,01-02-2024,13:00,351,-7,Cancelled
O002678,C00685,R0407,01-02-2024,20:00,1428,73,
O002679,C00994,R0461,01-02-2024,,-7,13,
O002680,C01798,R0277,March 3 2024,20:00,1230,46,Cancelled
O002681,C01825,R0103,01-02-2024,13:00,1661,89,
O002682,C02575,R0409,,18:00,1788,-3,Delivered
O002683,C01806,R0314,01-02-2024,,853,-1,Cancelled
O002684,C01703,R0037,01-02-2024,18:00,996,113,
O002685,C00063,R0249,,13:00,1068,3,Cancelled
O002686,C00261,R0433,2024-01-01,13:00,807,80,Delivered
O002687,C00858,R0461,2024-01-01,,1587,16,Delivered
O002688,C01264,R0399,March 3 2024,22:00,533,-6,Cancelled
O002689,C01489,R0156,01-02-2024,22:00,103,68,Cancelled
O002690,C01131,R0451,01-02-2024,20:00,-85,75,Delivered
O002691,C02031,R0471,2024-01-01,,25,-3,Cancelled
O002692,C00180,R0132,01-02-2024,,1801,48,Cancelled
O002693,C00355,R0047,March 3 2024,20:00,1478,49,Cancelled
O002694,C00934,R0434,,22:00,-22,69,delivered
O002695,C02775,R0444,01-02-2024,20:00,688,44,Delivered
O002696,C00589,R0446,,18:00,1302,83,delivered
O002697,C01761,R0195,March 3 2024,18:00,1411,30,delivered
O002698,C00605,R0103,2024-01-01,12:00,24,-1,delivered
O002699,C02229,R0328,March 3 2024,22:00,517,105,
O002700,C00174,R0171,March 3 2024,18:00,641,73,delivered
O002701,C02402,R0089,March 3 2024,12:00,-20,96,Cancelled
O002702,C00354,R0246,March 3 2024,13:00,1544,-4,delivered
O002703,C01339,R0058,,,74,10,
O002704,C00434,R0105,March 3 2024,18:00,575,64,
O002705,C02953,R0180,March 3 2024,12:00,247,90,delivered
O002706,C02330,R0460,March 3 2024,20:00,1812,33,Delivered
O002707,C00259,R0069,March 3 2024,,1290,77,Cancelled
O002708,C00868,R0481,,12:00,1458,26,Cancelled
O002709,C02607,R0302,March 3 2024,18:00,1338,54,Delivered
O002710,C02053,R0153,2024-01-01,20:00,623,103,Cancelled
O002711,C02004,R0025,March 3 2024,20:00,1175,-5,
O002712,C00596,R0377,March 3 2024,12:00,507,27,
O002713,C01669,R0035,01-02-2024,12:00,257,46,Cancelled
O002714,C00394,R0445,01-02-2024,18:00,988,59,Delivered
O002715,C00336,R0015,01-02-2024,20:00,192,54,Cancelled
O002716,C02111,R0106,March 3 2024,22:00,1247,101,delivered
O002717,C00044,R0218,2024-01-01,12:00,890,24,
O002718,C02201,R0384,2024-01-01,22:00,719,13,
O002719,C00854,R0074,01-02-2024,22:00,29,27,delivered
O002720,C00275,R0344,01-02-2024,20:00,1859,-8,
O002721,C00426,R0419,March 3 2024,18:00,492,43,delivered
O002722,C00483,R0285,2024-01-01,22:00,1824,55,
O002723,C00214,R0038,2024-01-01,18:00,1555,104,Delivered
O002724,C02127,R0197,01-02-2024,12:00,513,49,
O002725,C00139,R0280,2024-01-01,20:00,1418,4,Cancelled
O002726,C00950,R0275,01-02-2024,13:00,438,99,Cancelled
O002727,C00098,R0174,01-02-2024,20:00,160,-7,Cancelled
O002728,C00664,R0305,,13:00,1584,13,Cancelled
O002729,C02246,R0044,,,1150,72,Delivered
O002730,C02833,R0457,March 3 2024,12:00,1712,83,
O002731,C02204,R0154,01-02-2024,18:00,1742,92,Cancelled
O002732,C01074,R0153,March 3 2024,12:00,1770,29,
O002733,C00479,R0291,,20:00,127,16,Delivered
O002734,C02276,R0498,2024-01-01,13:00,1337,26,delivered
O002735,C02570,R0420,,,1159,-10,Delivered
O002736,C02197,R0142,,13:00,943,112,Cancelled
O002737,C01082,R0256,,20:00,88,28,Delivered
O002738,C00162,R0312,2024-01-01,20:00,1540,19,Cancelled
O002739,C02911,R0134,,12:00,1308,9,Delivered
O002740,C01501,R0032,01-02-2024,22:00,1866,53,Cancelled
O002741,C01451,R0026,01-02-2024,13:00,564,108,delivered
O002742,C00395,R0399,,20:00,1141,56,delivered
O002743,C00801,R0255,March 3 2024,12:00,-80,111,
O002744,C00186,R0433,March 3 2024,22:00,1083,15,
O002745,C00558,R0223,2024-01-01,18:00,1415,115,Delivered
O002746,C01981,R0056,2024-01-01,20:00,328,-5,delivered
O002747,C00446,R0293,01-02-2024,22:00,1789,21,Cancelled
O002748,C00830,R0125,01-02-2024,18:00,890,6,delivered
O002749,C02135,R0230,,,122,42,delivered
O002750,C01273,R0053,March 3 2024,18:00,859,89,delivered
O002751,C01814,R0442,01-02-2024,12:00,57,99,delivered
O002752,C02486,R0101,March 3 2024,13:00,1907,60,Cancelled
O002753,C00516,R0467,2024-01-01,20:00,700,90,delivered
O002754,C01601,R0334,2024-01-01,22:00,621,80,delivered
O002755,C00947,R0292,,,1154,46,Delivered
O002756,C01226,R0357,,,344,45,
O002757,C01599,R0267,01-02-2024,18:00,4,116,
O002758,C01679,R0283,March 3 2024,,1561,7,
O002759,C00756,R0002,01-02-2024,13:00,782,64,
O002760,C02845,R0022,01-02-2024,18:00,1222,11,Cancelled
O002761,C02734,R0066,March 3 2024,20:00,991,-8,Delivered
O002762,C00325,R0212,01-02-2024,20:00,437,13,Delivered
O002763,C02671,R0236,,,1543,41,Delivered
O002764,C00687,R0368,March 3 2024,12:00,700,56,delivered
O002765,C01499,R0017,March 3 2024,20:00,964,112,delivered
O002766,C01689,R0388,01-02-2024,20:00,1471,20,Delivered
O002767,C02000,R0014,March 3 2024,20:00,1329,42,Cancelled
O002768,C02448,R0007,,13:00,1431,110,
O002769,C00868,R0335,,22:00,141,20,Cancelled
O002770,C00217,R0222,2024-01-01,22:00,1262,65,Delivered
O002771,C02857,R0400,2024-01-01,,1967,73,
O002772,C00769,R0104,2024-01-01,20:00,1778,97,
O002773,C01001,R0450,2024-01-01,22:00,1791,45,
O002774,C01989,R0403,01-02-2024,,939,25,Cancelled
O002775,C00932,R0001,2024-01-01,20:00,200,40,Delivered
O002776,C02013,R0287,2024-01-01,22:00,64,70,delivered
O002777,C00240,R0384,2024-01-01,22:00,1181,93,
O002778,C01210,R0247,2024-01-01,,1511,114,
O002779,C00048,R0388,01-02-2024,18:00,920,-6,
O002780,C01249,R0091,2024-01-01,,1449,90,
O002781,C01168,R0314,March 3 2024,13:00,1868,89,
O002782,C00875,R0312,,18:00,777,97,delivered
O002783,C01898,R0437,March 3 2024,18:00,1220,3,
O002784,C02180,R0473,01-02-2024,22:00,1879,106,
O002785,C00625,R0214,01-02-2024,12:00,1140,17,delivered
O002786,C01860,R0043,01-02-2024,12:00,330,-2,Cancelled
O002787,C01971,R0074,,13:00,1154,48,Delivered
O002788,C00601,R0242,2024-01-01,20:00,1034,27,Cancelled
O002789,C02721,R0481,01-02-2024,22:00,-99,82,
O002790,C02382,R0049,2024-01-01,13:00,1850,61,Cancelled
O002791,C01944,R0368,01-02-2024,18:00,89,37,delivered
O002792,C01817,R0364,,22:00,-79,119,
O002793,C02084,R0316,March 3 2024,18:00,1961,-5,Cancelled
O002794,C02826,R0222,March 3 2024,13:00,1641,50,Delivered
O002795,C01649,R0350,,12:00,1469,-9,Cancelled
O002796,C01828,R0144,2024-01-01,13:00,1387,72,
O002797,C00223,R0329,01-02-2024,,467,2,
O002798,C01747,R0209,March 3 2024,22:00,1872,38,
O002799,C00530,R0099,,22:00,1323,-3,delivered
O002800,C02289,R0188,2024-01-01,20:00,705,-2,
O002801,C00134,R0114,March 3 2024,12:00,813,62,Cancelled
O002802,C00391,R0175,,22:00,667,1,Delivered
O002803,C00102,R0271,01-02-2024,12:00,1033,110,Cancelled
O002804,C02041,R0063,,22:00,-53,71,Delivered
O002805,C02729,R0496,2024-01-01,12:00,643,96,
O002806,C02546,R0284,March 3 2024,,1005,90,Delivered
O002807,C02559,R0404,01-02-2024,13:00,1201,49,delivered
O002808,C02751,R0225,2024-01-01,12:00,280,56,delivered
O002809,C00355,R0447,,18:00,209,18,delivered
O002810,C02001,R0161,March 3 2024,,441,55,delivered
O002811,C00949,R0036,March 3 2024,13:00,666,-6,delivered
O002812,C01569,R0381,2024-01-01,22:00,1106,113,Delivered
O002813,C00841,R0141,01-02-2024,22:00,83,84,Delivered
O002814,C02054,R0318,2024-01-01,20:00,1881,-6,
O002815,C02169,R0196,March 3 2024,,538,74,Delivered
O002816,C00194,R0151,March 3 2024,18:00,1360,38,Delivered
O002817,C00742,R0456,March 3 2024,,493,15,Cancelled
O002818,C02960,R0269,01-02-2024,20:00,1156,60,
O002819,C00473,R0344,March 3 2024,,1744,87,Delivered
O002820,C02264,R0040,March 3 2024,13:00,-100,115,
O002821,C02924,R0238,2024-01-01,20:00,618,3,delivered
O002822,C00038,R0414,March 3 2024,13:00,182,7,Delivered
O002823,C01699,R0380,,20:00,1109,46,Cancelled
O002824,C00471,R0222,2024-01-01,12:00,340,14,Cancelled
O002825,C02500,R0281,March 3 2024,13:00,538,59,delivered
O002826,C01514,R0225,2024-01-01,13:00,373,74,Cancelled
O002827,C01013,R0457,2024-01-01,12:00,1757,28,Cancelled
O002828,C01784,R0154,,12:00,840,103,delivered
O002829,C01967,R0280,2024-01-01,18:00,559,0,Delivered
O002830,C00103,R0353,2024-01-01,12:00,191,91,Cancelled
O002831,C01735,R0039,01-02-2024,20:00,146,14,Cancelled
O002832,C01736,R0217,March 3 2024,12:00,1841,-9,Delivered
O002833,C00042,R0244,01-02-2024,12:00,87,25,delivered
O002834,C02995,R0109,March 3 2024,13:00,1446,26,Cancelled
O002835,C02114,R0463,2024-01-01,13:00,456,-9,Cancelled
O002836,C02991,R0061,March 3 2024,,1047,97,delivered
O002837,C00193,R0489,2024-01-01,12:00,146,80,Cancelled
O002838,C01062,R0496,March 3 2024,18:00,1260,85,Delivered
O002839,C02550,R0433,2024-01-01,13:00,858,-7,Cancelled
O002840,C01677,R0425,March 3 2024,20:00,1726,83,Cancelled
O002841,C02712,R0198,March 3 2024,,23,35,Cancelled
O002842,C02400,R0276,March 3 2024,20:00,1794,98,Delivered
O002843,C00326,R0172,2024-01-01,12:00,1263,91,Delivered
O002844,C01121,R0272,March 3 2024,12:00,1652,54,
O002845,C00108,R0405,2024-01-01,18:00,558,45,Cancelled
O002846,C02679,R0271,01-02-2024,12:00,1485,24,Delivered
O002847,C02199,R0423,March 3 2024,,880,108,Cancelled
O002848,C01098,R0042,,22:00,1380,90,delivered
O002849,C02926,R0189,,22:00,624,12,delivered
O002850,C00335,R0260,2024-01-01,12:00,1453,67,Cancelled
O002851,C01943,R0152,,,545,33,delivered
O002852,C02040,R0131,2024-01-01,22:00,1726,-10,Delivered
O002853,C00804,R0114,2024-01-01,20:00,1449,9,Cancelled
O002854,C01849,R0385,,,1316,100,Cancelled
O002855,C00767,R0222,,,1598,101,Cancelled
O002856,C01278,R0397,01-02-2024,12:00,417,87,
O002857,C01409,R0054,2024-01-01,20:00,228,-5,
O002858,C02307,R0338,,20:00,589,10,
O002859,C02830,R0296,01-02-2024,22:00,378,92,Cancelled
O002860,C01489,R0383,01-02-2024,18:00,290,34,Cancelled
O002861,C00034,R0395,2024-01-01,20:00,311,59,
O002862,C02374,R0042,March 3 2024,22:00,1181,94,delivered
O002863,C00837,R0093,,18:00,768,64,Delivered
O002864,C02739,R0260,,,406,-10,delivered
O002865,C02025,R0281,,22:00,1622,72,
O002866,C01640,R0356,,22:00,1843,63,Delivered
O002867,C00739,R0420,,12:00,857,100,
O002868,C01490,R0192,,,1662,3,Delivered
O002869,C02792,R0125,01-02-2024,,1634,97,Delivered
O002870,C01328,R0428,2024-01-01,13:00,662,-8,Delivered
O002871,C01886,R0296,01-02-2024,18:00,1400,108,
O002872,C02895,R0348,,22:00,1753,82,
O002873,C00117,R0429,2024-01-01,20:00,1628,80,Delivered
O002874,C01505,R0392,,20:00,1614,14,Cancelled
O002875,C02698,R0341,2024-01-01,13:00,1659,32,Cancelled
O002876,C02451,R0035,01-02-2024,18:00,1242,104,Cancelled
O002877,C00716,R0428,2024-01-01,12:00,1318,83,Cancelled
O002878,C02034,R0402,01-02-2024,18:00,1536,33,delivered
O002879,C01700,R0047,,20:00,449,18,delivered
O002880,C01924,R0153,2024-01-01,20:00,1905,80,Cancelled
O002881,C01611,R0238,March 3 2024,12:00,658,46,
O002882,C02281,R0425,March 3 2024,12:00,223,97,Cancelled
O002883,C02977,R0005,01-02-2024,20:00,1825,11,Delivered
O002884,C01308,R0448,01-02-2024,22:00,10,59,Delivered
O002885,C02528,R0446,01-02-2024,22:00,1723,-5,
O002886,C00976,R0125,01-02-2024,12:00,1038,111,Delivered
O002887,C02057,R0367,,,1620,107,Cancelled
O002888,C00715,R0328,March 3 2024,22:00,623,41,Cancelled
O002889,C01926,R0087,01-02-2024,12:00,1407,59,
O002890,C02427,R0003,2024-01-01,18:00,666,82,
O002891,C02429,R0492,2024-01-01,18:00,731,70,
O002892,C00844,R0165,,18:00,1193,63,delivered
O002893,C00360,R0223,01-02-2024,12:00,74,96,Delivered
O002894,C02224,R0349,2024-01-01,12:00,1745,3,Delivered
O002895,C00485,R0297,01-02-2024,22:00,1126,20,delivered
O002896,C01429,R0404,2024-01-01,22:00,1858,83,Delivered
O002897,C02081,R0451,,22:00,25,71,
O002898,C01489,R0343,2024-01-01,13:00,894,19,Delivered
O002899,C00696,R0424,01-02-2024,12:00,1390,19,Cancelled
O002900,C02205,R0341,01-02-2024,,1751,89,delivered
O002901,C00565,R0461,,18:00,98,37,delivered
O002902,C01832,R0392,March 3 2024,18:00,1122,16,Delivered
O002903,C00202,R0389,01-02-2024,13:00,586,83,delivered
O002904,C01199,R0025,March 3 2024,13:00,1376,4,Delivered
O002905,C01268,R0039,01-02-2024,18:00,681,33,Delivered
O002906,C02971,R0421,,12:00,840,37,Cancelled
O002907,C01470,R0381,2024-01-01,18:00,717,103,Cancelled
O002908,C00074,R0105,March 3 2024,18:00,1970,114,Delivered
O002909,C00096,R0005,2024-01-01,,536,3,delivered
O002910,C01897,R0136,,13:00,610,43,delivered
O002911,C00173,R0492,,13:00,1158,81,Cancelled
O002912,C01923,R0004,,22:00,821,113,Delivered
O002913,C02203,R0169,01-02-2024,13:00,1576,50,Delivered
O002914,C02337,R0316,01-02-2024,,18,7,Cancelled
O002915,C00258,R0310,01-02-2024,,963,75,Delivered
O002916,C02222,R0406,01-02-2024,18:00,159,46,Cancelled
O002917,C00330,R0078,March 3 2024,,655,74,Delivered
O002918,C01255,R0019,,22:00,-95,4,delivered
O002919,C02807,R0205,March 3 2024,18:00,-35,95,Cancelled
O002920,C00161,R0355,01-02-2024,12:00,1069,47,Delivered
O002921,C00186,R0324,2024-01-01,12:00,-72,119,Delivered
O002922,C00143,R0033,March 3 2024,13:00,1566,3,Cancelled
O002923,C02955,R0150,2024-01-01,22:00,559,10,
O002924,C00640,R0193,01-02-2024,,799,34,
O002925,C02075,R0139,March 3 2024,20:00,803,23,Delivered
O002926,C00202,R0272,March 3 2024,12:00,260,106,Delivered
O002927,C01615,R0196,March 3 2024,,1518,60,Delivered
O002928,C02718,R0127,2024-01-01,12:00,1847,68,
O002929,C00472,R0349,01-02-2024,12:00,1973,1,Cancelled
O002930,C02307,R0231,,12:00,1012,112,
O002931,C02103,R0044,,13:00,76,-4,delivered
O002932,C00911,R0230,01-02-2024,22:00,1974,58,
O002933,C01572,R0216,March 3 2024,12:00,1212,100,
O002934,C01030,R0244,,,474,92,Delivered
O002935,C02602,R0009,March 3 2024,,430,106,Cancelled
O002936,C01074,R0250,01-02-2024,13:00,392,87,Cancelled
O002937,C02160,R0200,2024-01-01,22:00,1161,14,
O002938,C02194,R0334,March 3 2024,22:00,1060,55,Delivered
O002939,C00230,R0079,2024-01-01,20:00,1086,40,Cancelled
O002940,C01747,R0245,2024-01-01,18:00,746,109,Delivered
O002941,C02545,R0190,01-02-2024,12:00,192,114,
O002942,C01330,R0086,01-02-2024,13:00,951,114,Cancelled
O002943,C00461,R0485,2024-01-01,22:00,155,36,delivered
O002944,C00807,R0271,2024-01-01,20:00,804,-1,
O002945,C01932,R0262,,18:00,1675,88,
O002946,C02274,R0001,,22:00,1678,30,delivered
O002947,C00059,R0020,01-02-2024,22:00,564,44,
O002948,C01100,R0489,March 3 2024,12:00,164,107,delivered
O002949,C02476,R0420,2024-01-01,18:00,1880,104,delivered
O002950,C00728,R0130,March 3 2024,18:00,1487,32,
O002951,C01156,R0326,2024-01-01,13:00,300,21,delivered
O002952,C02980,R0258,01-02-2024,20:00,676,104,delivered
O002953,C00498,R0131,March 3 2024,,1114,60,
O002954,C02864,R0007,01-02-2024,13:00,1047,15,
O002955,C00910,R0340,2024-01-01,20:00,1354,47,delivered
O002956,C01329,R0241,01-02-2024,13:00,773,65,Delivered
O002957,C02115,R0192,March 3 2024,20:00,1468,103,
O002958,C00230,R0425,,,273,79,
O002959,C02470,R0310,01-02-2024,12:00,1094,91,Delivered
O002960,C00333,R0297,March 3 2024,20:00,761,-5,
O002961,C02325,R0115,01-02-2024,,200,73,Delivered
O002962,C01897,R0389,01-02-2024,13:00,1419,48,Cancelled
O002963,C01608,R0473,,18:00,1957,56,
O002964,C00721,R0102,March 3 2024,22:00,25,4,
O002965,C02192,R0338,March 3 2024,,282,52,Cancelled
O002966,C01275,R0319,March 3 2024,,349,39,
O002967,C00691,R0001,2024-01-01,,422,85,delivered
O002968,C00057,R0025,01-02-2024,20:00,1754,10,delivered
O002969,C02356,R0209,,20:00,909,-10,Cancelled
O002970,C02222,R0430,March 3 2024,18:00,841,115,delivered
O002971,C01486,R0143,,12:00,172,0,Cancelled
O002972,C00750,R0197,2024-01-01,13:00,1912,97,delivered
O002973,C00678,R0145,2024-01-01,12:00,401,91,
O002974,C00560,R0149,,20:00,1150,77,delivered
O002975,C01663,R0181,March 3 2024,20:00,1714,102,
O002976,C01705,R0055,,,1506,89,delivered
O002977,C01979,R0471,March 3 2024,,1096,118,Cancelled
O002978,C00349,R0363,March 3 2024,12:00,956,54,delivered
O002979,C01091,R0138,2024-01-01,13:00,712,53,
O002980,C02378,R0209,,20:00,1806,6,Cancelled
O002981,C02242,R0185,2024-01-01,20:00,1778,114,delivered
O002982,C01179,R0065,01-02-2024,12:00,440,-1,Delivered
O002983,C01720,R0037,2024-01-01,22:00,417,55,Delivered
O002984,C02314,R0112,March 3 2024,,834,21,Cancelled
O002985,C02216,R0263,,18:00,32,5,Delivered
O002986,C02193,R0076,01-02-2024,20:00,323,101,Delivered
O002987,C02234,R0296,01-02-2024,13:00,757,15,delivered
O002988,C00886,R0178,01-02-2024,22:00,-19,93,delivered
O002989,C00865,R0254,01-02-2024,12:00,1652,63,
O002990,C02822,R0001,,12:00,815,89,delivered
O002991,C00786,R0148,March 3 2024,13:00,1566,83,Cancelled
O002992,C00457,R0364,01-02-2024,,1763,-6,
O002993,C00345,R0159,March 3 2024,,265,-4,
O002994,C02783,R0324,2024-01-01,22:00,1748,54,delivered
O002995,C00554,R0474,March 3 2024,13:00,1016,1,
O002996,C01021,R0268,01-02-2024,20:00,225,14,
O002997,C00788,R0150,2024-01-01,22:00,1430,-1,delivered
O002998,C01820,R0129,2024-01-01,18:00,1249,22,Cancelled
O002999,C02984,R0126,2024-01-01,18:00,970,92,delivered
O003000,C00705,R0001,01-02-2024,13:00,1653,5,Delivered
O003001,C01128,R0387,March 3 2024,18:00,1150,61,
O003002,C02295,R0117,,13:00,1320,22,delivered
O003003,C00812,R0460,March 3 2024,20:00,1675,24,Cancelled
O003004,C00953,R0149,01-02-2024,,825,91,Cancelled
O003005,C00815,R0269,01-02-2024,20:00,69,65,
O003006,C01549,R0189,2024-01-01,13:00,1288,68,Delivered
O003007,C00144,R0141,March 3 2024,20:00,1155,6,delivered
O003008,C02778,R0105,01-02-2024,18:00,519,16,Delivered
O003009,C00863,R0466,01-02-2024,20:00,1156,103,delivered
O003010,C01217,R0252,,18:00,581,10,Cancelled
O003011,C02513,R0417,March 3 2024,,1984,6,Cancelled
O003012,C01808,R0390,2024-01-01,,1325,65,
O003013,C00375,R0281,2024-01-01,18:00,910,33,Delivered
O003014,C00677,R0407,2024-01-01,12:00,325,17,Cancelled
O003015,C02740,R0344,March 3 2024,20:00,1828,14,
O003016,C02677,R0101,01-02-2024,20:00,116,36,Cancelled
O003017,C01290,R0282,01-02-2024,13:00,509,90,delivered
O003018,C00556,R0388,,13:00,257,12,Delivered
O003019,C00863,R0358,,22:00,85,64,Delivered
O003020,C02122,R0163,01-02-2024,18:00,624,39,delivered
O003021,C02486,R0497,01-02-2024,,769,54,delivered
O003022,C00881,R0203,March 3 2024,,723,5,Delivered
O003023,C02274,R0100,,12:00,1667,113,
O003024,C01843,R0281,2024-01-01,18:00,1877,39,
O003025,C02356,R0404,2024-01-01,20:00,578,2,Cancelled
O003026,C00966,R0257,2024-01-01,22:00,1084,69,
O003027,C02396,R0094,2024-01-01,18:00,183,24,Delivered
O003028,C00476,R0324,01-02-2024,22:00,83,103,
O003029,C01339,R0279,01-02-2024,18:00,1519,21,delivered
O003030,C00525,R0227,March 3 2024,20:00,130,76,Delivered
O003031,C01449,R0362,2024-01-01,20:00,634,98,Cancelled
O003032,C02572,R0150,01-02-2024,18:00,57,55,Delivered
O003033,C00562,R0351,01-02-2024,,1241,84,Delivered
O003034,C00569,R0062,01-02-2024,,1108,86,
O003035,C01206,R0129,2024-01-01,12:00,975,36,
O003036,C00106,R0187,01-02-2024,20:00,926,107,
O003037,C02239,R0068,,13:00,1570,24,Cancelled
O003038,C01161,R0403,2024-01-01,12:00,1761,89,Cancelled
O003039,C00700,R0030,2024-01-01,18:00,939,53,Cancelled
O003040,C01144,R0385,,12:00,803,1,Cancelled
O003041,C02879,R0304,March 3 2024,13:00,788,109,delivered
O003042,C00072,R0275,March 3 2024,20:00,1190,33,Delivered
O003043,C00755,R0127,2024-01-01,20:00,1229,0,
O003044,C02505,R0436,2024-01-01,,929,78,Delivered
O003045,C00905,R0213,2024-01-01,20:00,1033,35,Delivered
O003046,C02527,R0406,,,42,48,Delivered
O003047,C00052,R0306,01-02-2024,13:00,1830,88,
O003048,C01004,R0450,,12:00,1590,41,Delivered
O003049,C02622,R0134,01-02-2024,18:00,106,37,delivered
O003050,C01288,R0448,01-02-2024,18:00,65,67,
O003051,C01263,R0405,March 3 2024,12:00,1897,91,delivered
O003052,C02941,R0481,,20:00,293,21,
O003053,C02303,R0403,,,20,79,Delivered
O003054,C00685,R0219,2024-01-01,18:00,312,65,Delivered
O003055,C01773,R0421,,20:00,1875,22,Delivered
O003056,C01631,R0319,01-02-2024,22:00,320,93,delivered
O003057,C02105,R0157,01-02-2024,22:00,1629,42,Delivered
O003058,C00950,R0188,,18:00,167,97,Cancelled
O003059,C02654,R0476,March 3 2024,12:00,1985,31,delivered
O003060,C01674,R0162,March 3 2024,12:00,1677,25,Cancelled
O003061,C02417,R0129,2024-01-01,12:00,98,14,
O003062,C02280,R0304,2024-01-01,20:00,-96,104,Cancelled
O003063,C01426,R0089,01-02-2024,22:00,1355,75,Cancelled
O003064,C02956,R0383,,20:00,888,-2,delivered
O003065,C01585,R0405,01-02-2024,13:00,1294,96,
O003066,C01047,R0162,01-02-2024,13:00,794,58,Cancelled
O003067,C02622,R0410,,18:00,1790,59,Delivered
O003068,C01291,R0036,01-02-2024,13:00,1831,118,Delivered
O003069,C02889,R0227,01-02-2024,12:00,549,20,
O003070,C02166,R0151,March 3 2024,18:00,1728,117,Cancelled
O003071,C01624,R0081,2024-01-01,22:00,478,91,delivered
O003072,C01177,R0047,March 3 2024,,-54,105,
O003073,C02316,R0490,2024-01-01,22:00,264,-7,
O003074,C02161,R0204,2024-01-01,13:00,-28,111,
O003075,C02214,R0428,2024-01-01,13:00,1182,51,
O003076,C02716,R0148,March 3 2024,22:00,1922,60,Delivered
O003077,C01032,R0231,,13:00,1977,81,delivered
O003078,C02762,R0027,01-02-2024,13:00,926,45,Delivered
O003079,C00431,R0490,,20:00,1444,56,
O003080,C01316,R0189,,,1443,52,delivered
O003081,C00893,R0165,2024-01-01,,420,30,Delivered
O003082,C01074,R0212,2024-01-01,22:00,300,54,Cancelled
O003083,C00107,R0308,March 3 2024,22:00,1587,86,Cancelled
O003084,C00745,R0075,March 3 2024,13:00,1891,25,
O003085,C02748,R0092,01-02-2024,12:00,1936,3,Cancelled
O003086,C01480,R0062,,20:00,553,36,delivered
O003087,C02371,R0066,,12:00,849,69,
O003088,C02357,R0408,01-02-2024,13:00,747,3,Cancelled
O003089,C02898,R0080,2024-01-01,22:00,1395,68,delivered
O003090,C00622,R0140,March 3 2024,12:00,834,105,Delivered
O003091,C00995,R0400,01-02-2024,,1295,-10,Delivered
O003092,C00145,R0420,,18:00,438,8,delivered
O003093,C02788,R0130,01-02-2024,12:00,-30,110,Cancelled
O003094,C00821,R0473,01-02-2024,22:00,1405,47,delivered
O003095,C00412,R0254,,,1654,66,delivered
O003096,C00114,R0446,,13:00,1725,104,delivered
O003097,C02623,R0320,March 3 2024,12:00,155,53,Delivered
O003098,C02447,R0029,March 3 2024,13:00,801,7,Delivered
O003099,C00124,R0476,,20:00,569,39,Delivered
O003100,C00086,R0202,March 3 2024,18:00,1783,57,Cancelled
O003101,C00047,R0237,March 3 2024,22:00,39,80,
O003102,C01900,R0087,March 3 2024,22:00,1346,5,Delivered
O003103,C02992,R0096,,13:00,-37,67,Delivered
O003104,C01573,R0287,2024-01-01,18:00,1194,45,delivered
O003105,C01739,R0339,2024-01-01,,1621,3,Cancelled
O003106,C02006,R0399,March 3 2024,22:00,767,98,delivered
O003107,C00804,R0439,2024-01-01,12:00,412,59,delivered
O003108,C02437,R0289,March 3 2024,22:00,930,51,delivered
O003109,C02624,R0252,2024-01-01,12:00,1316,32,delivered
O003110,C01990,R0465,2024-01-01,22:00,1994,46,Delivered
O003111,C02680,R0180,01-02-2024,12:00,767,91,Cancelled
O003112,C02762,R0100,March 3 2024,20:00,677,64,Delivered
O003113,C01070,R0404,2024-01-01,13:00,925,40,
O003114,C01192,R0073,2024-01-01,,258,56,delivered
O003115,C02670,R0422,01-02-2024,,1400,118,Delivered
O003116,C00046,R0131,2024-01-01,20:00,1838,69,Cancelled
O003117,C02772,R0182,01-02-2024,,1345,49,
O003118,C00540,R0194,2024-01-01,12:00,714,-8,Delivered
O003119,C00087,R0018,01-02-2024,,495,61,Delivered
O003120,C02851,R0471,01-02-2024,13:00,870,103,
O003121,C01409,R0126,,18:00,126,69,Cancelled
O003122,C00265,R0211,March 3 2024,12:00,716,100,
O003123,C00703,R0007,,,1890,43,
O003124,C01474,R0419,March 3 2024,22:00,1741,-9,delivered
O003125,C02280,R0380,2024-01-01,22:00,1964,18,delivered
O003126,C00186,R0114,March 3 2024,18:00,1812,5,
O003127,C00326,R0340,,20:00,1437,84,delivered
O003128,C01207,R0084,March 3 2024,12:00,1369,48,Cancelled
O003129,C00397,R0339,,22:00,1264,13,Delivered
O003130,C01505,R0361,March 3 2024,13:00,984,72,
O003131,C01427,R0464,2024-01-01,18:00,166,63,delivered
O003132,C01441,R0102,2024-01-01,20:00,1020,85,Cancelled
O003133,C01089,R0469,March 3 2024,20:00,1206,76,Cancelled
O003134,C00956,R0093,March 3 2024,13:00,1170,86,Cancelled
O003135,C00555,R0492,2024-01-01,,-66,83,
O003136,C02781,R0316,March 3 2024,13:00,685,83,delivered
O003137,C01041,R0102,01-02-2024,,-33,60,Cancelled
O003138,C02845,R0493,2024-01-01,18:00,88,42,delivered
O003139,C02439,R0251,2024-01-01,13:00,-60,103,Delivered
O003140,C00044,R0024,,22:00,507,118,Cancelled
O003141,C00901,R0485,,20:00,582,83,Cancelled
O003142,C01724,R0477,01-02-2024,,844,87,delivered
O003143,C00482,R0479,March 3 2024,13:00,846,107,delivered
O003144,C02037,R0365,01-02-2024,12:00,1231,23,delivered
O003145,C01287,R0500,March 3 2024,13:00,752,50,Delivered
O003146,C01198,R0167,,,873,91,
O003147,C01465,R0140,March 3 2024,20:00,656,50,delivered
O003148,C00566,R0094,,22:00,1594,-3,Cancelled
O003149,C02268,R0181,2024-01-01,13:00,1207,43,Delivered
O003150,C00772,R0064,2024-01-01,22:00,1542,35,delivered
O003151,C01219,R0004,March 3 2024,12:00,1869,107,delivered
O003152,C02457,R0094,,,1271,82,Cancelled
O003153,C00471,R0389,01-02-2024,20:00,1118,20,Cancelled
O003154,C01371,R0272,,18:00,1703,11,delivered
O003155,C02214,R0283,,20:00,383,46,Delivered
O003156,C00672,R0132,,,1907,93,delivered
O003157,C01175,R0072,2024-01-01,18:00,487,6,
O003158,C00111,R0304,,18:00,1271,78,Delivered
O003159,C02597,R0392,March 3 2024,20:00,1021,90,Cancelled
O003160,C01027,R0081,2024-01-01,,181,56,Cancelled
O003161,C00344,R0174,2024-01-01,18:00,529,45,Delivered
O003162,C01473,R0300,2024-01-01,,122,13,Delivered
O003163,C02380,R0451,,22:00,-21,14,Cancelled
O003164,C02312,R0475,01-02-2024,12:00,725,103,
O003165,C02131,R0052,,13:00,1251,-1,Delivered
O003166,C00777,R0290,,,925,25,Cancelled
O003167,C02972,R0446,01-02-2024,,1126,114,delivered
O003168,C02382,R0237,,18:00,736,107,Delivered
O003169,C01404,R0277,March 3 2024,,1943,47,
O003170,C00658,R0491,01-02-2024,,1364,72,Delivered
O003171,C01834,R0280,March 3 2024,18:00,354,71,
O003172,C01833,R0044,March 3 2024,20:00,1710,12,Cancelled
O003173,C00454,R0370,2024-01-01,,1966,39,Delivered
O003174,C02721,R0254,2024-01-01,22:00,1803,78,Delivered
O003175,C00741,R0425,01-02-2024,13:00,878,32,
O003176,C01770,R0413,,,332,85,
O003177,C02381,R0359,March 3 2024,18:00,1352,102,delivered
O003178,C02358,R0134,,22:00,151,103,
O003179,C02775,R0056,March 3 2024,13:00,1923,71,Cancelled
O003180,C01444,R0014,2024-01-01,20:00,695,85,Delivered
O003181,C01749,R0178,2024-01-01,,1746,35,
O003182,C02402,R0462,2024-01-01,18:00,120,93,delivered
O003183,C00824,R0101,01-02-2024,20:00,459,4,delivered
O003184,C00145,R0180,March 3 2024,,981,38,
O003185,C02007,R0472,,20:00,1641,64,delivered
O003186,C01068,R0461,March 3 2024,18:00,679,-5,Delivered
O003187,C01787,R0257,,22:00,535,44,Cancelled
O003188,C01410,R0268,,22:00,939,72,delivered
O003189,C01763,R0371,,20:00,1972,65,
O003190,C00910,R0362,March 3 2024,20:00,1324,4,
O003191,C00761,R0408,2024-01-01,,1703,0,Delivered
O003192,C02543,R0037,01-02-2024,12:00,1288,116,Cancelled
O003193,C01517,R0468,01-02-2024,13:00,1482,109,
O003194,C02690,R0454,2024-01-01,,1972,63,Cancelled
O003195,C00531,R0204,01-02-2024,20:00,357,40,delivered
O003196,C01360,R0469,,20:00,110,77,Delivered
O003197,C02028,R0259,01-02-2024,13:00,962,89,delivered
O003198,C02561,R0155,March 3 2024,18:00,576,54,Cancelled
O003199,C02178,R0238,2024-01-01,22:00,1313,6,
O003200,C01008,R0309,2024-01-01,18:00,805,27,
O003201,C01538,R0100,2024-01-01,13:00,1191,107,Delivered
O003202,C01274,R0273,2024-01-01,13:00,1417,113,delivered
O003203,C02782,R0113,March 3 2024,12:00,1553,26,Cancelled
O003204,C00947,R0110,,,989,75,
O003205,C01162,R0143,,,1310,100,
O003206,C01299,R0167,,,11,0,Delivered
O003207,C01002,R0260,01-02-2024,,1410,67,Delivered
O003208,C02512,R0145,,12:00,1844,102,delivered
O003209,C02189,R0230,01-02-2024,22:00,312,41,
O003210,C01968,R0395,March 3 2024,,859,58,delivered
O003211,C00882,R0268,01-02-2024,20:00,85,60,Cancelled
O003212,C01848,R0495,,13:00,1476,4,delivered
O003213,C02504,R0032,2024-01-01,12:00,-50,71,Delivered
O003214,C01976,R0411,March 3 2024,18:00,1069,-10,delivered
O003215,C02482,R0428,,,254,-1,Delivered
O003216,C01631,R0299,,12:00,1207,107,
O003217,C00173,R0219,,18:00,-65,31,Cancelled
O003218,C00473,R0177,March 3 2024,12:00,176,83,
O003219,C01447,R0104,2024-01-01,18:00,1619,103,delivered
O003220,C02965,R0236,2024-01-01,12:00,1248,30,
O003221,C02487,R0093,2024-01-01,12:00,1735,115,Delivered
O003222,C00498,R0201,,,788,113,
O003223,C02217,R0299,01-02-2024,22:00,303,1,Cancelled
O003224,C00989,R0387,,20:00,413,115,Delivered
O003225,C01606,R0231,2024-01-01,13:00,1169,87,Cancelled
O003226,C02609,R0413,March 3 2024,20:00,969,95,delivered
O003227,C02476,R0255,01-02-2024,22:00,1072,103,Cancelled
O003228,C00419,R0085,01-02-2024,,1950,102,Delivered
O003229,C01371,R0035,,18:00,932,47,Delivered
O003230,C02503,R0117,March 3 2024,20:00,413,103,Cancelled
O003231,C00714,R0176,01-02-2024,13:00,189,99,
O003232,C02250,R0458,2024-01-01,,-18,0,delivered
O003233,C00179,R0471,,13:00,1784,116,Delivered
O003234,C02105,R0423,,18:00,1483,72,delivered
O003235,C01930,R0473,2024-01-01,13:00,1569,29,
O003236,C00946,R0408,2024-01-01,22:00,1735,103,Cancelled
O003237,C02019,R0276,2024-01-01,20:00,849,83,Cancelled
O003238,C02549,R0399,01-02-2024,13:00,1215,88,Delivered
O003239,C00739,R0085,March 3 2024,20:00,547,57,Delivered
O003240,C01957,R0117,01-02-2024,12:00,165,-6,delivered
O003241,C00112,R0362,March 3 2024,20:00,760,114,
O003242,C00715,R0204,,18:00,-82,20,Cancelled
O003243,C01402,R0146,March 3 2024,22:00,270,14,delivered
O003244,C02925,R0444,2024-01-01,,1750,91,delivered
O003245,C01939,R0215,01-02-2024,13:00,518,70,delivered
O003246,C01382,R0105,2024-01-01,,542,68,
O003247,C00813,R0349,,22:00,1445,108,Cancelled
O003248,C00054,R0297,01-02-2024,20:00,1634,96,Cancelled
O003249,C01209,R0356,01-02-2024,13:00,716,-4,
O003250,C00037,R0069,2024-01-01,22:00,1730,92,
O003251,C01829,R0487,01-02-2024,18:00,763,40,delivered
O003252,C02911,R0474,2024-01-01,12:00,103,44,delivered
O003253,C02780,R0255,March 3 2024,12:00,1830,27,delivered
O003254,C01252,R0231,,18:00,1428,45,
O003255,C00810,R0203,2024-01-01,,428,81,Cancelled
O003256,C00023,R0362,,12:00,238,61,Cancelled
O003257,C01527,R0395,01-02-2024,18:00,1874,66,Cancelled
O003258,C00796,R0248,,20:00,1432,35,delivered
O003259,C00496,R0440,,,979,26,Cancelled
O003260,C00900,R0402,,,455,-8,delivered
O003261,C00425,R0396,01-02-2024,18:00,830,67,
O003262,C02748,R0249,March 3 2024,12:00,1053,66,Delivered
O003263,C02066,R0144,March 3 2024,20:00,-3,39,
O003264,C01983,R0283,March 3 2024,,692,96,delivered
O003265,C01469,R0356,2024-01-01,18:00,-21,20,Cancelled
O003266,C02675,R0401,2024-01-01,18:00,187,-4,Delivered
O003267,C01234,R0241,01-02-2024,,1669,46,Delivered
O003268,C01798,R0341,March 3 2024,,-30,25,Delivered
O003269,C02259,R0375,,20:00,162,75,
O003270,C00565,R0229,March 3 2024,,611,13,Delivered
O003271,C01430,R0031,2024-01-01,13:00,684,13,delivered
O003272,C01305,R0109,01-02-2024,12:00,109,45,delivered
O003273,C01857,R0419,March 3 2024,,214,66,
O003274,C00133,R0027,2024-01-01,13:00,1958,113,Cancelled
O003275,C00449,R0343,2024-01-01,20:00,974,17,Cancelled
O003276,C02312,R0160,,20:00,930,66,
O003277,C01831,R0017,March 3 2024,22:00,1846,67,Cancelled
O003278,C02159,R0267,,22:00,854,85,Cancelled
O003279,C00850,R0129,March 3 2024,20:00,1472,34,Delivered
O003280,C01262,R0220,01-02-2024,22:00,160,58,
O003281,C01481,R0082,March 3 2024,18:00,1435,88,
O003282,C00901,R0049,,13:00,99,109,Cancelled
O003283,C00759,R0041,,20:00,-11,57,Cancelled
O003284,C01540,R0020,2024-01-01,18:00,490,67,
O003285,C01900,R0327,March 3 2024,12:00,1835,64,delivered
O003286,C02909,R0037,March 3 2024,12:00,1144,72,
O003287,C02945,R0382,01-02-2024,22:00,-9,-9,Delivered
O003288,C00862,R0400,2024-01-01,22:00,1865,76,Cancelled
O003289,C01848,R0039,,18:00,-40,37,Delivered
O003290,C02241,R0109,March 3 2024,12:00,1795,54,
O003291,C00515,R0429,2024-01-01,,489,31,Cancelled
O003292,C02838,R0064,01-02-2024,20:00,135,48,
O003293,C00968,R0175,2024-01-01,,1980,70,
O003294,C01592,R0279,March 3 2024,13:00,685,8,Delivered
O003295,C00084,R0032,March 3 2024,22:00,997,97,Delivered
O003296,C00798,R0433,01-02-2024,18:00,-80,50,delivered
O003297,C02128,R0209,01-02-2024,,1788,109,Cancelled
O003298,C01602,R0379,01-02-2024,22:00,1077,119,
O003299,C00522,R0019,,18:00,1177,68,Cancelled
O003300,C01223,R0106,2024-01-01,12:00,1130,8,Delivered
O003301,C01595,R0482,2024-01-01,22:00,201,86,Cancelled
O003302,C00234,R0206,2024-01-01,,672,59,delivered
O003303,C01843,R0247,,18:00,967,83,
O003304,C02292,R0323,2024-01-01,18:00,318,113,
O003305,C01417,R0167,01-02-2024,,1440,56,
O003306,C01590,R0089,2024-01-01,22:00,-39,28,Delivered
O003307,C01470,R0316,,13:00,757,118,
O003308,C02897,R0011,,20:00,437,98,Delivered
O003309,C00393,R0049,2024-01-01,12:00,1240,40,delivered
O003310,C00009,R0399,,,1358,92,
O003311,C00613,R0384,,,1760,70,Cancelled
O003312,C01944,R0467,2024-01-01,22:00,595,95,Delivered
O003313,C02855,R0061,,22:00,717,40,Delivered
O003314,C00715,R0171,,13:00,1304,17,Cancelled
O003315,C01928,R0143,2024-01-01,12:00,819,19,Cancelled
O003316,C00110,R0207,01-02-2024,22:00,874,-3,delivered
O003317,C00834,R0486,01-02-2024,13:00,441,30,Delivered
O003318,C00266,R0463,,,1611,48,delivered
O003319,C01397,R0201,March 3 2024,20:00,689,23,Cancelled
O003320,C02032,R0005,March 3 2024,18:00,1980,60,
O003321,C00976,R0211,2024-01-01,20:00,480,105,Cancelled
O003322,C01619,R0472,2024-01-01,20:00,1941,27,Cancelled
O003323,C00955,R0029,01-02-2024,20:00,251,98,delivered
O003324,C02955,R0190,March 3 2024,20:00,973,106,delivered
O003325,C01670,R0188,2024-01-01,18:00,1931,11,Cancelled
O003326,C01350,R0325,March 3 2024,,1177,10,delivered
O003327,C02720,R0255,March 3 2024,12:00,1599,36,Delivered
O003328,C01575,R0150,,12:00,172,39,delivered
O003329,C02224,R0013,,,1782,108,delivered
O003330,C02573,R0434,March 3 2024,13:00,149,100,
O003331,C03000,R0372,01-02-2024,13:00,1160,17,
O003332,C01059,R0497,2024-01-01,22:00,131,26,
O003333,C01958,R0431,2024-01-01,20:00,856,40,Delivered
O003334,C02553,R0366,01-02-2024,20:00,533,-3,delivered
O003335,C00849,R0157,,18:00,141,103,delivered
O003336,C00963,R0080,,20:00,994,8,
O003337,C01826,R0356,01-02-2024,18:00,923,19,Delivered
O003338,C02520,R0273,01-02-2024,22:00,1202,25,delivered
O003339,C02571,R0148,,13:00,118,105,delivered
O003340,C02928,R0206,March 3 2024,13:00,596,96,delivered
O003341,C02322,R0114,,22:00,206,23,delivered
O003342,C02102,R0006,March 3 2024,22:00,1923,21,Delivered
O003343,C00888,R0278,2024-01-01,,213,31,
O003344,C00745,R0232,2024-01-01,20:00,1652,108,
O003345,C02325,R0137,March 3 2024,13:00,1716,3,Delivered
O003346,C02931,R0160,March 3 2024,12:00,1328,103,delivered
O003347,C01442,R0344,,22:00,1302,83,delivered
O003348,C02680,R0289,01-02-2024,13:00,180,20,Delivered
O003349,C01249,R0205,March 3 2024,13:00,1560,-2,Delivered
O003350,C02618,R0483,2024-01-01,18:00,-66,89,Cancelled
O003351,C00176,R0326,,13:00,259,59,Delivered
O003352,C00566,R0305,2024-01-01,22:00,1613,13,delivered
O003353,C02819,R0360,,20:00,1834,87,Delivered
O003354,C01688,R0158,01-02-2024,13:00,307,54,
O003355,C01409,R0358,01-02-2024,12:00,1484,89,delivered
O003356,C00262,R0400,2024-01-01,22:00,479,39,Delivered
O003357,C00531,R0449,March 3 2024,20:00,505,9,Delivered
O003358,C01878,R0106,March 3 2024,,1307,48,Delivered
O003359,C01395,R0082,2024-01-01,20:00,1992,48,delivered
O003360,C01707,R0342,March 3 2024,22:00,36,79,Delivered
O003361,C02939,R0474,March 3 2024,,878,73,Delivered
O003362,C01221,R0270,2024-01-01,20:00,719,54,
O003363,C00948,R0440,2024-01-01,12:00,1384,66,Cancelled
O003364,C00585,R0421,01-02-2024,13:00,366,47,
O003365,C02863,R0049,2024-01-01,22:00,737,89,Cancelled
O003366,C01621,R0206,01-02-2024,13:00,874,112,
O003367,C02350,R0218,01-02-2024,13:00,522,33,Delivered
O003368,C01156,R0306,,20:00,1822,114,Delivered
O003369,C01752,R0164,March 3 2024,22:00,991,41,delivered
O003370,C02676,R0436,2024-01-01,13:00,1633,111,delivered
O003371,C02621,R0279,March 3 2024,18:00,1699,1,
O003372,C02577,R0322,,12:00,915,27,
O003373,C02082,R0231,2024-01-01,,1648,79,Cancelled
O003374,C00532,R0199,2024-01-01,20:00,584,93,delivered
O003375,C01232,R0487,,22:00,1356,78,
O003376,C01994,R0429,March 3 2024,22:00,268,1,Delivered
O003377,C01698,R0371,01-02-2024,20:00,250,78,
O003378,C01546,R0214,,13:00,1149,25,Cancelled
O003379,C01438,R0284,,20:00,1851,5,delivered
O003380,C00371,R0486,2024-01-01,22:00,417,102,delivered
O003381,C00409,R0276,01-02-2024,18:00,1244,52,Delivered
O003382,C01407,R0433,,13:00,-79,32,delivered
O003383,C01902,R0185,March 3 2024,,78,8,delivered
O003384,C01471,R0210,,20:00,1032,45,Cancelled
O003385,C00617,R0121,March 3 2024,22:00,1379,32,delivered
O003386,C00071,R0216,2024-01-01,,1490,37,
O003387,C00084,R0097,,22:00,1152,29,Delivered
O003388,C02257,R0443,March 3 2024,22:00,837,23,delivered
O003389,C00259,R0119,2024-01-01,18:00,430,99,
O003390,C01326,R0365,2024-01-01,13:00,1820,102,Delivered
O003391,C00932,R0282,2024-01-01,20:00,858,102,Delivered
O003392,C02330,R0403,,13:00,971,118,Cancelled
O003393,C00394,R0496,2024-01-01,22:00,1388,8,delivered
O003394,C02466,R0106,2024-01-01,18:00,571,-10,Delivered
O003395,C01335,R0397,March 3 2024,,1833,109,Delivered
O003396,C02907,R0458,2024-01-01,18:00,1196,77,Delivered
O003397,C01930,R0318,,22:00,1531,92,Delivered
O003398,C01721,R0382,01-02-2024,13:00,1916,73,Cancelled
O003399,C00626,R0142,2024-01-01,,953,17,Delivered
O003400,C01893,R0457,,13:00,1556,96,Delivered
O003401,C01837,R0395,2024-01-01,18:00,778,34,Cancelled
O003402,C00562,R0323,,,1299,13,Cancelled
O003403,C02880,R0488,2024-01-01,12:00,657,33,Cancelled
O003404,C01794,R0268,March 3 2024,18:00,86,119,Delivered
O003405,C00941,R0291,01-02-2024,,778,67,
O003406,C02110,R0487,01-02-2024,18:00,1372,51,
O003407,C01166,R0366,,20:00,572,-7,Delivered
O003408,C01866,R0167,,18:00,775,115,delivered
O003409,C02782,R0160,01-02-2024,12:00,17,20,delivered
O003410,C01892,R0231,March 3 2024,,981,48,delivered
O003411,C01640,R0014,March 3 2024,,770,-10,Cancelled
O003412,C01551,R0492,2024-01-01,18:00,605,58,delivered
O003413,C00782,R0193,March 3 2024,13:00,385,3,delivered
O003414,C01695,R0155,01-02-2024,20:00,1477,12,Cancelled
O003415,C02587,R0101,01-02-2024,20:00,926,97,
O003416,C00597,R0060,March 3 2024,18:00,1867,103,Delivered
O003417,C02057,R0043,March 3 2024,20:00,1152,107,
O003418,C02324,R0193,01-02-2024,20:00,1152,108,Cancelled
O003419,C02275,R0311,01-02-2024,18:00,884,87,delivered
O003420,C02234,R0109,01-02-2024,12:00,242,34,delivered
O003421,C02639,R0093,01-02-2024,,1139,115,
O003422,C02481,R0216,01-02-2024,18:00,1566,46,Cancelled
O003423,C02617,R0465,March 3 2024,13:00,1037,53,Cancelled
O003424,C02704,R0163,March 3 2024,22:00,1626,-9,
O003425,C00356,R0351,2024-01-01,12:00,1678,-5,delivered
O003426,C02891,R0234,2024-01-01,18:00,193,97,Cancelled
O003427,C02041,R0416,,12:00,-73,50,
O003428,C00392,R0403,2024-01-01,22:00,1519,6,delivered
O003429,C00579,R0351,March 3 2024,20:00,1244,15,delivered
O003430,C01641,R0167,2024-01-01,20:00,472,65,delivered
O003431,C02468,R0148,2024-01-01,22:00,827,30,Delivered
O003432,C02009,R0028,March 3 2024,20:00,1678,99,Cancelled
O003433,C01724,R0259,01-02-2024,12:00,1670,88,Cancelled
O003434,C00164,R0416,March 3 2024,20:00,1334,88,delivered
O003435,C02827,R0086,March 3 2024,22:00,975,43,Delivered
O003436,C00638,R0108,,22:00,269,37,Cancelled
O003437,C02065,R0442,,,63,84,Cancelled
O003438,C02494,R0438,,22:00,1226,79,Delivered
O003439,C00170,R0426,01-02-2024,13:00,250,61,Cancelled
O003440,C00340,R0117,2024-01-01,12:00,1362,93,Cancelled
O003441,C00726,R0364,,22:00,100,41,
O003442,C01934,R0015,March 3 2024,,951,-10,Cancelled
O003443,C01035,R0486,,12:00,236,34,Delivered
O003444,C01646,R0211,March 3 2024,,186,107,Delivered
O003445,C00133,R0318,01-02-2024,13:00,954,29,delivered
O003446,C02949,R0031,,12:00,1695,0,
O003447,C02688,R0445,March 3 2024,18:00,1542,115,delivered
O003448,C00823,R0282,2024-01-01,13:00,1286,85,
O003449,C00954,R0453,01-02-2024,13:00,6,28,
O003450,C02127,R0185,March 3 2024,20:00,16,33,delivered
O003451,C00346,R0404,2024-01-01,22:00,1168,46,Cancelled
O003452,C00609,R0066,2024-01-01,13:00,640,30,
O003453,C00639,R0405,March 3 2024,12:00,-78,28,delivered
O003454,C01048,R0371,,18:00,260,11,delivered
O003455,C01495,R0316,2024-01-01,12:00,599,35,delivered
O003456,C01225,R0063,01-02-2024,12:00,1350,-8,delivered
O003457,C02179,R0435,2024-01-01,18:00,116,45,delivered
O003458,C02404,R0228,,,1589,56,Cancelled
O003459,C02992,R0476,01-02-2024,20:00,527,78,Delivered
O003460,C00150,R0468,01-02-2024,22:00,466,86,Cancelled
O003461,C01550,R0101,01-02-2024,13:00,1920,98,Delivered
O003462,C01328,R0423,March 3 2024,22:00,213,30,
O003463,C01565,R0356,2024-01-01,20:00,628,18,
O003464,C00050,R0139,,,373,92,delivered
O003465,C02512,R0119,March 3 2024,18:00,584,100,Cancelled
O003466,C01506,R0057,March 3 2024,22:00,505,98,delivered
O003467,C02503,R0131,01-02-2024,12:00,1142,0,Cancelled
O003468,C00335,R0037,March 3 2024,13:00,1487,84,
O003469,C01376,R0468,2024-01-01,13:00,1281,82,Cancelled
O003470,C00668,R0480,March 3 2024,,174,43,delivered
O003471,C01673,R0111,March 3 2024,20:00,1799,110,delivered
O003472,C02375,R0153,01-02-2024,20:00,651,-9,
O003473,C01016,R0405,01-02-2024,18:00,1482,89,Delivered
O003474,C00336,R0250,March 3 2024,20:00,1901,67,
O003475,C00666,R0242,01-02-2024,22:00,575,37,delivered
O003476,C02861,R0208,,13:00,609,57,
O003477,C00081,R0368,,18:00,822,33,Delivered
O003478,C02135,R0170,,20:00,307,117,delivered
O003479,C01800,R0257,March 3 2024,12:00,47,83,Delivered
O003480,C00258,R0279,2024-01-01,13:00,1009,72,Cancelled
O003481,C00991,R0363,2024-01-01,18:00,402,8,Cancelled
O003482,C00185,R0113,01-02-2024,13:00,1688,51,
O003483,C01716,R0408,2024-01-01,22:00,1390,56,delivered
O003484,C02746,R0175,2024-01-01,,1293,75,Cancelled
O003485,C00123,R0089,March 3 2024,20:00,4,73,delivered
O003486,C00605,R0135,01-02-2024,,1381,114,delivered
O003487,C02563,R0294,2024-01-01,20:00,1180,-4,delivered
O003488,C00904,R0495,,20:00,1516,118,Delivered
O003489,C01538,R0303,01-02-2024,12:00,1095,11,
O003490,C01982,R0359,01-02-2024,22:00,1196,46,Delivered
O003491,C01395,R0419,01-02-2024,12:00,658,83,delivered
O003492,C02353,R0206,,22:00,774,114,Cancelled
O003493,C01309,R0318,2024-01-01,22:00,11,62,Cancelled
O003494,C02705,R0073,,22:00,1970,16,Cancelled
O003495,C01866,R0259,01-02-2024,20:00,101,27,
O003496,C01942,R0358,01-02-2024,20:00,517,117,Delivered
O003497,C02310,R0148,March 3 2024,20:00,894,65,Delivered
O003498,C01598,R0489,March 3 2024,12:00,-76,86,
O003499,C00491,R0225,March 3 2024,18:00,556,69,Delivered
O003500,C02786,R0105,March 3 2024,,1431,87,
O003501,C01055,R0044,01-02-2024,22:00,1289,37,
O003502,C00702,R0416,,12:00,430,4,Cancelled
O003503,C02935,R0356,March 3 2024,20:00,1517,88,
O003504,C01292,R0026,,,-55,29,Cancelled
O003505,C02060,R0304,March 3 2024,20:00,958,19,Cancelled
O003506,C01215,R0261,2024-01-01,18:00,1458,101,Cancelled
O003507,C01424,R0059,March 3 2024,20:00,264,12,Delivered
O003508,C01561,R0061,,22:00,1269,-2,
O003509,C01942,R0305,March 3 2024,13:00,1272,24,delivered
O003510,C02139,R0414,2024-01-01,,248,38,Cancelled
O003511,C00600,R0401,,20:00,272,85,Cancelled
O003512,C01810,R0070,,18:00,1562,5,Delivered
O003513,C02349,R0442,,,884,21,Delivered
O003514,C01135,R0447,01-02-2024,13:00,886,14,Cancelled
O003515,C00080,R0445,,,1478,83,delivered
O003516,C00836,R0447,01-02-2024,22:00,1426,26,Delivered
O003517,C00652,R0271,2024-01-01,22:00,936,26,Delivered
O003518,C02481,R0257,,22:00,422,34,
O003519,C00417,R0397,,18:00,1889,25,Delivered
O003520,C01471,R0432,,13:00,1314,107,Delivered
O003521,C02066,R0384,2024-01-01,22:00,942,71,
O003522,C01078,R0418,01-02-2024,20:00,262,92,Cancelled
O003523,C01904,R0125,March 3 2024,13:00,-92,-10,
O003524,C00746,R0414,2024-01-01,22:00,1972,85,
O003525,C02003,R0019,2024-01-01,13:00,1229,81,Cancelled
O003526,C00240,R0119,2024-01-01,,1357,76,Cancelled
O003527,C02894,R0320,01-02-2024,20:00,1920,104,
O003528,C01945,R0066,01-02-2024,12:00,1345,21,delivered
O003529,C02466,R0245,01-02-2024,22:00,980,45,Delivered
O003530,C00856,R0057,01-02-2024,20:00,723,67,Delivered
O003531,C02647,R0044,01-02-2024,18:00,924,88,Delivered
O003532,C01797,R0012,,,-53,93,Cancelled
O003533,C01772,R0378,March 3 2024,22:00,1340,31,Delivered
O003534,C00420,R0424,March 3 2024,12:00,844,62,Cancelled
O003535,C02264,R0236,01-02-2024,,1876,49,Cancelled
O003536,C00709,R0024,01-02-2024,20:00,1883,30,delivered
O003537,C02599,R0395,,,254,-7,Delivered
O003538,C02251,R0450,01-02-2024,20:00,336,65,Cancelled
O003539,C01668,R0257,,13:00,599,-10,Delivered
O003540,C01354,R0442,,22:00,1817,3,Cancelled
O003541,C02036,R0284,2024-01-01,12:00,-11,86,
O003542,C02881,R0324,2024-01-01,18:00,268,31,Cancelled
O003543,C00680,R0361,01-02-2024,13:00,1092,111,Cancelled
O003544,C00487,R0251,,22:00,1286,37,Cancelled
O003545,C00623,R0094,01-02-2024,12:00,1796,7,
O003546,C01439,R0380,2024-01-01,13:00,603,78,delivered
O003547,C00219,R0443,2024-01-01,12:00,1453,65,Delivered
O003548,C02769,R0455,2024-01-01,,11,49,
O003549,C02429,R0380,2024-01-01,12:00,963,-2,Delivered
O003550,C02135,R0022,2024-01-01,13:00,1,16,
O003551,C01485,R0474,01-02-2024,13:00,1292,90,Cancelled
O003552,C02863,R0157,01-02-2024,22:00,1097,72,
O003553,C02459,R0089,2024-01-01,13:00,240,43,Delivered
O003554,C00691,R0202,01-02-2024,,819,75,Delivered
O003555,C02030,R0468,2024-01-01,22:00,1847,71,Delivered
O003556,C01013,R0462,2024-01-01,12:00,95,86,delivered
O003557,C02573,R0481,2024-01-01,13:00,1507,92,
O003558,C00447,R0197,01-02-2024,22:00,1105,29,Cancelled
O003559,C02348,R0045,01-02-2024,22:00,1724,53,
O003560,C02456,R0454,,18:00,1036,-9,delivered
O003561,C00375,R0470,01-02-2024,22:00,1598,19,Delivered
O003562,C02281,R0380,01-02-2024,22:00,1474,41,Delivered
O003563,C01923,R0401,March 3 2024,18:00,404,90,delivered
O003564,C00638,R0079,2024-01-01,20:00,1866,92,
O003565,C01771,R0039,2024-01-01,,1440,22,Cancelled
O003566,C02698,R0424,01-02-2024,13:00,1676,-2,Delivered
O003567,C00769,R0284,01-02-2024,18:00,1107,0,delivered
O003568,C02234,R0386,,22:00,1826,113,delivered
O003569,C02126,R0466,March 3 2024,22:00,1955,65,Cancelled
O003570,C01505,R0155,2024-01-01,13:00,1305,43,delivered
O003571,C00194,R0149,2024-01-01,,1913,64,delivered
O003572,C01400,R0343,01-02-2024,12:00,347,86,delivered
O003573,C02335,R0391,01-02-2024,18:00,1620,-6,Delivered
O003574,C01506,R0445,March 3 2024,20:00,1077,13,Delivered
O003575,C01747,R0052,2024-01-01,13:00,-67,20,
O003576,C00250,R0251,March 3 2024,13:00,396,95,Cancelled
O003577,C01225,R0432,2024-01-01,18:00,1969,33,delivered
O003578,C00536,R0382,01-02-2024,22:00,1303,13,delivered
O003579,C02348,R0147,March 3 2024,22:00,1502,107,Delivered
O003580,C01107,R0329,,20:00,1838,1,Delivered
O003581,C02857,R0396,01-02-2024,18:00,489,74,Delivered
O003582,C00458,R0494,,13:00,1474,104,Cancelled
O003583,C02739,R0350,,18:00,576,14,Delivered
O003584,C01388,R0455,,12:00,1022,106,delivered
O003585,C02766,R0258,2024-01-01,13:00,1942,61,delivered
O003586,C00040,R0273,,20:00,1908,18,delivered
O003587,C01540,R0459,2024-01-01,20:00,-100,14,
O003588,C02156,R0498,March 3 2024,13:00,1920,76,Cancelled
O003589,C00261,R0125,01-02-2024,22:00,838,89,delivered
O003590,C01642,R0204,2024-01-01,13:00,1179,71,delivered
O003591,C01248,R0256,2024-01-01,13:00,753,89,delivered
O003592,C02574,R0131,March 3 2024,12:00,-51,8,Delivered
O003593,C02758,R0021,March 3 2024,13:00,1455,101,delivered
O003594,C00126,R0078,01-02-2024,,1674,42,Delivered
O003595,C01230,R0335,March 3 2024,,-35,24,Delivered
O003596,C01307,R0051,2024-01-01,18:00,1174,102,Cancelled
O003597,C02102,R0362,01-02-2024,18:00,27,56,Cancelled
O003598,C02394,R0361,01-02-2024,20:00,87,40,delivered
O003599,C00136,R0266,01-02-2024,22:00,1106,94,Cancelled
O003600,C02378,R0116,,20:00,1506,32,Delivered
O003601,C01460,R0055,,12:00,477,24,Delivered
O003602,C00136,R0292,2024-01-01,13:00,661,4,delivered
O003603,C00813,R0051,,20:00,566,88,delivered
O003604,C00852,R0330,March 3 2024,13:00,832,58,delivered
O003605,C01745,R0273,01-02-2024,20:00,942,74,Delivered
O003606,C01939,R0254,2024-01-01,13:00,1870,19,Delivered
O003607,C00871,R0492,March 3 2024,20:00,-56,77,delivered
O003608,C02940,R0473,01-02-2024,,1145,35,delivered
O003609,C01473,R0061,March 3 2024,,517,49,Delivered
O003610,C00635,R0347,,,662,68,Cancelled
O003611,C01652,R0481,March 3 2024,18:00,1556,13,Delivered
O003612,C00669,R0459,,12:00,692,3,Cancelled
O003613,C01294,R0397,March 3 2024,20:00,1150,28,delivered
O003614,C00269,R0449,2024-01-01,18:00,37,-3,Delivered
O003615,C00861,R0351,,22:00,1250,69,delivered
O003616,C00482,R0225,,20:00,1817,70,delivered
O003617,C01262,R0469,01-02-2024,13:00,1059,30,delivered
O003618,C02333,R0336,,12:00,1977,24,
O003619,C00103,R0103,01-02-2024,18:00,1021,43,
O003620,C01454,R0471,,18:00,508,7,Delivered
O003621,C00792,R0458,,12:00,668,10,
O003622,C01678,R0048,,20:00,683,31,Delivered
O003623,C00239,R0225,,13:00,67,54,Cancelled
O003624,C02789,R0342,01-02-2024,22:00,583,103,Delivered
O003625,C02693,R0233,2024-01-01,20:00,-62,90,
O003626,C01589,R0070,March 3 2024,12:00,879,50,
O003627,C00882,R0047,,20:00,690,-1,Cancelled
O003628,C02655,R0228,,20:00,641,-4,Cancelled
O003629,C02236,R0495,2024-01-01,12:00,1374,24,Delivered
O003630,C00888,R0010,01-02-2024,12:00,1026,80,Delivered
O003631,C01280,R0185,March 3 2024,22:00,1650,31,delivered
O003632,C02180,R0080,2024-01-01,12:00,1,77,delivered
O003633,C00924,R0013,2024-01-01,12:00,1830,18,Delivered
O003634,C00794,R0499,2024-01-01,12:00,554,27,Cancelled
O003635,C02578,R0445,2024-01-01,18:00,1226,-9,Delivered
O003636,C00676,R0314,,12:00,651,14,delivered
O003637,C02440,R0340,March 3 2024,12:00,1440,27,Cancelled
O003638,C01682,R0324,,12:00,1132,48,delivered
O003639,C01492,R0084,2024-01-01,22:00,1885,95,Delivered
O003640,C01850,R0086,March 3 2024,20:00,758,-4,Delivered
O003641,C01277,R0157,2024-01-01,12:00,218,97,
O003642,C00672,R0144,01-02-2024,12:00,866,30,Delivered
O003643,C02909,R0491,2024-01-01,22:00,532,94,
O003644,C02514,R0063,2024-01-01,20:00,1013,83,
O003645,C00839,R0431,01-02-2024,22:00,849,13,
O003646,C02751,R0043,,,1900,25,
O003647,C01313,R0407,March 3 2024,13:00,1317,69,delivered
O003648,C01074,R0158,2024-01-01,13:00,1810,10,Delivered
O003649,C00004,R0185,2024-01-01,13:00,139,16,Delivered
O003650,C01655,R0286,01-02-2024,12:00,1642,44,Delivered
O003651,C02900,R0491,March 3 2024,22:00,18,74,
O003652,C01909,R0323,01-02-2024,12:00,495,106,delivered
O003653,C01894,R0440,2024-01-01,13:00,1915,48,delivered
O003654,C01923,R0024,,20:00,1174,63,
O003655,C01286,R0497,,20:00,62,23,
O003656,C00535,R0357,March 3 2024,,553,41,Delivered
O003657,C02951,R0205,2024-01-01,22:00,249,48,delivered
O003658,C01085,R0362,01-02-2024,,-70,46,Cancelled
O003659,C01380,R0224,2024-01-01,20:00,869,109,Cancelled
O003660,C00646,R0101,01-02-2024,13:00,747,26,Cancelled
O003661,C00024,R0204,01-02-2024,,691,21,Cancelled
O003662,C01317,R0008,March 3 2024,,408,9,
O003663,C00557,R0472,01-02-2024,,644,115,Delivered
O003664,C02739,R0172,March 3 2024,22:00,639,70,Cancelled
O003665,C00356,R0208,,22:00,1804,98,Delivered
O003666,C02008,R0096,March 3 2024,13:00,1938,41,Delivered
O003667,C00870,R0162,March 3 2024,13:00,136,77,delivered
O003668,C02989,R0291,March 3 2024,13:00,1906,74,Cancelled
O003669,C00575,R0096,,,1456,68,Delivered
O003670,C00029,R0306,March 3 2024,13:00,912,90,delivered
O003671,C02405,R0145,01-02-2024,22:00,974,49,
O003672,C00365,R0258,01-02-2024,20:00,1772,109,Delivered
O003673,C02656,R0474,March 3 2024,13:00,1746,115,Delivered
O003674,C00409,R0438,01-02-2024,18:00,368,1,delivered
O003675,C01315,R0300,March 3 2024,22:00,1815,91,Delivered
O003676,C02615,R0465,,12:00,287,101,
O003677,C01177,R0102,01-02-2024,20:00,1266,29,
O003678,C00219,R0177,March 3 2024,22:00,635,8,delivered
O003679,C02221,R0386,2024-01-01,13:00,553,76,Cancelled
O003680,C00608,R0328,,,1988,89,Delivered
O003681,C01036,R0110,2024-01-01,18:00,1409,69,Delivered
O003682,C01540,R0198,March 3 2024,12:00,852,-4,Cancelled
O003683,C00858,R0393,01-02-2024,20:00,1625,66,
O003684,C01603,R0129,March 3 2024,13:00,1480,44,Delivered
O003685,C02705,R0453,01-02-2024,22:00,281,80,delivered
O003686,C00969,R0359,March 3 2024,22:00,-5,55,delivered
O003687,C01501,R0137,March 3 2024,20:00,811,56,delivered
O003688,C01106,R0398,01-02-2024,18:00,686,87,Delivered
O003689,C01641,R0027,01-02-2024,,192,103,Cancelled
O003690,C01717,R0137,March 3 2024,13:00,240,2,Delivered
O003691,C02489,R0164,2024-01-01,20:00,618,10,Cancelled
O003692,C00617,R0349,,20:00,1273,73,Cancelled
O003693,C00226,R0468,2024-01-01,22:00,859,101,Delivered
O003694,C02419,R0463,2024-01-01,20:00,1814,115,
O003695,C00028,R0356,2024-01-01,12:00,868,67,Cancelled
O003696,C00995,R0131,2024-01-01,12:00,1839,75,Delivered
O003697,C00016,R0373,01-02-2024,13:00,1930,94,
O003698,C00333,R0151,2024-01-01,20:00,1474,65,
O003699,C00483,R0378,,22:00,404,102,Delivered
O003700,C00566,R0246,01-02-2024,,1769,20,Delivered
O003701,C02162,R0110,2024-01-01,13:00,1932,93,
O003702,C02086,R0073,01-02-2024,18:00,1782,57,Delivered
O003703,C00454,R0286,2024-01-01,22:00,1248,16,
O003704,C02790,R0275,2024-01-01,18:00,735,82,
O003705,C00166,R0358,,13:00,388,5,
O003706,C02742,R0067,01-02-2024,12:00,1331,100,delivered
O003707,C02253,R0050,01-02-2024,22:00,158,102,Delivered
O003708,C00878,R0304,March 3 2024,,1150,2,delivered
O003709,C00245,R0003,2024-01-01,22:00,1922,49,Delivered
O003710,C01895,R0226,2024-01-01,13:00,1517,68,Cancelled
O003711,C01357,R0066,,22:00,1314,109,delivered
O003712,C00943,R0155,,22:00,891,114,Delivered
O003713,C02869,R0471,01-02-2024,13:00,299,97,Delivered
O003714,C02555,R0362,,20:00,208,21,
O003715,C01953,R0480,01-02-2024,13:00,-97,44,Cancelled
O003716,C02972,R0111,2024-01-01,22:00,1096,15,Cancelled
O003717,C01283,R0483,2024-01-01,,1467,98,Delivered
O003718,C01746,R0296,01-02-2024,,1129,117,Cancelled
O003719,C00410,R0381,,13:00,1025,71,Cancelled
O003720,C02358,R0256,,22:00,1704,25,delivered
O003721,C02116,R0274,01-02-2024,18:00,1073,86,Cancelled
O003722,C02162,R0155,2024-01-01,18:00,1465,73,Cancelled
O003723,C02268,R0139,01-02-2024,12:00,818,48,
O003724,C02268,R0167,,13:00,423,-5,
O003725,C01497,R0019,01-02-2024,13:00,425,31,delivered
O003726,C02778,R0345,2024-01-01,18:00,1215,46,Delivered
O003727,C02797,R0391,March 3 2024,18:00,-77,62,
O003728,C02991,R0223,01-02-2024,18:00,1554,35,delivered
O003729,C00386,R0057,March 3 2024,,1513,101,Cancelled
O003730,C00930,R0386,01-02-2024,,141,77,delivered
O003731,C00405,R0294,,12:00,102,45,
O003732,C00492,R0133,,12:00,136,112,Cancelled
O003733,C00357,R0462,March 3 2024,20:00,850,15,delivered
O003734,C00215,R0338,01-02-2024,,193,39,
O003735,C01404,R0292,,13:00,1010,119,delivered
O003736,C00752,R0452,March 3 2024,12:00,109,95,Delivered
O003737,C00827,R0344,March 3 2024,22:00,687,97,Cancelled
O003738,C01238,R0205,01-02-2024,13:00,1532,-4,delivered
O003739,C01122,R0119,,20:00,309,69,delivered
O003740,C02576,R0253,March 3 2024,18:00,862,38,Cancelled
O003741,C02964,R0085,2024-01-01,20:00,1391,35,
O003742,C00666,R0185,2024-01-01,13:00,357,54,delivered
O003743,C02758,R0225,,18:00,1731,-9,
O003744,C02029,R0148,,20:00,1828,68,Delivered
O003745,C02583,R0389,2024-01-01,20:00,285,53,Cancelled
O003746,C00554,R0280,March 3 2024,13:00,1335,89,
O003747,C01573,R0227,01-02-2024,12:00,427,49,
O003748,C00328,R0286,March 3 2024,22:00,1311,78,
O003749,C02950,R0284,,20:00,889,4,Delivered
O003750,C01189,R0181,,22:00,1,-5,Cancelled
O003751,C00150,R0435,01-02-2024,,1512,34,
O003752,C01056,R0109,March 3 2024,,289,65,
O003753,C00657,R0135,01-02-2024,13:00,1125,95,Delivered
O003754,C02854,R0426,March 3 2024,13:00,1315,55,Cancelled
O003755,C01937,R0291,March 3 2024,12:00,740,118,delivered
O003756,C00293,R0375,2024-01-01,18:00,1277,81,Cancelled
O003757,C02967,R0478,March 3 2024,22:00,1516,19,delivered
O003758,C02737,R0290,,20:00,1679,-1,Delivered
O003759,C00957,R0103,,18:00,134,98,delivered
O003760,C01085,R0201,,,13,18,Delivered
O003761,C01613,R0117,2024-01-01,,1883,58,delivered
O003762,C00416,R0332,01-02-2024,22:00,708,25,Delivered
O003763,C02646,R0310,,22:00,963,-2,Cancelled
O003764,C02055,R0029,,18:00,310,7,Cancelled
O003765,C00918,R0394,01-02-2024,18:00,1218,34,delivered
O003766,C00085,R0027,2024-01-01,12:00,1488,68,Cancelled
O003767,C02822,R0467,March 3 2024,20:00,707,76,delivered
O003768,C00957,R0013,01-02-2024,20:00,1487,110,Delivered
O003769,C01422,R0042,March 3 2024,20:00,960,119,
O003770,C01936,R0421,March 3 2024,,-34,30,Delivered
O003771,C01795,R0445,March 3 2024,,1597,3,
O003772,C01417,R0224,01-02-2024,18:00,240,16,Cancelled
O003773,C01071,R0463,01-02-2024,12:00,1757,70,Cancelled
O003774,C01522,R0021,March 3 2024,13:00,975,62,delivered
O003775,C02654,R0387,2024-01-01,12:00,855,-1,delivered
O003776,C01502,R0136,2024-01-01,,108,82,
O003777,C02474,R0326,2024-01-01,18:00,1437,74,Delivered
O003778,C02474,R0221,,12:00,1910,90,
O003779,C00736,R0467,March 3 2024,18:00,1788,-9,
O003780,C02839,R0145,,22:00,268,78,Delivered
O003781,C02563,R0010,2024-01-01,22:00,1662,110,delivered
O003782,C01153,R0225,01-02-2024,13:00,893,19,Cancelled
O003783,C01273,R0141,2024-01-01,,-19,-2,Cancelled
O003784,C00741,R0475,,22:00,1087,118,delivered
O003785,C01863,R0106,,13:00,276,45,
O003786,C00131,R0268,2024-01-01,20:00,-98,45,delivered
O003787,C01764,R0194,March 3 2024,18:00,583,50,
O003788,C01713,R0458,01-02-2024,20:00,663,34,Cancelled
O003789,C00323,R0128,01-02-2024,20:00,165,38,
O003790,C00823,R0213,2024-01-01,13:00,624,79,Cancelled
O003791,C00543,R0151,March 3 2024,18:00,1150,89,Cancelled
O003792,C02114,R0449,March 3 2024,13:00,1185,82,
O003793,C02766,R0481,2024-01-01,12:00,666,7,Cancelled
O003794,C01856,R0384,01-02-2024,20:00,931,0,delivered
O003795,C02079,R0180,01-02-2024,18:00,1853,85,
O003796,C00885,R0317,01-02-2024,20:00,964,93,Delivered
O003797,C00191,R0026,March 3 2024,12:00,1801,57,Cancelled
O003798,C00415,R0015,2024-01-01,,1025,-9,
O003799,C01839,R0022,March 3 2024,12:00,1142,108,
O003800,C02795,R0345,01-02-2024,,838,78,
O003801,C01814,R0065,March 3 2024,18:00,202,109,Delivered
O003802,C01761,R0251,01-02-2024,18:00,269,11,Delivered
O003803,C01070,R0410,2024-01-01,12:00,750,110,Cancelled
O003804,C01722,R0021,01-02-2024,20:00,-54,63,delivered
O003805,C00375,R0233,,22:00,731,76,Delivered
O003806,C00558,R0408,,20:00,655,-7,Delivered
O003807,C01281,R0487,2024-01-01,22:00,1352,47,
O003808,C01945,R0016,March 3 2024,13:00,1983,107,
O003809,C01597,R0416,March 3 2024,18:00,804,15,delivered
O003810,C01129,R0272,March 3 2024,12:00,1608,102,Cancelled
O003811,C01361,R0205,01-02-2024,13:00,678,93,
O003812,C01325,R0298,,20:00,1690,118,Cancelled
O003813,C01101,R0160,2024-01-01,22:00,1838,87,delivered
O003814,C01535,R0434,March 3 2024,,731,37,delivered
O003815,C01254,R0041,March 3 2024,18:00,996,10,Delivered
O003816,C01703,R0108,2024-01-01,22:00,1501,12,Cancelled
O003817,C02626,R0125,01-02-2024,20:00,543,80,
O003818,C00032,R0152,March 3 2024,20:00,312,-4,
O003819,C01632,R0013,01-02-2024,12:00,905,117,Cancelled
O003820,C00058,R0203,01-02-2024,13:00,131,38,
O003821,C01128,R0079,01-02-2024,18:00,390,88,
O003822,C00312,R0394,March 3 2024,12:00,1610,20,
O003823,C01753,R0042,March 3 2024,22:00,1590,114,
O003824,C02002,R0169,2024-01-01,13:00,1123,82,delivered
O003825,C02738,R0249,2024-01-01,18:00,774,24,delivered
O003826,C01398,R0121,01-02-2024,22:00,797,23,
O003827,C01783,R0387,March 3 2024,18:00,1769,4,Cancelled
O003828,C02283,R0439,01-02-2024,18:00,51,67,
O003829,C02691,R0272,2024-01-01,,1251,74,Cancelled
O003830,C01413,R0300,01-02-2024,,71,60,Cancelled
O003831,C01432,R0209,,13:00,1328,70,Delivered
O003832,C00802,R0473,01-02-2024,,1329,27,Delivered
O003833,C00239,R0158,March 3 2024,22:00,661,53,Delivered
O003834,C01776,R0495,01-02-2024,,1621,18,Cancelled
O003835,C01319,R0121,01-02-2024,12:00,1798,107,Cancelled
O003836,C00112,R0227,March 3 2024,12:00,1259,104,Cancelled
O003837,C02524,R0421,,12:00,1677,-1,Cancelled
O003838,C02352,R0444,March 3 2024,18:00,592,6,Cancelled
O003839,C01329,R0461,2024-01-01,20:00,1681,104,delivered
O003840,C00290,R0024,,13:00,-1,73,
O003841,C02256,R0230,,12:00,1487,70,Delivered
O003842,C02916,R0026,March 3 2024,13:00,808,60,Cancelled
O003843,C01810,R0058,01-02-2024,,1820,104,delivered
O003844,C00582,R0265,2024-01-01,18:00,327,45,Delivered
O003845,C00370,R0126,2024-01-01,13:00,486,50,
O003846,C00220,R0445,,12:00,155,92,delivered
O003847,C02850,R0275,2024-01-01,12:00,1373,33,Cancelled
O003848,C02867,R0028,,18:00,620,93,delivered
O003849,C01897,R0391,,18:00,1900,63,delivered
O003850,C00349,R0301,2024-01-01,22:00,1578,21,
O003851,C02303,R0470,,18:00,306,110,delivered
O003852,C00452,R0128,01-02-2024,20:00,1308,79,Delivered
O003853,C02190,R0094,,20:00,1861,42,delivered
O003854,C00089,R0191,01-02-2024,12:00,1994,-10,Delivered
O003855,C00871,R0421,01-02-2024,,14,92,Cancelled
O003856,C01160,R0272,01-02-2024,18:00,916,107,Cancelled
O003857,C02043,R0484,2024-01-01,20:00,1631,19,Delivered
O003858,C01875,R0005,01-02-2024,20:00,705,-2,Cancelled
O003859,C00523,R0157,2024-01-01,22:00,1480,97,
O003860,C02708,R0052,March 3 2024,,893,22,
O003861,C02999,R0243,01-02-2024,,1896,15,
O003862,C00910,R0151,,18:00,394,31,
O003863,C00442,R0262,March 3 2024,22:00,1752,31,Delivered
O003864,C00038,R0420,March 3 2024,,-19,85,
O003865,C01881,R0441,01-02-2024,,1105,28,Delivered
O003866,C00210,R0417,2024-01-01,13:00,1355,50,delivered
O003867,C02561,R0305,March 3 2024,22:00,1097,36,Delivered
O003868,C01601,R0425,01-02-2024,,1921,37,Cancelled
O003869,C00981,R0080,March 3 2024,13:00,1211,117,
O003870,C00381,R0183,March 3 2024,13:00,460,88,Delivered
O003871,C02876,R0354,01-02-2024,,1185,100,Delivered
O003872,C01561,R0107,,18:00,1679,17,Delivered
O003873,C02907,R0154,,13:00,1953,-1,delivered
O003874,C00394,R0293,,13:00,1498,95,Delivered
O003875,C01074,R0205,March 3 2024,22:00,844,89,
O003876,C00396,R0116,2024-01-01,18:00,478,-10,Cancelled
O003877,C01777,R0017,2024-01-01,18:00,814,107,delivered
O003878,C02080,R0480,March 3 2024,13:00,1618,71,Cancelled
O003879,C00545,R0288,March 3 2024,22:00,61,104,delivered
O003880,C02760,R0156,01-02-2024,22:00,1540,52,delivered
O003881,C01085,R0477,2024-01-01,22:00,674,24,
O003882,C00553,R0025,March 3 2024,22:00,-44,105,Cancelled
O003883,C01465,R0431,,12:00,1089,34,Cancelled
O003884,C01154,R0278,2024-01-01,,445,46,delivered
O003885,C01378,R0475,March 3 2024,13:00,1993,110,
O003886,C02246,R0317,01-02-2024,13:00,710,9,
O003887,C02847,R0126,01-02-2024,13:00,-54,13,delivered
O003888,C01687,R0300,2024-01-01,18:00,1313,59,Cancelled
O003889,C01740,R0358,,18:00,1302,91,delivered
O003890,C00694,R0276,2024-01-01,22:00,1312,116,delivered
O003891,C02195,R0365,March 3 2024,,471,107,delivered
O003892,C01740,R0178,,18:00,1640,14,
O003893,C00498,R0344,March 3 2024,20:00,247,70,delivered
O003894,C02096,R0431,,13:00,744,6,delivered
O003895,C02818,R0047,,13:00,396,47,Delivered
O003896,C02699,R0200,March 3 2024,12:00,595,-9,
O003897,C01196,R0051,2024-01-01,12:00,1773,72,
O003898,C00613,R0439,01-02-2024,20:00,1878,-2,Delivered
O003899,C02747,R0462,,12:00,442,112,delivered
O003900,C01339,R0295,,,115,93,
O003901,C00376,R0270,01-02-2024,22:00,197,72,Delivered
O003902,C00806,R0197,2024-01-01,22:00,1269,98,delivered
O003903,C00921,R0431,01-02-2024,13:00,185,109,
O003904,C00875,R0021,2024-01-01,22:00,25,0,
O003905,C02858,R0143,,12:00,-50,95,delivered
O003906,C01444,R0248,,20:00,1342,117,delivered
O003907,C02953,R0356,March 3 2024,,1625,19,Delivered
O003908,C01420,R0353,2024-01-01,22:00,370,71,delivered
O003909,C01546,R0465,01-02-2024,13:00,1299,104,Delivered
O003910,C01211,R0468,2024-01-01,13:00,1403,50,delivered
O003911,C01006,R0001,2024-01-01,,1229,7,
O003912,C02081,R0464,2024-01-01,12:00,337,51,Delivered
O003913,C02117,R0365,2024-01-01,22:00,648,50,Delivered
O003914,C00592,R0338,01-02-2024,12:00,423,48,Cancelled
O003915,C01215,R0394,March 3 2024,13:00,554,99,
O003916,C02149,R0407,,20:00,405,103,delivered
O003917,C01509,R0274,01-02-2024,22:00,298,40,Delivered
O003918,C01309,R0241,01-02-2024,20:00,1838,54,Cancelled
O003919,C00914,R0058,,,1104,101,delivered
O003920,C02781,R0126,March 3 2024,22:00,164,31,
O003921,C00390,R0329,01-02-2024,13:00,952,32,Delivered
O003922,C00160,R0366,,22:00,611,-9,Cancelled
O003923,C00892,R0478,March 3 2024,13:00,812,115,Cancelled
O003924,C01071,R0461,March 3 2024,18:00,1514,33,Cancelled
O003925,C01470,R0052,2024-01-01,13:00,1579,24,Delivered
O003926,C00696,R0500,01-02-2024,13:00,1634,54,
O003927,C00758,R0223,March 3 2024,,1345,21,delivered
O003928,C02571,R0302,01-02-2024,22:00,231,55,delivered
O003929,C02780,R0363,,20:00,51,49,Cancelled
O003930,C02203,R0269,01-02-2024,13:00,607,104,delivered
O003931,C00339,R0096,March 3 2024,22:00,320,57,
O003932,C01977,R0273,,13:00,1608,53,Cancelled
O003933,C00795,R0323,,12:00,152,43,
O003934,C01723,R0061,2024-01-01,12:00,898,65,
O003935,C01598,R0321,,12:00,1734,116,Delivered
O003936,C00899,R0181,March 3 2024,12:00,1631,99,Delivered
O003937,C01168,R0133,2024-01-01,20:00,192,77,delivered
O003938,C00103,R0416,March 3 2024,,1140,102,Cancelled
O003939,C02860,R0089,March 3 2024,13:00,68,43,Delivered
O003940,C00093,R0173,2024-01-01,12:00,1963,37,delivered
O003941,C00975,R0312,2024-01-01,22:00,-64,24,Cancelled
O003942,C01448,R0005,01-02-2024,12:00,1344,57,
O003943,C00119,R0357,March 3 2024,18:00,1826,15,
O003944,C02033,R0343,01-02-2024,18:00,195,61,Delivered
O003945,C02077,R0204,,,822,77,
O003946,C01535,R0162,,20:00,1720,96,delivered
O003947,C02920,R0061,01-02-2024,18:00,880,45,Cancelled
O003948,C01390,R0471,2024-01-01,22:00,548,58,Cancelled
O003949,C02848,R0464,,12:00,182,69,Delivered
O003950,C00475,R0497,2024-01-01,18:00,1562,85,delivered
O003951,C02611,R0190,01-02-2024,18:00,898,115,delivered
O003952,C00435,R0325,2024-01-01,20:00,-15,94,Cancelled
O003953,C02852,R0063,March 3 2024,18:00,106,48,Delivered
O003954,C01258,R0044,,12:00,1666,14,Delivered
O003955,C00055,R0239,2024-01-01,,30,16,
O003956,C00931,R0028,2024-01-01,,35,88,delivered
O003957,C01316,R0198,March 3 2024,,1086,11,
O003958,C02800,R0269,2024-01-01,13:00,98,36,
O003959,C00312,R0171,01-02-2024,12:00,638,111,Cancelled
O003960,C01572,R0030,01-02-2024,18:00,1417,44,delivered
O003961,C00957,R0154,01-02-2024,18:00,2,-2,delivered
O003962,C02366,R0209,,18:00,447,43,Cancelled
O003963,C01901,R0063,2024-01-01,20:00,-95,103,Delivered
O003964,C00757,R0329,,22:00,610,53,
O003965,C02513,R0057,,12:00,-89,107,
O003966,C01433,R0320,2024-01-01,,1756,98,
O003967,C01264,R0208,2024-01-01,18:00,1613,88,
O003968,C01856,R0433,01-02-2024,13:00,326,72,delivered
O003969,C02748,R0308,,20:00,70,-3,Cancelled
O003970,C02783,R0063,,22:00,1612,96,Delivered
O003971,C01094,R0248,2024-01-01,18:00,-12,101,Cancelled
O003972,C02787,R0466,,,754,95,Cancelled
O003973,C02816,R0141,March 3 2024,12:00,1357,0,
O003974,C00744,R0093,2024-01-01,13:00,77,8,
O003975,C02324,R0107,01-02-2024,,317,41,
O003976,C00233,R0365,March 3 2024,20:00,453,31,Cancelled
O003977,C02102,R0088,March 3 2024,12:00,141,89,Delivered
O003978,C00257,R0301,01-02-2024,12:00,1279,85,Delivered
O003979,C02029,R0108,March 3 2024,20:00,1496,72,Delivered
O003980,C02138,R0046,March 3 2024,12:00,1361,68,delivered
O003981,C01762,R0077,March 3 2024,13:00,1365,117,delivered
O003982,C01930,R0217,,13:00,1904,75,
O003983,C01459,R0169,March 3 2024,12:00,1846,38,Delivered
O003984,C01649,R0302,March 3 2024,18:00,1200,66,delivered
O003985,C00408,R0129,2024-01-01,12:00,970,73,Cancelled
O003986,C01693,R0201,01-02-2024,18:00,721,38,Cancelled
O003987,C01978,R0196,,12:00,1819,68,
O003988,C02414,R0348,,,1688,39,Cancelled
O003989,C02399,R0268,01-02-2024,22:00,91,73,delivered
O003990,C01323,R0088,,13:00,1996,113,Delivered
O003991,C01930,R0253,,12:00,830,8,delivered
O003992,C01183,R0238,,13:00,1672,80,delivered
O003993,C02535,R0073,2024-01-01,20:00,-44,61,
O003994,C00842,R0419,2024-01-01,22:00,1953,-1,Delivered
O003995,C00984,R0358,,18:00,1897,39,Cancelled
O003996,C01761,R0355,01-02-2024,20:00,137,38,Delivered
O003997,C01379,R0161,01-02-2024,22:00,632,88,Cancelled
O003998,C00621,R0058,2024-01-01,20:00,1967,109,
O003999,C00930,R0384,2024-01-01,13:00,1127,12,Delivered
O004000,C02449,R0373,March 3 2024,,41,65,delivered
O004001,C01731,R0291,2024-01-01,22:00,715,102,Delivered
O004002,C02618,R0430,,20:00,1917,16,
O004003,C00975,R0340,2024-01-01,18:00,109,-5,Delivered
O004004,C00392,R0066,March 3 2024,22:00,667,13,Cancelled
O004005,C00352,R0428,March 3 2024,22:00,1987,75,Delivered
O004006,C02854,R0026,01-02-2024,20:00,352,56,Delivered
O004007,C01690,R0298,01-02-2024,,613,59,
O004008,C00576,R0077,,12:00,-15,67,Delivered
O004009,C01694,R0286,2024-01-01,18:00,1478,31,Delivered
O004010,C02825,R0372,March 3 2024,18:00,1916,49,delivered
O004011,C02681,R0416,March 3 2024,20:00,1813,72,Delivered
O004012,C01312,R0036,01-02-2024,,1505,76,Delivered
O004013,C00523,R0019,01-02-2024,13:00,543,97,
O004014,C00726,R0278,2024-01-01,13:00,1171,60,Cancelled
O004015,C00162,R0321,March 3 2024,12:00,1524,13,Delivered
O004016,C01938,R0313,01-02-2024,12:00,1462,94,delivered
O004017,C00659,R0267,2024-01-01,20:00,649,69,
O004018,C02898,R0282,2024-01-01,,1297,53,Cancelled
O004019,C01573,R0432,2024-01-01,13:00,1865,60,
O004020,C02130,R0019,01-02-2024,18:00,-40,94,Cancelled
O004021,C00524,R0339,01-02-2024,,1430,41,Delivered
O004022,C00004,R0140,01-02-2024,13:00,674,-9,Cancelled
O004023,C02543,R0067,,,15,108,Cancelled
O004024,C01579,R0312,,20:00,1656,107,Delivered
O004025,C01075,R0018,,13:00,1347,-7,delivered
O004026,C01285,R0369,01-02-2024,22:00,1051,41,delivered
O004027,C01623,R0261,01-02-2024,20:00,1249,100,Delivered
O004028,C02616,R0112,,22:00,1122,-4,
O004029,C00878,R0408,March 3 2024,,526,-10,
O004030,C01092,R0462,March 3 2024,20:00,1256,72,Cancelled
O004031,C02912,R0115,March 3 2024,18:00,1389,83,
O004032,C01167,R0166,March 3 2024,20:00,1765,103,
O004033,C01578,R0067,,20:00,1236,44,Delivered
O004034,C01675,R0255,2024-01-01,20:00,422,106,Delivered
O004035,C01609,R0070,2024-01-01,20:00,1539,2,Cancelled
O004036,C02827,R0460,March 3 2024,12:00,1871,17,
O004037,C01218,R0308,01-02-2024,22:00,531,3,Cancelled
O004038,C01691,R0203,March 3 2024,20:00,136,5,Delivered
O004039,C00314,R0127,March 3 2024,20:00,1671,78,
O004040,C00730,R0423,2024-01-01,,867,100,Cancelled
O004041,C00384,R0443,01-02-2024,12:00,1740,110,Cancelled
O004042,C01789,R0410,2024-01-01,13:00,342,87,delivered
O004043,C01813,R0321,01-02-2024,,1811,8,delivered
O004044,C02325,R0080,,,919,10,
O004045,C01096,R0176,2024-01-01,12:00,1906,81,
O004046,C01153,R0113,,12:00,1462,36,Delivered
O004047,C02746,R0111,,12:00,741,80,Delivered
O004048,C01549,R0309,March 3 2024,,534,33,Delivered
O004049,C01865,R0137,01-02-2024,,712,103,delivered
O004050,C00751,R0133,2024-01-01,20:00,1609,78,Cancelled
O004051,C00983,R0372,March 3 2024,12:00,1470,-9,Delivered
O004052,C02672,R0328,2024-01-01,12:00,964,77,delivered
O004053,C00228,R0189,,,85,79,Delivered
O004054,C02044,R0277,2024-01-01,,1618,56,delivered
O004055,C01978,R0225,2024-01-01,12:00,1312,80,delivered
O004056,C02065,R0103,March 3 2024,20:00,1372,3,
O004057,C01609,R0107,01-02-2024,18:00,598,24,Cancelled
O004058,C00012,R0063,2024-01-01,18:00,844,117,delivered
O004059,C01523,R0404,,13:00,36,46,Cancelled
O004060,C00692,R0442,,20:00,1125,-9,Delivered
O004061,C01740,R0245,March 3 2024,,792,55,
O004062,C01526,R0173,,12:00,520,78,
O004063,C00070,R0406,2024-01-01,12:00,752,100,Cancelled
O004064,C02156,R0333,01-02-2024,12:00,770,76,
O004065,C02249,R0487,2024-01-01,18:00,511,78,
O004066,C01573,R0331,March 3 2024,,1438,80,Delivered
O004067,C00629,R0210,,12:00,1468,41,Delivered
O004068,C01288,R0191,2024-01-01,12:00,-32,107,
O004069,C00906,R0158,2024-01-01,18:00,501,104,
O004070,C02351,R0319,,12:00,1964,20,Cancelled
O004071,C02985,R0225,01-02-2024,13:00,778,51,Delivered
O004072,C00576,R0172,01-02-2024,,445,23,
O004073,C02603,R0323,01-02-2024,22:00,1699,25,
O004074,C02173,R0442,,13:00,1736,110,Delivered
O004075,C02021,R0449,2024-01-01,20:00,83,93,Delivered
O004076,C00859,R0036,March 3 2024,13:00,737,33,Delivered
O004077,C00745,R0134,2024-01-01,13:00,1792,66,delivered
O004078,C02528,R0037,,18:00,1288,7,delivered
O004079,C02180,R0093,,20:00,1841,34,Cancelled
O004080,C00115,R0075,2024-01-01,,1852,97,delivered
O004081,C00481,R0244,,,1357,15,delivered
O004082,C00981,R0183,2024-01-01,13:00,1291,101,delivered
O004083,C01025,R0205,2024-01-01,22:00,1353,90,delivered
O004084,C02379,R0459,01-02-2024,13:00,1072,64,
O004085,C01601,R0187,,12:00,1611,85,
O004086,C00942,R0166,,18:00,1300,13,
O004087,C00955,R0115,01-02-2024,12:00,680,106,delivered
O004088,C01661,R0409,01-02-2024,20:00,928,94,delivered
O004089,C00768,R0207,01-02-2024,20:00,527,28,Cancelled
O004090,C02439,R0245,March 3 2024,18:00,-47,100,Cancelled
O004091,C00834,R0333,,13:00,187,72,Cancelled
O004092,C02191,R0490,2024-01-01,20:00,968,10,delivered
O004093,C02376,R0161,2024-01-01,22:00,183,12,
O004094,C01782,R0013,2024-01-01,18:00,732,43,delivered
O004095,C00628,R0294,,12:00,481,119,delivered
O004096,C00377,R0442,March 3 2024,22:00,1894,65,Delivered
O004097,C00090,R0472,,,1989,59,delivered
O004098,C02856,R0404,,18:00,171,54,Cancelled
O004099,C01021,R0236,,22:00,816,39,Delivered
O004100,C01066,R0273,,18:00,470,106,Delivered
O004101,C01971,R0379,,12:00,1994,76,delivered
O004102,C01059,R0114,March 3 2024,13:00,1545,-10,delivered
O004103,C01518,R0152,01-02-2024,18:00,371,10,Cancelled
O004104,C02601,R0026,2024-01-01,20:00,710,46,Cancelled
O004105,C00124,R0168,,12:00,1846,18,delivered
O004106,C02105,R0032,,12:00,520,23,Cancelled
O004107,C02854,R0221,,22:00,576,70,Cancelled
O004108,C01480,R0206,2024-01-01,20:00,670,43,delivered
O004109,C02283,R0421,March 3 2024,22:00,1954,21,Cancelled
O004110,C02656,R0342,2024-01-01,,597,19,Delivered
O004111,C02440,R0098,March 3 2024,12:00,1514,84,Delivered
O004112,C01516,R0091,01-02-2024,18:00,-36,58,Cancelled
O004113,C01928,R0476,,,101,18,Delivered
O004114,C01855,R0377,March 3 2024,20:00,41,4,
O004115,C01367,R0214,2024-01-01,12:00,1216,68,Cancelled
O004116,C00052,R0188,March 3 2024,20:00,1057,42,Delivered
O004117,C01574,R0057,March 3 2024,,1,92,
O004118,C01502,R0107,01-02-2024,18:00,276,75,
O004119,C02537,R0442,,13:00,105,44,Cancelled
O004120,C02053,R0195,,22:00,660,56,delivered
O004121,C00632,R0022,2024-01-01,22:00,1046,42,
O004122,C01862,R0186,2024-01-01,,1957,36,Cancelled
O004123,C01233,R0368,01-02-2024,12:00,1090,84,delivered
O004124,C02265,R0085,March 3 2024,12:00,1534,78,
O004125,C02048,R0080,March 3 2024,18:00,1642,-4,
O004126,C00536,R0329,2024-01-01,12:00,960,76,
O004127,C02786,R0077,,12:00,1812,66,Cancelled
O004128,C00730,R0330,March 3 2024,12:00,1397,89,Cancelled
O004129,C01276,R0383,01-02-2024,20:00,1367,97,delivered
O004130,C02051,R0433,2024-01-01,20:00,928,54,
O004131,C01026,R0377,March 3 2024,13:00,789,26,Delivered
O004132,C02198,R0341,,20:00,1149,5,delivered
O004133,C02052,R0177,,22:00,1462,101,Delivered
O004134,C01521,R0426,01-02-2024,,302,21,
O004135,C01895,R0424,01-02-2024,13:00,710,74,Cancelled
O004136,C00468,R0455,2024-01-01,12:00,958,18,Delivered
O004137,C02118,R0174,2024-01-01,22:00,1160,118,Cancelled
O004138,C00201,R0406,,13:00,1391,16,
O004139,C00308,R0082,,,411,10,delivered
O004140,C02046,R0021,March 3 2024,13:00,1746,81,Delivered
O004141,C00922,R0179,March 3 2024,22:00,216,103,Cancelled
O004142,C02340,R0498,March 3 2024,13:00,202,87,Delivered
O004143,C02972,R0398,01-02-2024,22:00,1025,11,
O004144,C00883,R0330,01-02-2024,13:00,1235,31,delivered
O004145,C00586,R0225,March 3 2024,13:00,-19,110,
O004146,C01721,R0265,,13:00,557,37,Cancelled
O004147,C00509,R0402,2024-01-01,22:00,-48,119,
O004148,C00005,R0269,01-02-2024,13:00,914,17,delivered
O004149,C02341,R0251,01-02-2024,,244,42,
O004150,C00360,R0273,March 3 2024,,1008,89,Cancelled
O004151,C00214,R0382,2024-01-01,20:00,886,118,
O004152,C01460,R0343,01-02-2024,20:00,1830,68,Delivered
O004153,C00563,R0409,2024-01-01,20:00,540,77,Delivered
O004154,C02813,R0438,01-02-2024,20:00,110,41,Delivered
O004155,C00045,R0272,2024-01-01,20:00,763,66,Delivered
O004156,C02751,R0280,2024-01-01,,675,13,delivered
O004157,C00634,R0223,01-02-2024,12:00,814,82,Cancelled
O004158,C01436,R0075,2024-01-01,13:00,82,97,Delivered
O004159,C01211,R0151,,,405,9,Delivered
O004160,C01750,R0425,01-02-2024,,1757,23,Delivered
O004161,C02709,R0359,01-02-2024,18:00,1959,4,Delivered
O004162,C02769,R0342,,12:00,-8,40,Cancelled
O004163,C00594,R0417,2024-01-01,22:00,229,116,
O004164,C01425,R0105,,12:00,160,-7,Delivered
O004165,C02294,R0042,01-02-2024,18:00,609,42,
O004166,C01927,R0176,,,1851,113,Cancelled
O004167,C00857,R0245,2024-01-01,12:00,1957,39,
O004168,C01893,R0253,,13:00,-13,52,
O004169,C00552,R0274,01-02-2024,20:00,1472,39,delivered
O004170,C00043,R0447,2024-01-01,13:00,972,82,
O004171,C02889,R0334,01-02-2024,12:00,1746,63,
O004172,C00179,R0092,01-02-2024,,1388,75,
O004173,C01481,R0011,March 3 2024,,1558,86,Delivered
O004174,C02583,R0152,01-02-2024,18:00,1967,89,Delivered
O004175,C00607,R0189,01-02-2024,22:00,1031,87,delivered
O004176,C00672,R0448,2024-01-01,13:00,1014,19,delivered
O004177,C00927,R0164,2024-01-01,18:00,170,11,
O004178,C00017,R0126,2024-01-01,22:00,1496,58,Delivered
O004179,C01136,R0211,,20:00,183,45,
O004180,C01639,R0461,,13:00,265,73,Delivered
O004181,C02874,R0097,2024-01-01,,-98,90,delivered
O004182,C02595,R0309,,13:00,683,84,Cancelled
O004183,C01054,R0339,March 3 2024,,287,18,Cancelled
O004184,C01216,R0047,,,932,113,
O004185,C02485,R0308,March 3 2024,20:00,1289,40,delivered
O004186,C02227,R0224,2024-01-01,20:00,1959,65,Delivered
O004187,C00616,R0463,2024-01-01,12:00,-27,1,
O004188,C02725,R0057,,22:00,137,82,
O004189,C02682,R0075,2024-01-01,18:00,1885,60,Delivered
O004190,C02850,R0254,2024-01-01,20:00,1362,117,
O004191,C00312,R0151,01-02-2024,12:00,1680,1,Delivered
O004192,C02073,R0059,2024-01-01,22:00,1404,51,delivered
O004193,C02419,R0325,01-02-2024,22:00,1015,95,delivered
O004194,C00525,R0440,2024-01-01,13:00,771,49,Cancelled
O004195,C02278,R0086,March 3 2024,12:00,1121,70,delivered
O004196,C01474,R0170,March 3 2024,12:00,1039,17,Delivered
O004197,C02426,R0146,2024-01-01,13:00,1566,53,delivered
O004198,C00888,R0327,March 3 2024,18:00,1556,84,delivered
O004199,C01925,R0033,March 3 2024,20:00,1031,61,Delivered
O004200,C02008,R0003,March 3 2024,,1871,99,Delivered
O004201,C00462,R0284,,13:00,710,15,delivered
O004202,C02413,R0257,March 3 2024,20:00,-45,99,
O004203,C02152,R0126,01-02-2024,,1433,101,delivered
O004204,C00428,R0447,,12:00,833,115,Delivered
O004205,C00469,R0113,01-02-2024,13:00,562,60,Delivered
O004206,C01015,R0303,01-02-2024,,1478,102,
O004207,C01605,R0293,01-02-2024,18:00,1771,-6,
O004208,C00870,R0342,,20:00,1202,71,delivered
O004209,C02818,R0048,2024-01-01,20:00,43,108,delivered
O004210,C02728,R0364,March 3 2024,20:00,128,39,Cancelled
O004211,C02853,R0275,March 3 2024,12:00,139,117,Delivered
O004212,C00886,R0398,2024-01-01,,1904,73,delivered
O004213,C02609,R0195,2024-01-01,20:00,1238,102,Delivered
O004214,C01274,R0339,01-02-2024,22:00,50,102,Delivered
O004215,C00331,R0225,,20:00,702,104,Delivered
O004216,C01956,R0213,01-02-2024,12:00,252,93,
O004217,C00587,R0321,March 3 2024,13:00,1874,22,Delivered
O004218,C00201,R0282,2024-01-01,20:00,1033,58,delivered
O004219,C00454,R0138,March 3 2024,20:00,365,85,Cancelled
O004220,C00826,R0355,2024-01-01,13:00,963,85,
O004221,C00111,R0333,,,1295,57,Cancelled
O004222,C02912,R0070,01-02-2024,,1448,11,delivered
O004223,C00908,R0299,March 3 2024,22:00,1430,48,
O004224,C01773,R0070,,12:00,-48,-3,Cancelled
O004225,C01568,R0483,March 3 2024,13:00,1668,26,
O004226,C01233,R0208,2024-01-01,12:00,1474,88,Delivered
O004227,C02081,R0489,March 3 2024,,1044,45,delivered
O004228,C00555,R0200,,13:00,1363,75,delivered
O004229,C01904,R0059,,18:00,195,54,delivered
O004230,C00107,R0259,01-02-2024,22:00,546,92,Delivered
O004231,C02274,R0389,March 3 2024,18:00,1480,101,Delivered
O004232,C02535,R0341,2024-01-01,,609,86,Delivered
O004233,C02227,R0351,March 3 2024,13:00,-34,57,delivered
O004234,C01394,R0334,01-02-2024,,1950,47,Delivered
O004235,C02685,R0357,2024-01-01,13:00,1493,95,delivered
O004236,C02836,R0339,2024-01-01,12:00,1811,43,
O004237,C00167,R0165,01-02-2024,13:00,409,74,
O004238,C02711,R0245,2024-01-01,,1791,37,Delivered
O004239,C02348,R0084,,12:00,1361,94,Delivered
O004240,C01405,R0436,,12:00,1873,90,Delivered
O004241,C02083,R0450,2024-01-01,13:00,1899,99,
O004242,C02455,R0377,March 3 2024,12:00,1870,70,Delivered
O004243,C01526,R0447,2024-01-01,,1451,117,
O004244,C00314,R0391,March 3 2024,22:00,1,48,Cancelled
O004245,C00816,R0481,01-02-2024,18:00,1360,71,Delivered
O004246,C00743,R0309,,13:00,633,22,Cancelled
O004247,C02775,R0114,,12:00,432,107,delivered
O004248,C00826,R0234,01-02-2024,12:00,-9,42,delivered
O004249,C01125,R0262,01-02-2024,,1719,84,
O004250,C00569,R0391,,12:00,1056,111,
O004251,C01239,R0172,01-02-2024,12:00,738,80,
O004252,C01959,R0018,2024-01-01,22:00,404,110,Cancelled
O004253,C02624,R0235,2024-01-01,13:00,1376,25,delivered
O004254,C02110,R0310,March 3 2024,13:00,740,112,
O004255,C00369,R0383,March 3 2024,,586,23,
O004256,C01392,R0157,March 3 2024,22:00,833,110,Delivered
O004257,C00094,R0211,2024-01-01,22:00,1155,50,Cancelled
O004258,C02083,R0281,,22:00,783,-8,Cancelled
O004259,C01459,R0319,March 3 2024,13:00,213,-5,delivered
O004260,C02098,R0196,2024-01-01,20:00,122,-7,delivered
O004261,C02931,R0115,,,315,90,
O004262,C00764,R0397,01-02-2024,,523,42,Cancelled
O004263,C02084,R0160,2024-01-01,18:00,304,92,delivered
O004264,C01434,R0155,01-02-2024,22:00,1178,60,Cancelled
O004265,C02148,R0051,March 3 2024,22:00,289,23,
O004266,C00329,R0418,,13:00,1548,-5,
O004267,C00706,R0284,2024-01-01,,665,117,
O004268,C00221,R0073,March 3 2024,13:00,247,16,
O004269,C01815,R0328,March 3 2024,18:00,1245,28,Cancelled
O004270,C01862,R0341,,12:00,1819,40,
O004271,C02615,R0110,01-02-2024,13:00,229,8,Cancelled
O004272,C00996,R0286,March 3 2024,18:00,1868,85,Delivered
O004273,C01022,R0221,,13:00,873,77,
O004274,C00110,R0009,,13:00,1145,78,Delivered
O004275,C00149,R0397,2024-01-01,13:00,104,13,delivered
O004276,C02454,R0082,March 3 2024,20:00,-12,65,
O004277,C00699,R0320,01-02-2024,20:00,262,83,Cancelled
O004278,C01434,R0294,01-02-2024,22:00,231,19,delivered
O004279,C00108,R0375,March 3 2024,20:00,607,43,
O004280,C00389,R0022,01-02-2024,18:00,1378,104,Delivered
O004281,C00425,R0415,,13:00,321,67,delivered
O004282,C02495,R0099,,20:00,662,109,Cancelled
O004283,C02966,R0170,March 3 2024,,1094,14,Cancelled
O004284,C01092,R0190,01-02-2024,13:00,148,114,Delivered
O004285,C02704,R0106,,12:00,382,-6,Cancelled
O004286,C02000,R0320,March 3 2024,22:00,1307,-9,
O004287,C01664,R0458,,20:00,218,100,delivered
O004288,C01528,R0265,March 3 2024,,599,69,
O004289,C02027,R0382,2024-01-01,,430,92,Cancelled
O004290,C02369,R0351,2024-01-01,13:00,1036,113,Delivered
O004291,C02767,R0428,March 3 2024,12:00,1847,113,
O004292,C01856,R0447,2024-01-01,22:00,1267,6,Cancelled
O004293,C02776,R0168,2024-01-01,22:00,22,20,Delivered
O004294,C02628,R0344,01-02-2024,12:00,649,118,
O004295,C00447,R0425,2024-01-01,20:00,218,59,Cancelled
O004296,C01598,R0113,01-02-2024,20:00,1497,25,Delivered
O004297,C00210,R0328,2024-01-01,13:00,485,82,Delivered
O004298,C00849,R0306,2024-01-01,18:00,443,62,
O004299,C01863,R0148,,13:00,1380,13,
O004300,C02418,R0337,March 3 2024,13:00,-86,-9,Cancelled
O004301,C01965,R0220,2024-01-01,13:00,1366,9,delivered
O004302,C01588,R0454,March 3 2024,12:00,144,22,
O004303,C01652,R0426,March 3 2024,22:00,798,3,
O004304,C01917,R0033,,22:00,1378,44,Delivered
O004305,C01919,R0220,March 3 2024,18:00,1282,26,Cancelled
O004306,C00577,R0319,March 3 2024,20:00,-49,94,delivered
O004307,C01666,R0185,2024-01-01,13:00,1958,73,delivered
O004308,C00689,R0193,,12:00,722,102,
O004309,C00790,R0361,March 3 2024,12:00,1523,117,delivered
O004310,C00992,R0180,2024-01-01,13:00,503,39,delivered
O004311,C02211,R0355,,12:00,492,73,Delivered
O004312,C00977,R0472,2024-01-01,12:00,1173,68,Delivered
O004313,C01356,R0006,,13:00,1173,75,Delivered
O004314,C01688,R0391,,18:00,904,89,
O004315,C00350,R0009,01-02-2024,12:00,1471,46,delivered
O004316,C01772,R0357,01-02-2024,22:00,1711,14,Delivered
O004317,C02718,R0061,01-02-2024,,624,4,Cancelled
O004318,C00426,R0464,March 3 2024,22:00,714,92,delivered
O004319,C00327,R0418,2024-01-01,,431,87,Cancelled
O004320,C01130,R0163,,,658,66,delivered
O004321,C00255,R0099,2024-01-01,22:00,-95,93,Cancelled
O004322,C02038,R0148,March 3 2024,13:00,484,54,Cancelled
O004323,C02406,R0058,01-02-2024,,518,102,
O004324,C01991,R0215,01-02-2024,22:00,1434,112,Cancelled
O004325,C00444,R0316,2024-01-01,20:00,696,100,Delivered
O004326,C00113,R0490,2024-01-01,12:00,1384,112,Delivered
O004327,C01054,R0182,,18:00,255,43,delivered
O004328,C02572,R0035,2024-01-01,,788,9,Delivered
O004329,C00689,R0303,,22:00,460,78,
O004330,C00991,R0046,,13:00,263,0,Delivered
O004331,C01874,R0087,01-02-2024,,1313,116,
O004332,C00046,R0004,2024-01-01,18:00,1218,41,Delivered
O004333,C01195,R0266,01-02-2024,13:00,1211,43,
O004334,C00757,R0107,,18:00,1222,58,delivered
O004335,C01377,R0075,01-02-2024,18:00,1543,-4,delivered
O004336,C01227,R0040,01-02-2024,12:00,1207,119,Delivered
O004337,C01250,R0127,,,977,92,delivered
O004338,C00564,R0183,March 3 2024,,1734,58,delivered
O004339,C02209,R0119,March 3 2024,,1243,80,delivered
O004340,C02888,R0073,2024-01-01,18:00,621,84,Delivered
O004341,C02586,R0040,01-02-2024,20:00,1144,107,
O004342,C02273,R0204,2024-01-01,20:00,1605,110,Delivered
O004343,C01341,R0465,01-02-2024,20:00,1857,25,Cancelled
O004344,C01438,R0096,2024-01-01,13:00,1266,10,
O004345,C00095,R0279,2024-01-01,12:00,1245,42,Cancelled
O004346,C01803,R0143,,13:00,480,-8,Cancelled
O004347,C00949,R0115,March 3 2024,,645,70,delivered
O004348,C00553,R0476,March 3 2024,,938,83,
O004349,C02693,R0372,March 3 2024,22:00,1403,89,
O004350,C00066,R0486,,,777,105,Cancelled
O004351,C01498,R0133,March 3 2024,20:00,33,62,Cancelled
O004352,C00665,R0168,,12:00,617,29,delivered
O004353,C02732,R0402,01-02-2024,20:00,947,39,delivered
O004354,C02958,R0245,,12:00,1362,38,Delivered
O004355,C02885,R0277,2024-01-01,13:00,1247,112,
O004356,C02619,R0463,2024-01-01,,1045,102,Cancelled
O004357,C02744,R0259,01-02-2024,13:00,1264,49,Delivered
O004358,C00180,R0046,01-02-2024,20:00,1131,-4,delivered
O004359,C02882,R0346,2024-01-01,18:00,1901,108,Cancelled
O004360,C01483,R0335,March 3 2024,12:00,65,20,
O004361,C00202,R0383,March 3 2024,,1479,82,Cancelled
O004362,C01499,R0237,March 3 2024,22:00,998,-4,Cancelled
O004363,C01542,R0053,01-02-2024,18:00,1403,14,Delivered
O004364,C02591,R0148,2024-01-01,13:00,1917,22,Cancelled
O004365,C00538,R0187,,12:00,661,84,Delivered
O004366,C02822,R0021,01-02-2024,18:00,1009,77,Delivered
O004367,C01313,R0090,2024-01-01,22:00,548,115,delivered
O004368,C01949,R0233,March 3 2024,18:00,450,27,Cancelled
O004369,C00694,R0215,March 3 2024,22:00,498,99,Delivered
O004370,C01720,R0369,March 3 2024,13:00,1499,114,Cancelled
O004371,C01268,R0051,2024-01-01,12:00,316,115,
O004372,C01792,R0153,March 3 2024,13:00,1639,-7,Cancelled
O004373,C02660,R0324,2024-01-01,12:00,982,90,delivered
O004374,C01722,R0116,01-02-2024,18:00,906,50,Delivered
O004375,C01622,R0394,,13:00,487,70,Delivered
O004376,C01198,R0214,March 3 2024,12:00,671,99,
O004377,C01558,R0451,01-02-2024,,1812,67,delivered
O004378,C01533,R0339,01-02-2024,22:00,221,50,Delivered
O004379,C02292,R0351,2024-01-01,12:00,1384,118,
O004380,C02108,R0137,01-02-2024,,1717,-5,Delivered
O004381,C00104,R0285,2024-01-01,13:00,1921,10,Delivered
O004382,C02699,R0421,2024-01-01,13:00,830,72,delivered
O004383,C01695,R0366,01-02-2024,18:00,579,17,
O004384,C01011,R0071,2024-01-01,22:00,1259,54,Delivered
O004385,C01768,R0245,2024-01-01,12:00,680,82,Cancelled
O004386,C02125,R0038,2024-01-01,13:00,1436,71,
O004387,C01042,R0216,01-02-2024,12:00,70,51,delivered
O004388,C01558,R0127,,20:00,823,98,delivered
O004389,C01208,R0072,2024-01-01,22:00,28,88,delivered
O004390,C01681,R0226,March 3 2024,22:00,1341,89,Delivered
O004391,C01679,R0315,01-02-2024,,296,24,delivered
O004392,C02746,R0441,01-02-2024,20:00,1757,116,
O004393,C02994,R0474,2024-01-01,22:00,1558,72,Delivered
O004394,C02315,R0444,01-02-2024,20:00,1695,80,Cancelled
O004395,C00781,R0284,March 3 2024,12:00,296,-8,delivered
O004396,C02657,R0412,,20:00,703,117,delivered
O004397,C00946,R0302,01-02-2024,18:00,554,42,delivered
O004398,C01831,R0246,01-02-2024,,1776,89,Cancelled
O004399,C00548,R0071,01-02-2024,20:00,167,26,Delivered
O004400,C02208,R0195,2024-01-01,12:00,992,90,delivered
O004401,C02985,R0500,March 3 2024,22:00,1368,33,Cancelled
O004402,C02447,R0470,,18:00,1221,53,Delivered
O004403,C02591,R0439,March 3 2024,20:00,1397,113,
O004404,C02175,R0038,March 3 2024,,797,-5,delivered
O004405,C01798,R0117,01-02-2024,,1654,58,Delivered
O004406,C01881,R0238,,12:00,1408,46,delivered
O004407,C00948,R0364,March 3 2024,18:00,721,74,Cancelled
O004408,C02258,R0402,,18:00,1064,13,Delivered
O004409,C02198,R0204,2024-01-01,18:00,1464,104,Cancelled
O004410,C00031,R0351,01-02-2024,20:00,725,81,delivered
O004411,C00612,R0319,2024-01-01,12:00,474,64,
O004412,C01865,R0359,,12:00,1266,11,Cancelled
O004413,C00302,R0005,01-02-2024,12:00,586,99,Delivered
O004414,C01930,R0428,2024-01-01,13:00,874,23,Delivered
O004415,C02913,R0489,01-02-2024,22:00,405,107,delivered
O004416,C02813,R0157,2024-01-01,12:00,1670,26,Delivered
O004417,C00683,R0107,March 3 2024,13:00,-27,30,delivered
O004418,C00257,R0228,01-02-2024,13:00,705,68,Cancelled
O004419,C00940,R0142,,18:00,480,94,
O004420,C02057,R0314,01-02-2024,22:00,122,32,Cancelled
O004421,C02895,R0172,,18:00,796,11,Cancelled
O004422,C00777,R0146,2024-01-01,22:00,1698,80,delivered
O004423,C02733,R0007,2024-01-01,18:00,632,10,
O004424,C00732,R0343,,,1364,41,Cancelled
O004425,C01229,R0353,2024-01-01,20:00,722,-7,delivered
O004426,C02072,R0446,01-02-2024,22:00,356,60,Cancelled
O004427,C02541,R0301,2024-01-01,,485,107,Cancelled
O004428,C02043,R0016,,13:00,213,-4,Delivered
O004429,C00970,R0320,,13:00,1789,80,Cancelled
O004430,C00103,R0037,March 3 2024,22:00,893,47,
O004431,C01084,R0499,,18:00,1389,116,Cancelled
O004432,C01110,R0153,2024-01-01,20:00,1564,34,delivered
O004433,C00767,R0265,,20:00,555,95,Delivered
O004434,C00372,R0183,2024-01-01,12:00,1780,99,delivered
O004435,C00679,R0156,2024-01-01,22:00,100,44,
O004436,C02644,R0137,March 3 2024,20:00,333,27,Cancelled
O004437,C01994,R0396,2024-01-01,18:00,37,-7,Cancelled
O004438,C00202,R0402,,18:00,975,4,Delivered
O004439,C01626,R0475,,13:00,1648,97,Cancelled
O004440,C00089,R0090,,20:00,1375,24,delivered
O004441,C02485,R0440,2024-01-01,20:00,1081,114,delivered
O004442,C02168,R0218,,18:00,761,-7,Delivered
O004443,C02204,R0330,01-02-2024,13:00,1129,43,Cancelled
O004444,C01997,R0186,01-02-2024,20:00,1239,19,Delivered
O004445,C00399,R0381,,18:00,35,-2,
O004446,C01724,R0209,2024-01-01,13:00,348,8,Cancelled
O004447,C00188,R0051,,13:00,-32,69,Cancelled
O004448,C01076,R0288,01-02-2024,18:00,712,99,Cancelled
O004449,C00652,R0088,2024-01-01,13:00,914,34,
O004450,C01555,R0491,,,1090,12,
O004451,C01504,R0432,2024-01-01,,1640,65,
O004452,C00587,R0136,,13:00,1919,-6,delivered
O004453,C00230,R0158,March 3 2024,12:00,1864,108,Delivered
O004454,C01154,R0282,2024-01-01,13:00,-4,32,delivered
O004455,C00055,R0408,01-02-2024,20:00,276,-9,
O004456,C00271,R0155,01-02-2024,13:00,1414,29,delivered
O004457,C01124,R0463,01-02-2024,20:00,1847,88,delivered
O004458,C00970,R0220,01-02-2024,18:00,976,106,Delivered
O004459,C01553,R0459,,13:00,-92,29,
O004460,C01378,R0167,,18:00,150,114,delivered
O004461,C01176,R0322,2024-01-01,22:00,259,90,delivered
O004462,C02378,R0179,March 3 2024,,23,22,Cancelled
O004463,C00116,R0329,March 3 2024,13:00,533,97,Cancelled
O004464,C00323,R0050,2024-01-01,18:00,98,43,
O004465,C02611,R0301,01-02-2024,22:00,728,85,delivered
O004466,C01596,R0087,March 3 2024,20:00,1334,81,
O004467,C02277,R0033,March 3 2024,20:00,817,81,Delivered
O004468,C00360,R0275,2024-01-01,,1018,113,
O004469,C00028,R0141,01-02-2024,,1977,84,
O004470,C01255,R0206,,20:00,1015,50,delivered
O004471,C01419,R0224,,20:00,495,7,Delivered
O004472,C02917,R0113,March 3 2024,20:00,1644,98,
O004473,C01736,R0278,,12:00,-78,61,Cancelled
O004474,C01868,R0404,2024-01-01,,225,102,Delivered
O004475,C01295,R0353,March 3 2024,18:00,776,37,delivered
O004476,C01875,R0005,March 3 2024,22:00,162,84,Cancelled
O004477,C02076,R0382,01-02-2024,22:00,1283,73,Delivered
O004478,C01543,R0212,,13:00,1485,76,delivered
O004479,C00744,R0256,01-02-2024,18:00,332,22,delivered
O004480,C01112,R0334,March 3 2024,,459,54,Delivered
O004481,C01722,R0475,,12:00,-52,115,Delivered
O004482,C01779,R0474,01-02-2024,12:00,1602,118,Delivered
O004483,C00580,R0416,,18:00,493,118,delivered
O004484,C02499,R0030,March 3 2024,20:00,1498,58,Cancelled
O004485,C00433,R0347,March 3 2024,20:00,127,64,Cancelled
O004486,C00374,R0410,March 3 2024,18:00,1875,85,delivered
O004487,C02483,R0082,2024-01-01,,113,110,Delivered
O004488,C01211,R0493,01-02-2024,22:00,1565,100,delivered
O004489,C01775,R0471,01-02-2024,20:00,941,61,delivered
O004490,C02042,R0236,March 3 2024,13:00,366,41,delivered
O004491,C02266,R0495,01-02-2024,,1169,53,delivered
O004492,C01132,R0344,March 3 2024,,983,34,Cancelled
O004493,C01843,R0388,01-02-2024,12:00,1565,15,Delivered
O004494,C01574,R0361,,20:00,761,67,delivered
O004495,C01931,R0323,01-02-2024,22:00,1850,19,delivered
O004496,C00948,R0253,March 3 2024,,1176,91,Delivered
O004497,C00349,R0118,01-02-2024,20:00,747,-2,Delivered
O004498,C00788,R0427,,20:00,1306,85,delivered
O004499,C01546,R0030,,12:00,475,57,delivered
O004500,C00026,R0111,,13:00,444,78,Delivered
O004501,C01072,R0400,March 3 2024,,-43,10,Delivered
O004502,C00859,R0254,2024-01-01,13:00,798,67,Cancelled
O004503,C00370,R0199,March 3 2024,22:00,279,19,delivered
O004504,C01636,R0295,,18:00,877,46,
O004505,C01211,R0342,01-02-2024,18:00,1684,44,Delivered
O004506,C01548,R0297,,18:00,1061,-9,Delivered
O004507,C00884,R0287,2024-01-01,22:00,-35,37,Cancelled
O004508,C01915,R0433,2024-01-01,,1102,11,Cancelled
O004509,C00279,R0397,,20:00,1913,78,
O004510,C02389,R0489,March 3 2024,13:00,697,101,Delivered
O004511,C01352,R0425,2024-01-01,13:00,1716,32,delivered
O004512,C01703,R0244,,20:00,1094,64,delivered
O004513,C01658,R0221,March 3 2024,,531,63,delivered
O004514,C01929,R0156,01-02-2024,13:00,1267,38,Cancelled
O004515,C00607,R0383,March 3 2024,,126,97,
O004516,C01049,R0236,2024-01-01,13:00,91,24,
O004517,C02577,R0320,March 3 2024,18:00,1529,8,
O004518,C02474,R0373,March 3 2024,18:00,1049,17,Delivered
O004519,C00029,R0019,01-02-2024,12:00,-2,95,Delivered
O004520,C00956,R0215,,12:00,243,101,
O004521,C00323,R0367,March 3 2024,13:00,-81,104,
O004522,C01877,R0114,01-02-2024,18:00,332,110,
O004523,C02361,R0200,2024-01-01,,899,68,Cancelled
O004524,C00584,R0025,,12:00,229,85,
O004525,C01294,R0422,2024-01-01,12:00,1590,13,delivered
O004526,C02810,R0121,,18:00,234,117,Delivered
O004527,C02343,R0230,March 3 2024,,1856,104,delivered
O004528,C00656,R0099,March 3 2024,12:00,1950,34,Delivered
O004529,C00786,R0346,,20:00,1887,107,Cancelled
O004530,C00223,R0003,2024-01-01,,1771,49,Cancelled
O004531,C02123,R0386,2024-01-01,20:00,1504,105,delivered
O004532,C02150,R0261,2024-01-01,18:00,1456,42,Cancelled
O004533,C02933,R0445,March 3 2024,18:00,688,92,Delivered
O004534,C02221,R0254,,12:00,541,14,Cancelled
O004535,C01028,R0020,,13:00,105,91,delivered
O004536,C01684,R0204,2024-01-01,22:00,1977,81,Cancelled
O004537,C02443,R0294,March 3 2024,20:00,1351,20,
O004538,C01650,R0464,,20:00,722,-9,Delivered
O004539,C00833,R0357,,,1944,-7,Cancelled
O004540,C01004,R0128,2024-01-01,,107,68,Delivered
O004541,C00167,R0358,2024-01-01,18:00,778,27,delivered
O004542,C02348,R0292,,13:00,1512,22,
O004543,C02017,R0174,March 3 2024,18:00,277,7,Delivered
O004544,C00118,R0221,01-02-2024,12:00,310,93,
O004545,C02560,R0355,,13:00,282,104,
O004546,C02660,R0369,,12:00,470,23,
O004547,C01810,R0037,March 3 2024,20:00,1074,40,Cancelled
O004548,C02207,R0310,,18:00,1543,52,Cancelled
O004549,C01408,R0149,01-02-2024,,1030,36,delivered
O004550,C01251,R0405,March 3 2024,18:00,1062,41,Cancelled
O004551,C00463,R0092,01-02-2024,22:00,179,82,delivered
O004552,C01734,R0070,01-02-2024,13:00,1661,41,delivered
O004553,C01672,R0084,,20:00,1073,95,
O004554,C02152,R0444,01-02-2024,22:00,-87,87,Delivered
O004555,C00982,R0420,,22:00,1952,48,Cancelled
O004556,C02298,R0205,,18:00,1196,116,Delivered
O004557,C01037,R0488,March 3 2024,13:00,757,58,delivered
O004558,C02615,R0267,March 3 2024,18:00,365,115,delivered
O004559,C01880,R0088,March 3 2024,13:00,1863,119,delivered
O004560,C00597,R0252,,22:00,1673,33,
O004561,C00621,R0211,01-02-2024,12:00,645,117,Delivered
O004562,C02603,R0343,01-02-2024,20:00,1690,27,
O004563,C01412,R0031,March 3 2024,22:00,1756,80,Delivered
O004564,C00071,R0357,March 3 2024,18:00,31,115,
O004565,C00956,R0421,,20:00,676,4,delivered
O004566,C01804,R0316,2024-01-01,22:00,243,52,Cancelled
O004567,C02329,R0061,2024-01-01,13:00,1455,51,
O004568,C00438,R0067,,18:00,1493,67,
O004569,C01068,R0226,2024-01-01,22:00,477,7,Cancelled
O004570,C01926,R0413,2024-01-01,13:00,244,60,Cancelled
O004571,C01038,R0451,2024-01-01,13:00,1320,13,
O004572,C01403,R0335,March 3 2024,13:00,424,27,delivered
O004573,C02362,R0327,01-02-2024,20:00,1497,11,delivered
O004574,C01439,R0067,01-02-2024,18:00,1847,35,Cancelled
O004575,C00485,R0128,March 3 2024,13:00,-55,94,
O004576,C00169,R0111,March 3 2024,22:00,1834,74,Delivered
O004577,C02936,R0491,March 3 2024,13:00,1528,45,Cancelled
O004578,C00803,R0272,2024-01-01,18:00,880,66,Delivered
O004579,C00246,R0301,,,1351,31,Cancelled
O004580,C02314,R0034,,,1970,2,
O004581,C00849,R0212,2024-01-01,20:00,1792,43,delivered
O004582,C02291,R0300,2024-01-01,13:00,525,24,Cancelled
O004583,C02026,R0373,March 3 2024,22:00,157,72,Delivered
O004584,C01694,R0125,March 3 2024,18:00,1910,-2,
O004585,C01351,R0103,01-02-2024,13:00,152,2,
O004586,C00530,R0481,March 3 2024,20:00,1504,11,
O004587,C01619,R0206,2024-01-01,12:00,1112,29,Delivered
O004588,C00847,R0120,01-02-2024,,1638,106,Cancelled
O004589,C02390,R0170,March 3 2024,22:00,624,116,delivered
O004590,C01789,R0035,01-02-2024,,467,-4,delivered
O004591,C01703,R0382,01-02-2024,13:00,1678,44,Delivered
O004592,C00760,R0331,March 3 2024,13:00,1077,110,delivered
O004593,C01404,R0246,,12:00,170,68,Cancelled
O004594,C00798,R0340,2024-01-01,18:00,461,88,Delivered
O004595,C00532,R0414,2024-01-01,12:00,1432,12,Delivered
O004596,C01918,R0309,01-02-2024,18:00,1313,26,Cancelled
O004597,C00864,R0058,,13:00,1593,9,
O004598,C00042,R0412,,12:00,744,109,Cancelled
O004599,C00599,R0399,March 3 2024,,119,57,Cancelled
O004600,C00306,R0422,March 3 2024,,798,35,delivered
O004601,C00809,R0306,2024-01-01,13:00,1002,9,delivered
O004602,C02910,R0141,March 3 2024,12:00,650,61,delivered
O004603,C01264,R0111,March 3 2024,13:00,217,94,
O004604,C00679,R0163,01-02-2024,,1314,93,Cancelled
O004605,C00731,R0111,,,1672,-4,delivered
O004606,C02489,R0152,,13:00,487,39,
O004607,C02026,R0376,March 3 2024,13:00,1741,42,delivered
O004608,C00933,R0065,March 3 2024,20:00,1986,62,Cancelled
O004609,C00903,R0106,March 3 2024,12:00,4,0,Cancelled
O004610,C00133,R0216,2024-01-01,20:00,1505,21,Cancelled
O004611,C02767,R0091,2024-01-01,13:00,406,52,Delivered
O004612,C02099,R0402,01-02-2024,22:00,469,40,Cancelled
O004613,C02666,R0442,2024-01-01,,228,22,Cancelled
O004614,C00392,R0026,,18:00,1614,15,delivered
O004615,C02744,R0157,2024-01-01,12:00,883,11,Delivered
O004616,C02571,R0072,,12:00,121,84,delivered
O004617,C00508,R0044,2024-01-01,,50,67,
O004618,C01686,R0090,2024-01-01,18:00,878,93,
O004619,C02402,R0133,01-02-2024,20:00,1468,30,Delivered
O004620,C02915,R0161,March 3 2024,18:00,520,65,Cancelled
O004621,C02329,R0232,March 3 2024,22:00,1994,28,Delivered
O004622,C01419,R0380,March 3 2024,13:00,1531,21,Cancelled
O004623,C00956,R0261,01-02-2024,18:00,1048,67,
O004624,C00096,R0383,,18:00,1218,55,
O004625,C00106,R0369,2024-01-01,13:00,1737,60,Delivered
O004626,C00678,R0111,01-02-2024,,739,20,delivered
O004627,C02561,R0164,,12:00,1742,81,
O004628,C00856,R0077,01-02-2024,,1460,63,Delivered
O004629,C01963,R0209,01-02-2024,22:00,1517,100,Delivered
O004630,C00790,R0013,,,1878,115,
O004631,C00515,R0409,March 3 2024,18:00,1220,83,Cancelled
O004632,C02946,R0058,2024-01-01,18:00,-57,98,delivered
O004633,C01085,R0386,March 3 2024,12:00,496,93,delivered
O004634,C01008,R0344,01-02-2024,22:00,-79,30,Cancelled
O004635,C01318,R0036,,13:00,125,-6,
O004636,C02785,R0025,01-02-2024,13:00,448,-5,
O004637,C02350,R0034,March 3 2024,20:00,273,51,Cancelled
O004638,C02694,R0140,March 3 2024,22:00,927,5,
O004639,C02279,R0275,March 3 2024,22:00,1971,77,delivered
O004640,C01433,R0370,2024-01-01,18:00,1885,99,Delivered
O004641,C02786,R0362,March 3 2024,20:00,1626,72,delivered
O004642,C00716,R0222,2024-01-01,13:00,732,112,delivered
O004643,C00297,R0037,2024-01-01,22:00,1704,53,delivered
O004644,C00455,R0363,March 3 2024,22:00,271,86,
O004645,C00942,R0129,,12:00,1516,58,Cancelled
O004646,C00240,R0316,01-02-2024,13:00,1288,31,
O004647,C01622,R0323,01-02-2024,12:00,812,45,Cancelled
O004648,C02599,R0433,2024-01-01,20:00,992,74,Delivered
O004649,C02186,R0218,2024-01-01,22:00,1236,97,Delivered
O004650,C00454,R0335,2024-01-01,20:00,995,74,delivered
O004651,C01250,R0430,01-02-2024,,1169,80,Cancelled
O004652,C02491,R0248,2024-01-01,12:00,657,22,delivered
O004653,C02075,R0111,,13:00,1688,15,
O004654,C02505,R0304,,22:00,996,6,Cancelled
O004655,C00695,R0220,2024-01-01,,1787,10,delivered
O004656,C00710,R0196,01-02-2024,,1987,-9,
O004657,C02015,R0147,March 3 2024,13:00,465,68,Delivered
O004658,C00849,R0344,01-02-2024,20:00,201,33,delivered
O004659,C00949,R0040,March 3 2024,,1624,60,Cancelled
O004660,C00107,R0134,March 3 2024,18:00,833,25,Cancelled
O004661,C02492,R0464,2024-01-01,13:00,454,35,
O004662,C01725,R0352,,,-97,56,delivered
O004663,C02084,R0478,2024-01-01,13:00,1184,-8,Delivered
O004664,C00597,R0191,March 3 2024,13:00,780,108,delivered
O004665,C00155,R0163,2024-01-01,22:00,309,34,delivered
O004666,C00796,R0456,March 3 2024,20:00,1670,14,Cancelled
O004667,C00272,R0061,2024-01-01,20:00,1962,24,
O004668,C01571,R0005,,22:00,-13,8,Cancelled
O004669,C01444,R0037,,13:00,1907,34,Delivered
O004670,C01208,R0460,01-02-2024,13:00,-2,101,delivered
O004671,C01635,R0217,March 3 2024,18:00,907,83,Delivered
O004672,C01261,R0225,March 3 2024,,1540,20,
O004673,C01939,R0487,2024-01-01,13:00,116,56,
O004674,C01533,R0216,01-02-2024,,90,-1,delivered
O004675,C00892,R0139,,12:00,1138,106,
O004676,C00122,R0106,2024-01-01,,1633,-3,Delivered
O004677,C01441,R0099,01-02-2024,13:00,516,23,delivered
O004678,C01399,R0168,,18:00,1105,1,
O004679,C01504,R0449,2024-01-01,12:00,429,85,Delivered
O004680,C00150,R0264,,18:00,-30,119,delivered
O004681,C00707,R0087,March 3 2024,,1138,6,
O004682,C02861,R0084,01-02-2024,18:00,-1,65,Cancelled
O004683,C01616,R0224,,,499,60,delivered
O004684,C01514,R0011,01-02-2024,20:00,759,68,delivered
O004685,C02201,R0327,2024-01-01,,1588,-9,Cancelled
O004686,C02599,R0186,01-02-2024,22:00,904,16,
O004687,C00845,R0350,2024-01-01,18:00,1646,84,delivered
O004688,C02328,R0379,01-02-2024,13:00,893,-6,Delivered
O004689,C02470,R0432,2024-01-01,20:00,1076,17,
O004690,C02770,R0231,2024-01-01,12:00,946,61,delivered
O004691,C01977,R0141,2024-01-01,,-71,41,Delivered
O004692,C01836,R0106,,22:00,1624,7,Cancelled
O004693,C00804,R0253,March 3 2024,20:00,1544,26,Delivered
O004694,C00355,R0444,01-02-2024,18:00,1276,88,
O004695,C01606,R0049,March 3 2024,20:00,471,24,Cancelled
O004696,C00378,R0451,March 3 2024,13:00,-35,115,Delivered
O004697,C02128,R0263,March 3 2024,13:00,1415,6,
O004698,C01581,R0491,March 3 2024,13:00,463,99,Cancelled
O004699,C00988,R0205,01-02-2024,22:00,79,77,
O004700,C00233,R0357,01-02-2024,20:00,625,-1,delivered
O004701,C00154,R0409,March 3 2024,20:00,676,40,
O004702,C00907,R0407,01-02-2024,18:00,940,101,Delivered
O004703,C01621,R0051,01-02-2024,12:00,-19,70,
O004704,C02419,R0175,2024-01-01,13:00,1539,41,
O004705,C00323,R0225,01-02-2024,12:00,1105,53,Cancelled
O004706,C00332,R0261,,12:00,867,22,
O004707,C00243,R0480,March 3 2024,13:00,1613,86,
O004708,C00430,R0222,01-02-2024,13:00,1576,6,delivered
O004709,C01206,R0223,March 3 2024,18:00,1084,113,delivered
O004710,C02857,R0269,01-02-2024,22:00,1834,97,Cancelled
O004711,C01497,R0298,March 3 2024,13:00,1946,116,Cancelled
O004712,C02424,R0381,,12:00,456,-4,Delivered
O004713,C00081,R0389,01-02-2024,18:00,1110,101,Cancelled
O004714,C01574,R0407,01-02-2024,20:00,1390,116,
O004715,C00420,R0318,,18:00,1660,-1,delivered
O004716,C00467,R0385,01-02-2024,13:00,-53,20,Cancelled
O004717,C01081,R0074,March 3 2024,,362,14,Delivered
O004718,C02001,R0114,,13:00,997,54,
O004719,C01566,R0219,2024-01-01,22:00,1949,44,Delivered
O004720,C01519,R0054,March 3 2024,18:00,1693,37,Delivered
O004721,C02877,R0200,01-02-2024,13:00,1767,54,Delivered
O004722,C02036,R0372,March 3 2024,12:00,933,102,Delivered
O004723,C00804,R0131,,12:00,487,104,
O004724,C01078,R0339,01-02-2024,18:00,322,49,
O004725,C01633,R0192,01-02-2024,22:00,1556,3,Delivered
O004726,C01985,R0179,,,375,76,
O004727,C00188,R0386,2024-01-01,18:00,144,70,Cancelled
O004728,C00004,R0305,01-02-2024,22:00,387,3,
O004729,C01903,R0287,01-02-2024,12:00,1735,74,
O004730,C00603,R0240,01-02-2024,13:00,1725,-9,Delivered
O004731,C02368,R0245,2024-01-01,20:00,996,-3,
O004732,C01399,R0330,March 3 2024,13:00,652,25,Cancelled
O004733,C00501,R0117,2024-01-01,12:00,1797,4,
O004734,C01686,R0208,March 3 2024,,827,23,Cancelled
O004735,C02619,R0485,01-02-2024,12:00,928,-2,
O004736,C00185,R0212,March 3 2024,13:00,1385,29,delivered
O004737,C02604,R0259,March 3 2024,13:00,1289,15,
O004738,C02941,R0380,March 3 2024,,1137,14,Cancelled
O004739,C01296,R0163,March 3 2024,,858,104,Cancelled
O004740,C00055,R0226,01-02-2024,12:00,1248,80,Cancelled
O004741,C01725,R0341,,13:00,1985,34,Delivered
O004742,C02911,R0420,2024-01-01,20:00,804,10,Cancelled
O004743,C01871,R0064,March 3 2024,20:00,984,78,
O004744,C00077,R0416,01-02-2024,18:00,1018,29,delivered
O004745,C02344,R0246,01-02-2024,20:00,1712,75,Cancelled
O004746,C01602,R0018,01-02-2024,12:00,1471,50,Delivered
O004747,C01672,R0034,01-02-2024,12:00,412,3,
O004748,C02794,R0312,March 3 2024,18:00,1481,77,Cancelled
O004749,C01735,R0486,2024-01-01,22:00,1500,56,Delivered
O004750,C02948,R0323,01-02-2024,18:00,1859,65,Delivered
O004751,C02091,R0181,2024-01-01,22:00,1586,60,Delivered
O004752,C01385,R0451,2024-01-01,22:00,559,7,Cancelled
O004753,C01252,R0347,2024-01-01,13:00,-73,12,Cancelled
O004754,C02275,R0194,,,1901,15,Cancelled
O004755,C01087,R0192,01-02-2024,20:00,34,119,delivered
O004756,C00171,R0067,01-02-2024,22:00,1689,104,delivered
O004757,C01930,R0209,01-02-2024,13:00,204,52,
O004758,C02810,R0366,2024-01-01,18:00,623,6,
O004759,C02898,R0167,01-02-2024,18:00,791,101,Delivered
O004760,C02355,R0246,01-02-2024,22:00,1927,104,delivered
O004761,C01774,R0245,2024-01-01,13:00,727,-9,Cancelled
O004762,C02616,R0166,01-02-2024,12:00,1243,88,
O004763,C00666,R0296,March 3 2024,,98,68,Cancelled
O004764,C02082,R0403,,,306,97,Cancelled
O004765,C00827,R0211,March 3 2024,20:00,1361,105,delivered
O004766,C01666,R0492,March 3 2024,22:00,1674,98,
O004767,C00130,R0133,March 3 2024,12:00,1380,66,Delivered
O004768,C01418,R0197,2024-01-01,20:00,1400,27,
O004769,C01175,R0398,01-02-2024,12:00,1270,69,
O004770,C02703,R0347,March 3 2024,,385,15,
O004771,C02678,R0049,March 3 2024,13:00,262,110,delivered
O004772,C01408,R0064,01-02-2024,22:00,111,70,
O004773,C01041,R0112,2024-01-01,12:00,600,7,Delivered
O004774,C00594,R0356,March 3 2024,12:00,815,24,
O004775,C01038,R0185,01-02-2024,12:00,1360,1,Cancelled
O004776,C02129,R0104,01-02-2024,,42,110,Delivered
O004777,C00204,R0419,,22:00,993,102,
O004778,C01808,R0213,March 3 2024,13:00,1771,33,delivered
O004779,C01568,R0005,March 3 2024,13:00,857,30,delivered
O004780,C00023,R0119,,12:00,1633,43,delivered
O004781,C02662,R0344,01-02-2024,13:00,1451,118,Cancelled
O004782,C01634,R0249,01-02-2024,20:00,1233,14,Cancelled
O004783,C02192,R0167,March 3 2024,13:00,764,69,delivered
O004784,C00104,R0383,March 3 2024,12:00,1186,111,Cancelled
O004785,C01406,R0242,,20:00,-41,4,
O004786,C01479,R0280,March 3 2024,22:00,421,64,
O004787,C02372,R0424,March 3 2024,18:00,208,90,delivered
O004788,C01195,R0363,2024-01-01,,1443,109,Delivered
O004789,C00576,R0238,,13:00,1305,34,
O004790,C01607,R0306,01-02-2024,20:00,1525,9,Delivered
O004791,C00274,R0205,March 3 2024,18:00,1472,105,Cancelled
O004792,C00452,R0486,01-02-2024,22:00,1901,88,Cancelled
O004793,C02929,R0493,March 3 2024,18:00,799,18,
O004794,C00125,R0314,2024-01-01,22:00,1007,9,
O004795,C02365,R0001,,12:00,661,68,Cancelled
O004796,C01867,R0171,,12:00,139,85,Cancelled
O004797,C02155,R0167,01-02-2024,,124,1,Delivered
O004798,C01684,R0394,2024-01-01,,178,45,
O004799,C00907,R0258,01-02-2024,22:00,1316,104,delivered
O004800,C00430,R0063,2024-01-01,18:00,1601,1,delivered
O004801,C02752,R0272,March 3 2024,,301,42,Cancelled
O004802,C01430,R0037,March 3 2024,13:00,1993,87,delivered
O004803,C00362,R0016,2024-01-01,18:00,1707,-3,Cancelled
O004804,C00796,R0254,March 3 2024,,1289,47,delivered
O004805,C00432,R0343,,18:00,1096,13,Cancelled
O004806,C02723,R0346,2024-01-01,13:00,203,98,Cancelled
O004807,C01544,R0336,2024-01-01,18:00,604,50,delivered
O004808,C00859,R0027,01-02-2024,18:00,-9,118,
O004809,C01430,R0447,2024-01-01,20:00,1026,78,Cancelled
O004810,C01346,R0111,01-02-2024,22:00,1212,67,delivered
O004811,C01631,R0233,2024-01-01,12:00,357,59,
O004812,C00576,R0478,,,798,101,Delivered
O004813,C01089,R0064,,,1736,118,Cancelled
O004814,C00893,R0097,,,148,49,Cancelled
O004815,C00270,R0416,01-02-2024,22:00,67,7,Delivered
O004816,C02020,R0393,01-02-2024,18:00,1497,94,Cancelled
O004817,C01124,R0267,March 3 2024,13:00,1139,81,Delivered
O004818,C00438,R0485,01-02-2024,13:00,1432,41,delivered
O004819,C01043,R0326,01-02-2024,12:00,1097,-9,Delivered
O004820,C02273,R0414,,12:00,1891,90,
O004821,C01642,R0232,2024-01-01,12:00,307,37,delivered
O004822,C02474,R0399,01-02-2024,13:00,400,106,Delivered
O004823,C02508,R0443,March 3 2024,18:00,1061,77,
O004824,C02442,R0048,2024-01-01,12:00,-2,24,Delivered
O004825,C02960,R0350,01-02-2024,12:00,612,70,
O004826,C01384,R0210,2024-01-01,13:00,6,83,Delivered
O004827,C01454,R0076,2024-01-01,,971,104,Cancelled
O004828,C00015,R0247,2024-01-01,18:00,-55,61,
O004829,C02608,R0316,2024-01-01,12:00,1070,69,Cancelled
O004830,C01675,R0068,2024-01-01,18:00,1503,27,Cancelled
O004831,C01004,R0313,01-02-2024,20:00,849,20,
O004832,C02462,R0064,2024-01-01,,1041,-3,Cancelled
O004833,C01379,R0182,2024-01-01,,528,24,delivered
O004834,C01481,R0080,March 3 2024,12:00,1631,23,Delivered
O004835,C01746,R0343,March 3 2024,12:00,400,97,
O004836,C00218,R0203,2024-01-01,13:00,1717,41,delivered
O004837,C01862,R0182,01-02-2024,,492,94,
O004838,C00115,R0443,March 3 2024,20:00,71,46,Delivered
O004839,C01376,R0472,March 3 2024,20:00,857,43,
O004840,C00976,R0214,2024-01-01,20:00,708,4,Delivered
O004841,C01686,R0423,01-02-2024,22:00,522,99,delivered
O004842,C02084,R0120,,13:00,618,33,
O004843,C02290,R0399,01-02-2024,13:00,1334,80,Delivered
O004844,C01687,R0241,March 3 2024,12:00,1440,91,Cancelled
O004845,C00063,R0335,March 3 2024,13:00,1336,117,Cancelled
O004846,C02714,R0202,March 3 2024,12:00,277,73,delivered
O004847,C00509,R0412,March 3 2024,12:00,1332,18,delivered
O004848,C00188,R0292,March 3 2024,22:00,1674,96,delivered
O004849,C02783,R0054,2024-01-01,13:00,317,4,Cancelled
O004850,C00093,R0145,2024-01-01,13:00,882,75,Delivered
O004851,C00005,R0356,2024-01-01,22:00,1038,76,delivered
O004852,C02073,R0086,March 3 2024,22:00,1133,57,Delivered
O004853,C02556,R0471,2024-01-01,13:00,346,77,Delivered
O004854,C00098,R0477,March 3 2024,13:00,730,53,delivered
O004855,C01292,R0022,01-02-2024,12:00,1317,3,delivered
O004856,C02710,R0331,,18:00,1104,43,Cancelled
O004857,C01788,R0292,01-02-2024,,92,48,delivered
O004858,C01309,R0236,,12:00,1179,117,Cancelled
O004859,C00684,R0029,2024-01-01,20:00,1868,44,Cancelled
O004860,C01133,R0183,,20:00,605,28,Delivered
O004861,C00027,R0426,01-02-2024,18:00,1559,66,Cancelled
O004862,C01782,R0160,01-02-2024,,547,33,Delivered
O004863,C02103,R0398,,22:00,694,35,Cancelled
O004864,C00781,R0018,01-02-2024,20:00,640,86,delivered
O004865,C02346,R0038,2024-01-01,22:00,141,69,
O004866,C01615,R0101,01-02-2024,22:00,1409,33,Delivered
O004867,C01042,R0290,,12:00,954,83,delivered
O004868,C02866,R0377,2024-01-01,22:00,672,33,Delivered
O004869,C01794,R0173,,18:00,983,100,Cancelled
O004870,C00855,R0343,March 3 2024,12:00,0,-4,Delivered
O004871,C01643,R0416,March 3 2024,18:00,1678,31,
O004872,C01933,R0366,2024-01-01,22:00,1919,51,delivered
O004873,C02027,R0067,2024-01-01,20:00,488,-9,Delivered
O004874,C01988,R0191,01-02-2024,,172,66,
O004875,C02607,R0439,,22:00,1934,35,delivered
O004876,C01270,R0043,March 3 2024,18:00,1401,27,
O004877,C02551,R0123,01-02-2024,13:00,882,84,Delivered
O004878,C01113,R0278,March 3 2024,13:00,286,118,
O004879,C02251,R0343,01-02-2024,20:00,1531,96,Cancelled
O004880,C02994,R0196,01-02-2024,,-56,49,Delivered
O004881,C00240,R0333,March 3 2024,18:00,1181,44,delivered
O004882,C00490,R0125,01-02-2024,20:00,714,96,Cancelled
O004883,C01037,R0096,March 3 2024,12:00,1169,20,Delivered
O004884,C02697,R0378,2024-01-01,22:00,139,86,Cancelled
O004885,C01339,R0157,,12:00,1051,75,
O004886,C02037,R0040,01-02-2024,13:00,1637,108,delivered
O004887,C00685,R0360,March 3 2024,22:00,175,85,Cancelled
O004888,C02027,R0173,March 3 2024,12:00,1475,-8,
O004889,C02291,R0375,,13:00,732,31,
O004890,C02555,R0394,,,1269,75,delivered
O004891,C01615,R0461,,12:00,467,-1,Delivered
O004892,C01768,R0173,01-02-2024,22:00,59,36,delivered
O004893,C00613,R0120,March 3 2024,12:00,1757,72,delivered
O004894,C00162,R0273,01-02-2024,22:00,-5,106,
O004895,C00656,R0358,01-02-2024,12:00,498,-1,delivered
O004896,C01668,R0386,2024-01-01,20:00,1230,118,delivered
O004897,C00621,R0401,,,-57,60,Delivered
O004898,C01257,R0364,2024-01-01,12:00,911,108,delivered
O004899,C02159,R0346,2024-01-01,12:00,1646,108,delivered
O004900,C01952,R0375,01-02-2024,20:00,1781,116,
O004901,C02982,R0422,01-02-2024,13:00,1956,-7,Delivered
O004902,C01256,R0421,March 3 2024,22:00,1848,75,delivered
O004903,C01976,R0319,2024-01-01,18:00,1783,-1,Delivered
O004904,C00750,R0261,,13:00,280,113,Delivered
O004905,C00709,R0281,2024-01-01,22:00,1755,65,
O004906,C02321,R0329,March 3 2024,12:00,1566,46,delivered
O004907,C01622,R0124,2024-01-01,13:00,1558,71,Cancelled
O004908,C02855,R0476,2024-01-01,12:00,287,12,Delivered
O004909,C00041,R0278,2024-01-01,13:00,809,59,
O004910,C00560,R0093,March 3 2024,13:00,1847,-4,Delivered
O004911,C00466,R0447,2024-01-01,18:00,1242,8,Cancelled
O004912,C01101,R0035,01-02-2024,20:00,775,106,Cancelled
O004913,C01714,R0311,2024-01-01,13:00,-73,75,delivered
O004914,C00490,R0128,01-02-2024,12:00,535,68,
O004915,C00117,R0020,2024-01-01,18:00,1915,48,Cancelled
O004916,C02482,R0261,01-02-2024,13:00,1321,59,Delivered
O004917,C00355,R0167,2024-01-01,20:00,486,-5,Cancelled
O004918,C01595,R0319,,12:00,1109,65,Delivered
O004919,C00196,R0236,01-02-2024,18:00,133,108,
O004920,C00619,R0032,,22:00,1877,59,delivered
O004921,C01475,R0231,01-02-2024,,228,104,Cancelled
O004922,C02473,R0191,2024-01-01,20:00,1182,90,
O004923,C01308,R0330,March 3 2024,22:00,1933,100,
O004924,C00034,R0424,2024-01-01,22:00,290,72,Cancelled
O004925,C02343,R0145,March 3 2024,18:00,1785,-4,
O004926,C01275,R0101,,18:00,1843,50,delivered
O004927,C00339,R0079,March 3 2024,18:00,1936,97,delivered
O004928,C02666,R0457,March 3 2024,22:00,1850,61,Cancelled
O004929,C00180,R0160,March 3 2024,,1771,88,Cancelled
O004930,C00622,R0255,March 3 2024,12:00,-97,42,
O004931,C01657,R0279,,18:00,1051,72,
O004932,C02667,R0459,March 3 2024,20:00,-92,17,
O004933,C00643,R0188,2024-01-01,18:00,1574,35,Cancelled
O004934,C02071,R0461,01-02-2024,,831,112,Cancelled
O004935,C01681,R0210,01-02-2024,18:00,24,73,Delivered
O004936,C01351,R0241,2024-01-01,,916,16,
O004937,C01178,R0056,,18:00,158,24,Cancelled
O004938,C00619,R0137,2024-01-01,22:00,871,36,Delivered
O004939,C01170,R0106,2024-01-01,,1449,41,delivered
O004940,C00252,R0069,March 3 2024,12:00,178,58,Delivered
O004941,C00302,R0190,March 3 2024,18:00,1046,30,delivered
O004942,C01567,R0192,,22:00,488,39,Cancelled
O004943,C02211,R0491,,20:00,401,34,
O004944,C00612,R0278,01-02-2024,12:00,792,9,delivered
O004945,C01072,R0032,,22:00,117,109,
O004946,C02493,R0175,2024-01-01,,259,25,
O004947,C01944,R0258,01-02-2024,13:00,1388,80,delivered
O004948,C00074,R0123,01-02-2024,20:00,1564,59,
O004949,C02874,R0085,March 3 2024,20:00,190,94,
O004950,C01728,R0476,March 3 2024,13:00,1983,87,
O004951,C00542,R0436,01-02-2024,22:00,759,92,
O004952,C00157,R0216,March 3 2024,22:00,1478,113,Delivered
O004953,C01290,R0216,March 3 2024,,1277,63,delivered
O004954,C00256,R0014,March 3 2024,20:00,1466,53,
O004955,C01052,R0037,01-02-2024,22:00,430,34,
O004956,C00937,R0027,01-02-2024,13:00,379,27,Cancelled
O004957,C02166,R0152,01-02-2024,22:00,696,99,Cancelled
O004958,C02418,R0064,2024-01-01,20:00,996,90,delivered
O004959,C02257,R0070,01-02-2024,22:00,999,74,
O004960,C02635,R0154,March 3 2024,12:00,1914,62,delivered
O004961,C02897,R0438,01-02-2024,13:00,1261,-8,Cancelled
O004962,C01892,R0253,2024-01-01,13:00,375,48,Cancelled
O004963,C01582,R0271,March 3 2024,18:00,816,89,Cancelled
O004964,C00316,R0029,,22:00,548,19,Delivered
O004965,C02492,R0484,01-02-2024,,701,5,Delivered
O004966,C01776,R0074,01-02-2024,13:00,1994,18,Cancelled
O004967,C01971,R0284,,22:00,1971,89,Cancelled
O004968,C01222,R0059,March 3 2024,12:00,1259,13,Delivered
O004969,C01723,R0243,01-02-2024,20:00,1207,-4,Cancelled
O004970,C02676,R0329,2024-01-01,20:00,778,90,Cancelled
O004971,C02493,R0149,March 3 2024,18:00,1918,35,Delivered
O004972,C00570,R0010,01-02-2024,18:00,129,37,Delivered
O004973,C02630,R0132,March 3 2024,,602,91,Delivered
O004974,C02653,R0062,01-02-2024,13:00,17,32,Cancelled
O004975,C02789,R0388,,,847,44,Cancelled
O004976,C00908,R0383,01-02-2024,13:00,471,54,
O004977,C00649,R0262,March 3 2024,13:00,1860,30,Cancelled
O004978,C01641,R0218,01-02-2024,12:00,422,23,Cancelled
O004979,C02353,R0232,01-02-2024,18:00,671,48,Delivered
O004980,C00339,R0336,March 3 2024,18:00,12,52,delivered
O004981,C00529,R0072,01-02-2024,20:00,1187,1,Cancelled
O004982,C02102,R0476,01-02-2024,18:00,1267,11,Cancelled
O004983,C01136,R0016,March 3 2024,18:00,-2,45,Cancelled
O004984,C02732,R0038,,12:00,946,-5,
O004985,C01952,R0177,2024-01-01,,138,25,Delivered
O004986,C00419,R0445,2024-01-01,13:00,1186,115,
O004987,C02353,R0321,2024-01-01,,1248,48,
O004988,C01680,R0382,2024-01-01,12:00,286,57,delivered
O004989,C00085,R0083,2024-01-01,22:00,505,41,Cancelled
O004990,C02300,R0434,2024-01-01,20:00,1223,109,
O004991,C01752,R0017,March 3 2024,20:00,462,66,
O004992,C00126,R0369,March 3 2024,20:00,1742,69,
O004993,C02658,R0156,March 3 2024,,-81,96,Delivered
O004994,C02028,R0172,01-02-2024,13:00,441,79,Cancelled
O004995,C01429,R0396,,13:00,1223,86,
O004996,C02352,R0070,,13:00,1665,57,Cancelled
O004997,C02896,R0071,2024-01-01,20:00,1214,62,Cancelled
O004998,C01290,R0255,2024-01-01,20:00,1845,30,delivered
O004999,C02703,R0456,March 3 2024,,839,105,Delivered
O005000,C00644,R0131,,,137,82,
O005001,C02906,R0049,01-02-2024,20:00,543,91,
O005002,C02559,R0021,01-02-2024,22:00,84,93,delivered
O005003,C02255,R0392,March 3 2024,22:00,1730,81,
O005004,C00574,R0320,2024-01-01,,1685,8,Delivered
O005005,C02923,R0220,,20:00,1348,107,
O005006,C02559,R0187,01-02-2024,13:00,381,54,Delivered
O005007,C02022,R0414,2024-01-01,13:00,1281,58,
O005008,C01668,R0032,,22:00,261,42,Cancelled
O005009,C02249,R0203,01-02-2024,22:00,959,55,Cancelled
O005010,C02871,R0276,2024-01-01,20:00,415,55,delivered
O005011,C01308,R0242,01-02-2024,20:00,1669,7,
O005012,C00137,R0016,2024-01-01,13:00,229,69,
O005013,C00130,R0409,2024-01-01,,1442,28,Delivered
O005014,C01219,R0316,2024-01-01,18:00,854,116,
O005015,C01018,R0173,,,192,40,delivered
O005016,C00432,R0137,March 3 2024,13:00,1834,116,
O005017,C02588,R0179,2024-01-01,,1209,87,Cancelled
O005018,C02383,R0359,2024-01-01,13:00,259,67,delivered
O005019,C02574,R0061,01-02-2024,20:00,1509,37,Cancelled
O005020,C02606,R0497,01-02-2024,18:00,1260,71,delivered
O005021,C00909,R0424,,18:00,523,22,delivered
O005022,C02014,R0104,March 3 2024,20:00,1465,70,delivered
O005023,C02558,R0317,01-02-2024,12:00,1820,88,delivered
O005024,C00209,R0195,,20:00,1411,-9,Delivered
O005025,C01985,R0256,,22:00,1153,65,delivered
O005026,C00058,R0464,,,517,79,Cancelled
O005027,C02008,R0076,2024-01-01,18:00,1723,115,
O005028,C02864,R0271,March 3 2024,20:00,474,10,Delivered
O005029,C01369,R0181,March 3 2024,13:00,1901,-6,Delivered
O005030,C01038,R0132,March 3 2024,13:00,296,17,Delivered
O005031,C01383,R0151,2024-01-01,,1479,76,
O005032,C00377,R0155,2024-01-01,13:00,301,37,
O005033,C02291,R0359,01-02-2024,20:00,1411,85,Delivered
O005034,C00993,R0235,01-02-2024,12:00,1993,88,Delivered
O005035,C02939,R0248,01-02-2024,22:00,586,59,delivered
O005036,C00415,R0165,,13:00,53,72,delivered
O005037,C00394,R0205,March 3 2024,20:00,160,-5,
O005038,C00729,R0427,2024-01-01,12:00,1932,108,delivered
O005039,C00358,R0165,01-02-2024,18:00,1676,114,Cancelled
O005040,C01600,R0488,,18:00,1254,56,Cancelled
O005041,C01182,R0213,2024-01-01,,538,13,delivered
O005042,C02722,R0413,,22:00,1192,98,delivered
O005043,C02066,R0254,,20:00,56,84,Delivered
O005044,C02776,R0157,,20:00,513,18,delivered
O005045,C02609,R0177,March 3 2024,13:00,1808,-9,Cancelled
O005046,C01592,R0075,2024-01-01,12:00,881,19,
O005047,C00155,R0435,2024-01-01,22:00,1175,100,
O005048,C01591,R0178,,12:00,166,63,Delivered
O005049,C01555,R0284,March 3 2024,22:00,-42,65,
O005050,C00487,R0330,,20:00,516,107,delivered
O005051,C02199,R0133,01-02-2024,20:00,1704,8,Delivered
O005052,C01383,R0125,2024-01-01,22:00,1482,43,delivered
O005053,C02416,R0312,2024-01-01,12:00,1587,109,
O005054,C01071,R0320,March 3 2024,,1611,84,delivered
O005055,C02255,R0127,2024-01-01,18:00,1242,22,Delivered
O005056,C02498,R0377,2024-01-01,18:00,556,55,Delivered
O005057,C01507,R0345,2024-01-01,13:00,736,79,Cancelled
O005058,C01876,R0225,March 3 2024,13:00,923,54,
O005059,C00924,R0017,,,633,75,delivered
O005060,C02745,R0497,2024-01-01,12:00,297,25,Cancelled
O005061,C02618,R0481,,,868,103,Cancelled
O005062,C02191,R0473,March 3 2024,20:00,361,26,
O005063,C01071,R0353,,12:00,37,39,delivered
O005064,C00191,R0311,01-02-2024,22:00,661,58,
O005065,C00140,R0246,2024-01-01,18:00,762,90,delivered
O005066,C00615,R0137,March 3 2024,13:00,680,87,Cancelled
O005067,C02973,R0475,March 3 2024,12:00,492,26,Cancelled
O005068,C01515,R0217,,12:00,1500,16,Cancelled
O005069,C00624,R0196,2024-01-01,22:00,1346,101,delivered
O005070,C01340,R0201,March 3 2024,20:00,1342,-10,Delivered
O005071,C01346,R0366,01-02-2024,20:00,1236,114,
O005072,C00087,R0207,,18:00,1201,18,delivered
O005073,C01918,R0016,01-02-2024,,701,27,
O005074,C00282,R0400,01-02-2024,,473,-3,
O005075,C02812,R0013,,13:00,495,84,Cancelled
O005076,C01098,R0078,01-02-2024,20:00,1947,85,
O005077,C00453,R0214,,20:00,-74,15,Delivered
O005078,C00047,R0341,,20:00,1243,102,delivered
O005079,C01612,R0329,March 3 2024,,30,0,Delivered
O005080,C02986,R0447,March 3 2024,12:00,1446,12,Delivered
O005081,C02079,R0119,01-02-2024,20:00,1120,22,Cancelled
O005082,C02582,R0425,01-02-2024,,636,119,delivered
O005083,C02065,R0181,01-02-2024,22:00,1198,102,delivered
O005084,C01684,R0324,01-02-2024,,991,50,Delivered
O005085,C01259,R0330,01-02-2024,18:00,132,1,delivered
O005086,C00392,R0355,March 3 2024,20:00,121,96,
O005087,C00354,R0373,01-02-2024,13:00,352,92,delivered
O005088,C00305,R0137,01-02-2024,12:00,1559,55,delivered
O005089,C01623,R0179,2024-01-01,22:00,203,114,
O005090,C01574,R0432,,,835,46,
O005091,C01564,R0208,,18:00,1537,35,
O005092,C01613,R0433,March 3 2024,12:00,1243,11,
O005093,C01949,R0402,,22:00,264,-6,delivered
O005094,C02557,R0394,01-02-2024,12:00,1312,57,Cancelled
O005095,C00712,R0469,,18:00,1150,3,Cancelled
O005096,C01419,R0371,March 3 2024,18:00,355,103,
O005097,C02733,R0054,,20:00,1663,16,delivered
O005098,C00786,R0079,,13:00,1228,-7,delivered
O005099,C00857,R0271,2024-01-01,20:00,227,117,delivered
O005100,C00177,R0395,2024-01-01,,718,53,delivered
O005101,C01430,R0424,01-02-2024,12:00,1865,75,delivered
O005102,C02349,R0118,,20:00,635,69,Cancelled
O005103,C02493,R0368,01-02-2024,18:00,1367,8,Delivered
O005104,C02069,R0106,,18:00,465,105,Delivered
O005105,C00711,R0105,01-02-2024,18:00,1527,83,Delivered
O005106,C02749,R0303,01-02-2024,20:00,719,58,
O005107,C01868,R0118,,,1614,20,
O005108,C00152,R0382,2024-01-01,,415,84,Cancelled
O005109,C02907,R0229,March 3 2024,22:00,1024,99,Cancelled
O005110,C01467,R0148,01-02-2024,20:00,1328,25,delivered
O005111,C00096,R0354,March 3 2024,20:00,1053,30,Cancelled
O005112,C01099,R0150,,20:00,743,54,
O005113,C02926,R0304,01-02-2024,20:00,-66,65,Cancelled
O005114,C00640,R0256,,18:00,1946,113,delivered
O005115,C01157,R0082,01-02-2024,13:00,1667,11,delivered
O005116,C02448,R0016,2024-01-01,20:00,1682,110,delivered
O005117,C02294,R0389,01-02-2024,20:00,128,11,
O005118,C00112,R0193,01-02-2024,13:00,875,115,Delivered
O005119,C01194,R0211,01-02-2024,20:00,1746,58,Delivered
O005120,C01623,R0074,,13:00,1176,-1,
O005121,C01634,R0277,2024-01-01,18:00,1411,0,delivered
O005122,C01162,R0061,,22:00,704,-6,delivered
O005123,C01618,R0461,March 3 2024,20:00,463,1,
O005124,C01260,R0439,2024-01-01,22:00,1962,33,Delivered
O005125,C01672,R0024,01-02-2024,20:00,794,98,delivered
O005126,C02842,R0023,01-02-2024,12:00,753,82,delivered
O005127,C01595,R0343,01-02-2024,,239,79,Delivered
O005128,C02164,R0395,March 3 2024,12:00,79,18,
O005129,C01496,R0431,March 3 2024,18:00,488,25,Cancelled
O005130,C02982,R0258,01-02-2024,22:00,1945,24,delivered
O005131,C01225,R0198,01-02-2024,22:00,1658,102,Delivered
O005132,C00292,R0053,March 3 2024,13:00,1968,-3,
O005133,C02390,R0139,,13:00,1516,5,Delivered
O005134,C01015,R0271,2024-01-01,20:00,464,32,Delivered
O005135,C01634,R0201,2024-01-01,13:00,568,58,Cancelled
O005136,C01240,R0396,March 3 2024,13:00,268,45,delivered
O005137,C01660,R0378,March 3 2024,22:00,593,30,delivered
O005138,C00585,R0379,,12:00,1001,66,delivered
O005139,C01914,R0164,01-02-2024,22:00,1042,-3,Cancelled
O005140,C02027,R0092,March 3 2024,13:00,258,43,Delivered
O005141,C01493,R0023,,20:00,1540,79,
O005142,C00027,R0411,March 3 2024,12:00,1437,109,Delivered
O005143,C01701,R0088,01-02-2024,13:00,1550,-2,delivered
O005144,C00455,R0398,March 3 2024,13:00,402,60,Cancelled
O005145,C00918,R0182,01-02-2024,,1979,19,Delivered
O005146,C02628,R0355,,20:00,-39,70,Cancelled
O005147,C00014,R0283,2024-01-01,20:00,1020,97,
O005148,C02146,R0021,,13:00,1570,84,
O005149,C00279,R0049,2024-01-01,13:00,1419,54,delivered
O005150,C01964,R0190,,22:00,1533,19,Cancelled
O005151,C00490,R0205,2024-01-01,18:00,351,36,delivered
O005152,C00985,R0456,,20:00,1592,84,Cancelled
O005153,C00961,R0044,01-02-2024,20:00,256,77,Cancelled
O005154,C01783,R0492,2024-01-01,,945,64,
O005155,C02672,R0300,2024-01-01,22:00,495,95,Delivered
O005156,C02255,R0128,01-02-2024,12:00,1524,69,Delivered
O005157,C01888,R0482,01-02-2024,,1029,50,
O005158,C01870,R0189,2024-01-01,,1872,86,
O005159,C01597,R0170,2024-01-01,12:00,770,-5,Cancelled
O005160,C02645,R0279,2024-01-01,12:00,1930,34,Delivered
O005161,C02743,R0201,March 3 2024,20:00,1731,54,delivered
O005162,C01263,R0385,,18:00,-8,26,delivered
O005163,C00250,R0125,01-02-2024,18:00,703,79,Delivered
O005164,C01607,R0292,01-02-2024,22:00,253,91,Delivered
O005165,C00740,R0311,,12:00,778,99,Delivered
O005166,C00306,R0366,01-02-2024,12:00,507,39,Cancelled
O005167,C01807,R0016,01-02-2024,13:00,1796,112,
O005168,C01937,R0345,2024-01-01,22:00,882,60,
O005169,C01826,R0274,01-02-2024,,1010,100,Cancelled
O005170,C00787,R0482,March 3 2024,,282,20,delivered
O005171,C02766,R0294,March 3 2024,22:00,1518,104,Cancelled
O005172,C00183,R0451,2024-01-01,20:00,1447,37,Delivered
O005173,C02693,R0020,2024-01-01,20:00,928,46,
O005174,C00030,R0019,01-02-2024,22:00,999,4,
O005175,C01412,R0013,2024-01-01,18:00,1951,43,Cancelled
O005176,C00767,R0017,2024-01-01,22:00,1006,25,
O005177,C00615,R0206,,18:00,840,42,Cancelled
O005178,C01005,R0030,2024-01-01,20:00,330,63,
O005179,C02122,R0470,March 3 2024,22:00,1916,33,Cancelled
O005180,C01270,R0299,01-02-2024,18:00,1982,22,Delivered
O005181,C00024,R0304,2024-01-01,13:00,1165,44,Cancelled
O005182,C02476,R0043,,13:00,807,33,
O005183,C01056,R0093,01-02-2024,22:00,183,40,Cancelled
O005184,C02911,R0370,01-02-2024,12:00,626,88,Cancelled
O005185,C02387,R0066,01-02-2024,22:00,1681,75,
O005186,C01971,R0119,,20:00,236,40,Delivered
O005187,C02005,R0309,March 3 2024,20:00,1894,118,Cancelled
O005188,C01539,R0072,,13:00,1887,37,delivered
O005189,C02560,R0334,,18:00,485,116,delivered
O005190,C00672,R0162,01-02-2024,13:00,1814,103,Delivered
O005191,C02925,R0461,,18:00,466,73,Delivered
O005192,C00571,R0330,01-02-2024,22:00,1599,36,
O005193,C00764,R0328,2024-01-01,12:00,774,-1,
O005194,C01243,R0455,2024-01-01,20:00,1551,15,Cancelled
O005195,C00713,R0269,,22:00,1220,39,Delivered
O005196,C02637,R0218,March 3 2024,13:00,1690,118,Cancelled
O005197,C00767,R0254,01-02-2024,,1265,98,
O005198,C01783,R0440,,,854,52,Cancelled
O005199,C01294,R0059,,22:00,1788,32,Cancelled
O005200,C02867,R0032,March 3 2024,12:00,1347,30,Cancelled
O005201,C01675,R0339,01-02-2024,18:00,1966,4,Delivered
O005202,C02126,R0120,,12:00,1746,118,delivered
O005203,C02058,R0463,March 3 2024,13:00,1951,47,Delivered
O005204,C01492,R0310,01-02-2024,12:00,1204,43,Cancelled
O005205,C01360,R0002,2024-01-01,20:00,-38,51,
O005206,C00636,R0118,March 3 2024,,913,116,delivered
O005207,C01210,R0037,,12:00,1937,60,Cancelled
O005208,C02640,R0467,2024-01-01,22:00,1889,35,Cancelled
O005209,C02766,R0097,01-02-2024,18:00,1802,79,
O005210,C02613,R0359,March 3 2024,20:00,1704,111,Cancelled
O005211,C01692,R0370,2024-01-01,20:00,1777,73,Cancelled
O005212,C01298,R0417,2024-01-01,20:00,1695,71,delivered
O005213,C02458,R0257,,13:00,925,22,Delivered
O005214,C00358,R0128,2024-01-01,13:00,777,78,
O005215,C01671,R0359,,22:00,31,103,
O005216,C02146,R0156,01-02-2024,18:00,971,39,
O005217,C01007,R0145,,12:00,892,8,Delivered
O005218,C00241,R0057,March 3 2024,22:00,1576,-8,Delivered
O005219,C02605,R0070,2024-01-01,13:00,970,105,delivered
O005220,C02759,R0436,01-02-2024,22:00,1659,80,delivered
O005221,C01827,R0044,,18:00,1334,32,
O005222,C01265,R0212,,22:00,1145,97,Delivered
O005223,C00156,R0175,,,1299,33,delivered
O005224,C00352,R0141,01-02-2024,,932,41,Cancelled
O005225,C00044,R0076,01-02-2024,20:00,801,86,Delivered
O005226,C02640,R0158,March 3 2024,12:00,1394,17,Cancelled
O005227,C00138,R0085,01-02-2024,13:00,241,98,delivered
O005228,C01968,R0322,,13:00,-35,43,Cancelled
O005229,C02484,R0309,01-02-2024,,506,-9,delivered
O005230,C00754,R0018,,18:00,1319,103,
O005231,C00143,R0284,March 3 2024,18:00,1281,6,
O005232,C01847,R0388,March 3 2024,18:00,257,17,
O005233,C02310,R0042,,13:00,1315,17,Delivered
O005234,C02560,R0491,01-02-2024,20:00,275,5,Delivered
O005235,C02721,R0382,01-02-2024,12:00,1109,74,
O005236,C00062,R0373,2024-01-01,18:00,1228,-6,Delivered
O005237,C01591,R0134,March 3 2024,13:00,77,34,delivered
O005238,C01447,R0102,March 3 2024,20:00,134,41,Cancelled
O005239,C01420,R0137,,18:00,661,51,delivered
O005240,C02020,R0404,2024-01-01,18:00,1987,-6,
O005241,C02079,R0493,01-02-2024,12:00,1210,96,Cancelled
O005242,C02997,R0222,,,1182,0,delivered
O005243,C02850,R0229,01-02-2024,12:00,1163,75,Cancelled
O005244,C01193,R0294,01-02-2024,22:00,1507,49,Delivered
O005245,C02314,R0452,01-02-2024,,250,55,Cancelled
O005246,C02356,R0486,2024-01-01,,440,6,Cancelled
O005247,C02507,R0306,March 3 2024,,1522,29,
O005248,C00334,R0316,March 3 2024,18:00,-71,69,Delivered
O005249,C02563,R0397,01-02-2024,22:00,208,65,delivered
O005250,C02489,R0119,2024-01-01,13:00,1409,52,
O005251,C02721,R0099,01-02-2024,12:00,1993,40,Cancelled
O005252,C02439,R0350,01-02-2024,,36,118,delivered
O005253,C01796,R0426,,,674,40,Cancelled
O005254,C02983,R0324,2024-01-01,20:00,1498,-7,Cancelled
O005255,C02608,R0409,2024-01-01,18:00,1354,73,delivered
O005256,C00254,R0159,March 3 2024,18:00,746,38,Cancelled
O005257,C01424,R0239,March 3 2024,22:00,106,28,Cancelled
O005258,C01028,R0396,01-02-2024,12:00,1904,94,delivered
O005259,C01912,R0320,,,1129,5,delivered
O005260,C02167,R0335,,,495,81,
O005261,C00996,R0189,,22:00,1027,14,delivered
O005262,C00470,R0309,01-02-2024,18:00,751,28,
O005263,C01494,R0249,March 3 2024,12:00,454,35,delivered
O005264,C02833,R0026,2024-01-01,18:00,1102,105,
O005265,C01888,R0189,01-02-2024,12:00,1187,42,
O005266,C01524,R0394,,18:00,654,103,Cancelled
O005267,C01094,R0140,,20:00,448,40,Delivered
O005268,C00694,R0406,01-02-2024,,1276,9,delivered
O005269,C02913,R0488,,22:00,1287,76,delivered
O005270,C02824,R0181,2024-01-01,12:00,1173,51,Cancelled
O005271,C01394,R0021,01-02-2024,22:00,1043,92,Delivered
O005272,C02045,R0163,2024-01-01,12:00,706,1,Delivered
O005273,C00181,R0071,March 3 2024,12:00,1827,70,delivered
O005274,C01221,R0082,,,1133,-9,delivered
O005275,C00047,R0155,,12:00,1999,114,
O005276,C00634,R0316,March 3 2024,18:00,1645,106,Delivered
O005277,C01164,R0355,March 3 2024,13:00,212,-3,Delivered
O005278,C01689,R0047,March 3 2024,18:00,1202,26,
O005279,C01564,R0194,,13:00,287,44,
O005280,C01451,R0224,March 3 2024,,1125,38,delivered
O005281,C00589,R0399,01-02-2024,,1775,48,Delivered
O005282,C01878,R0237,March 3 2024,18:00,1966,49,Cancelled
O005283,C02358,R0280,01-02-2024,13:00,-6,78,
O005284,C02322,R0468,01-02-2024,,29,67,Delivered
O005285,C01563,R0010,2024-01-01,12:00,1853,108,Delivered
O005286,C00840,R0376,01-02-2024,12:00,886,89,Delivered
O005287,C01414,R0472,01-02-2024,13:00,716,52,Delivered
O005288,C02507,R0152,March 3 2024,13:00,1679,116,
O005289,C00733,R0344,,22:00,656,55,Cancelled
O005290,C02409,R0104,March 3 2024,12:00,1067,74,Cancelled
O005291,C01018,R0496,2024-01-01,18:00,1134,-7,
O005292,C02710,R0124,2024-01-01,22:00,305,82,Delivered
O005293,C02747,R0185,,13:00,1752,12,
O005294,C01455,R0496,01-02-2024,,1889,43,
O005295,C02933,R0290,2024-01-01,18:00,62,69,Delivered
O005296,C00758,R0041,,20:00,450,33,
O005297,C02003,R0424,March 3 2024,20:00,30,1,
O005298,C00621,R0011,March 3 2024,,1604,69,Delivered
O005299,C01889,R0218,March 3 2024,20:00,686,115,Cancelled
O005300,C00182,R0001,01-02-2024,,1833,81,
O005301,C02734,R0414,01-02-2024,18:00,1246,61,delivered
O005302,C02729,R0171,,,-56,35,Delivered
O005303,C02296,R0338,2024-01-01,13:00,246,61,delivered
O005304,C02668,R0282,March 3 2024,18:00,613,82,
O005305,C01321,R0053,01-02-2024,22:00,546,110,Cancelled
O005306,C01800,R0125,01-02-2024,22:00,257,7,
O005307,C02078,R0175,2024-01-01,20:00,804,33,Delivered
O005308,C01326,R0265,March 3 2024,13:00,-41,32,Cancelled
O005309,C01500,R0265,March 3 2024,22:00,130,68,
O005310,C02921,R0385,2024-01-01,12:00,347,66,Delivered
O005311,C00948,R0199,,12:00,453,49,delivered
O005312,C01376,R0256,,20:00,952,52,
O005313,C00985,R0172,2024-01-01,20:00,1302,13,delivered
O005314,C02365,R0059,2024-01-01,20:00,730,18,Delivered
O005315,C02785,R0440,,22:00,-63,118,Delivered
O005316,C01421,R0106,2024-01-01,13:00,1130,113,delivered
O005317,C02216,R0435,March 3 2024,,1629,-10,Cancelled
O005318,C02791,R0125,,,188,62,
O005319,C00126,R0016,,20:00,1416,10,Delivered
O005320,C02621,R0038,,18:00,1148,86,Cancelled
O005321,C00120,R0395,March 3 2024,20:00,1975,41,Delivered
O005322,C01452,R0243,2024-01-01,,601,55,Delivered
O005323,C01009,R0409,01-02-2024,,1296,104,Delivered
O005324,C01214,R0477,01-02-2024,,1750,77,delivered
O005325,C01452,R0467,March 3 2024,22:00,103,51,delivered
O005326,C02608,R0210,March 3 2024,13:00,1038,8,Delivered
O005327,C00697,R0495,2024-01-01,20:00,943,-9,
O005328,C02271,R0315,01-02-2024,12:00,907,44,Cancelled
O005329,C01516,R0285,,20:00,1520,68,Delivered
O005330,C01035,R0464,March 3 2024,20:00,252,0,Cancelled
O005331,C02841,R0494,01-02-2024,13:00,1037,74,Delivered
O005332,C01536,R0168,,18:00,445,16,Cancelled
O005333,C00814,R0264,,20:00,181,11,
O005334,C00310,R0098,2024-01-01,20:00,572,-8,Cancelled
O005335,C01012,R0134,March 3 2024,,659,-8,Delivered
O005336,C02797,R0429,,22:00,1244,32,
O005337,C01058,R0365,March 3 2024,13:00,419,78,Delivered
O005338,C01019,R0181,01-02-2024,22:00,9,26,Delivered
O005339,C02529,R0222,01-02-2024,,852,83,delivered
O005340,C02622,R0364,March 3 2024,20:00,579,28,Cancelled
O005341,C00825,R0482,,20:00,1501,54,Delivered
O005342,C02045,R0149,,12:00,858,32,
O005343,C01117,R0244,01-02-2024,22:00,1875,10,
O005344,C00628,R0313,,,1959,-1,
O005345,C01157,R0076,,13:00,1722,34,delivered
O005346,C02892,R0369,01-02-2024,20:00,1924,82,Delivered
O005347,C00989,R0262,2024-01-01,12:00,1084,-8,
O005348,C02467,R0231,01-02-2024,12:00,279,32,delivered
O005349,C01492,R0191,March 3 2024,18:00,1194,30,
O005350,C01829,R0380,2024-01-01,13:00,515,110,delivered
O005351,C02078,R0134,March 3 2024,12:00,335,96,Cancelled
O005352,C01993,R0309,2024-01-01,13:00,821,-2,Delivered
O005353,C02346,R0252,2024-01-01,20:00,1447,113,
O005354,C01085,R0388,01-02-2024,18:00,694,102,delivered
O005355,C02506,R0245,01-02-2024,,1034,110,Delivered
O005356,C02352,R0265,March 3 2024,13:00,351,36,Cancelled
O005357,C02169,R0325,01-02-2024,,159,17,delivered
O005358,C00340,R0330,2024-01-01,18:00,1107,64,
O005359,C02496,R0367,01-02-2024,,611,83,Delivered
O005360,C01860,R0456,March 3 2024,13:00,1623,18,Cancelled
O005361,C01326,R0343,2024-01-01,,1878,46,Cancelled
O005362,C02929,R0004,March 3 2024,13:00,1309,63,delivered
O005363,C02588,R0442,,22:00,1824,108,Cancelled
O005364,C02533,R0037,01-02-2024,18:00,66,48,
O005365,C00077,R0071,2024-01-01,13:00,392,24,delivered
O005366,C01657,R0262,March 3 2024,22:00,1261,25,Cancelled
O005367,C02563,R0237,01-02-2024,22:00,1008,66,Delivered
O005368,C01573,R0307,01-02-2024,18:00,1740,47,
O005369,C02992,R0490,March 3 2024,20:00,790,-9,Delivered
O005370,C02707,R0463,2024-01-01,18:00,1234,17,Cancelled
O005371,C00092,R0355,March 3 2024,13:00,1630,59,
O005372,C01875,R0178,01-02-2024,20:00,1619,52,Delivered
O005373,C00466,R0096,March 3 2024,18:00,870,49,Cancelled
O005374,C02514,R0398,,18:00,-34,79,
O005375,C02738,R0227,01-02-2024,18:00,737,93,
O005376,C01353,R0011,2024-01-01,18:00,826,105,
O005377,C01309,R0266,,20:00,240,32,Cancelled
O005378,C00947,R0189,March 3 2024,13:00,1,5,Cancelled
O005379,C00554,R0209,2024-01-01,22:00,851,41,
O005380,C02041,R0013,,18:00,1033,60,
O005381,C02157,R0377,March 3 2024,22:00,806,-8,
O005382,C00092,R0162,,22:00,1355,78,Cancelled
O005383,C01003,R0060,01-02-2024,22:00,727,40,delivered
O005384,C00368,R0493,2024-01-01,18:00,1102,107,Delivered
O005385,C00820,R0435,,18:00,953,48,Delivered
O005386,C00423,R0005,01-02-2024,,895,41,Delivered
O005387,C00572,R0496,March 3 2024,18:00,284,36,delivered
O005388,C02910,R0202,01-02-2024,18:00,497,94,Cancelled
O005389,C01264,R0416,March 3 2024,12:00,-92,38,
O005390,C00435,R0012,2024-01-01,13:00,35,45,
O005391,C02260,R0436,01-02-2024,12:00,1213,20,delivered
O005392,C01424,R0397,01-02-2024,,875,59,Delivered
O005393,C01634,R0341,March 3 2024,20:00,878,65,Cancelled
O005394,C02574,R0240,,12:00,1571,70,Cancelled
O005395,C01754,R0438,March 3 2024,12:00,1990,63,Cancelled
O005396,C00468,R0373,,12:00,1747,98,
O005397,C01194,R0378,March 3 2024,13:00,1688,-6,Delivered
O005398,C01843,R0225,2024-01-01,22:00,1142,-7,Delivered
O005399,C00792,R0182,,20:00,1907,119,delivered
O005400,C02923,R0297,01-02-2024,20:00,12,45,Delivered
O005401,C02258,R0304,,13:00,1959,5,
O005402,C02304,R0307,March 3 2024,,1263,13,
O005403,C01707,R0431,March 3 2024,12:00,1436,44,Cancelled
O005404,C00073,R0178,,22:00,1991,58,Cancelled
O005405,C00147,R0118,01-02-2024,18:00,1242,49,Delivered
O005406,C00317,R0352,2024-01-01,13:00,1412,9,Cancelled
O005407,C00606,R0076,01-02-2024,,1697,43,Cancelled
O005408,C00575,R0046,,22:00,1249,69,delivered
O005409,C01178,R0227,March 3 2024,,1176,59,Cancelled
O005410,C02595,R0356,01-02-2024,13:00,207,24,Cancelled
O005411,C02883,R0294,March 3 2024,13:00,1246,94,Delivered
O005412,C00312,R0240,March 3 2024,18:00,1531,10,Delivered
O005413,C02856,R0348,01-02-2024,,766,67,Cancelled
O005414,C00765,R0141,,22:00,1983,11,delivered
O005415,C02182,R0204,01-02-2024,,1540,78,
O005416,C02996,R0150,2024-01-01,,610,56,
O005417,C00436,R0492,March 3 2024,12:00,1214,104,
O005418,C00358,R0130,March 3 2024,,1528,48,delivered
O005419,C02978,R0349,,22:00,1412,91,Cancelled
O005420,C02931,R0333,March 3 2024,22:00,1179,26,
O005421,C02300,R0483,March 3 2024,12:00,767,57,Cancelled
O005422,C00135,R0269,March 3 2024,18:00,1282,74,Cancelled
O005423,C00523,R0313,01-02-2024,22:00,1972,13,Cancelled
O005424,C00804,R0418,March 3 2024,,883,113,
O005425,C02708,R0403,01-02-2024,,924,115,delivered
O005426,C02367,R0137,,12:00,17,38,delivered
O005427,C00080,R0116,2024-01-01,13:00,1118,64,delivered
O005428,C01477,R0351,March 3 2024,13:00,943,99,delivered
O005429,C02462,R0161,2024-01-01,12:00,475,-5,Cancelled
O005430,C02041,R0155,01-02-2024,13:00,302,29,
O005431,C00368,R0173,,22:00,152,70,delivered
O005432,C01007,R0130,,12:00,1529,98,delivered
O005433,C00993,R0079,01-02-2024,,568,40,delivered
O005434,C00596,R0467,2024-01-01,22:00,627,-9,Delivered
O005435,C01897,R0057,March 3 2024,20:00,1357,39,Cancelled
O005436,C02749,R0351,01-02-2024,18:00,1045,72,delivered
O005437,C01045,R0057,01-02-2024,,1440,34,Cancelled
O005438,C02597,R0400,01-02-2024,,878,22,Cancelled
O005439,C02294,R0363,01-02-2024,18:00,468,117,Cancelled
O005440,C02331,R0335,01-02-2024,18:00,442,87,Delivered
O005441,C02662,R0134,,12:00,418,24,Delivered
O005442,C02979,R0014,01-02-2024,20:00,1959,74,delivered
O005443,C02854,R0283,,18:00,-91,77,Cancelled
O005444,C02280,R0294,2024-01-01,22:00,56,90,Delivered
O005445,C02364,R0147,March 3 2024,,40,49,
O005446,C02886,R0421,,18:00,36,18,
O005447,C01824,R0127,March 3 2024,20:00,590,7,Cancelled
O005448,C02012,R0491,March 3 2024,22:00,1523,37,
O005449,C02000,R0260,March 3 2024,22:00,1323,0,delivered
O005450,C00411,R0314,,12:00,1365,5,
O005451,C02293,R0218,,12:00,575,30,
O005452,C00387,R0393,,13:00,1436,32,
O005453,C02737,R0233,2024-01-01,20:00,1279,80,Cancelled
O005454,C01749,R0369,,22:00,832,20,Delivered
O005455,C02406,R0168,2024-01-01,20:00,967,17,
O005456,C01022,R0143,,18:00,110,40,
O005457,C02662,R0489,,,407,16,Cancelled
O005458,C02846,R0485,March 3 2024,18:00,131,-2,delivered
O005459,C02070,R0260,01-02-2024,,703,110,delivered
O005460,C00019,R0218,March 3 2024,13:00,1093,113,Delivered
O005461,C00276,R0308,,22:00,133,49,Cancelled
O005462,C00659,R0146,01-02-2024,,1623,46,Delivered
O005463,C02946,R0489,01-02-2024,22:00,286,103,
O005464,C00552,R0437,2024-01-01,,1046,57,Delivered
O005465,C00679,R0443,01-02-2024,13:00,31,40,Delivered
O005466,C00603,R0099,2024-01-01,18:00,731,47,
O005467,C00365,R0182,March 3 2024,22:00,631,37,Delivered
O005468,C01974,R0169,2024-01-01,,302,48,Delivered
O005469,C00795,R0233,,20:00,1399,65,
O005470,C01359,R0444,01-02-2024,22:00,1517,36,
O005471,C02700,R0093,,,-87,100,
O005472,C01775,R0117,01-02-2024,,169,101,Delivered
O005473,C00590,R0472,01-02-2024,18:00,977,61,
O005474,C00199,R0004,March 3 2024,22:00,1054,110,Cancelled
O005475,C02065,R0085,2024-01-01,22:00,1696,84,Delivered
O005476,C00218,R0167,March 3 2024,12:00,1440,-9,
O005477,C00741,R0007,2024-01-01,,1883,68,Delivered
O005478,C00650,R0381,March 3 2024,22:00,1862,29,Cancelled
O005479,C02195,R0407,March 3 2024,,326,37,
O005480,C00670,R0232,01-02-2024,13:00,1486,46,
O005481,C01438,R0251,March 3 2024,13:00,1960,1,delivered
O005482,C00665,R0085,March 3 2024,20:00,1252,57,Cancelled
O005483,C00856,R0319,2024-01-01,22:00,-33,63,Cancelled
O005484,C02378,R0193,March 3 2024,20:00,290,18,delivered
O005485,C00895,R0123,01-02-2024,18:00,1015,81,Cancelled
O005486,C01894,R0425,March 3 2024,,1907,18,
O005487,C01187,R0089,,18:00,1349,72,delivered
O005488,C01843,R0095,,12:00,672,104,Delivered
O005489,C02149,R0375,2024-01-01,12:00,1866,96,
O005490,C00327,R0300,2024-01-01,22:00,1315,87,Cancelled
O005491,C02375,R0358,,22:00,-13,35,delivered
O005492,C02058,R0045,March 3 2024,20:00,1715,9,Delivered
O005493,C02401,R0253,March 3 2024,20:00,1576,48,delivered
O005494,C00183,R0453,2024-01-01,22:00,524,109,
O005495,C00455,R0373,01-02-2024,22:00,1834,25,
O005496,C01670,R0479,March 3 2024,12:00,1172,-10,delivered
O005497,C00006,R0051,,12:00,1012,79,delivered
O005498,C01357,R0065,01-02-2024,12:00,898,33,Cancelled
O005499,C00211,R0054,01-02-2024,22:00,354,49,
O005500,C00051,R0440,March 3 2024,20:00,834,74,Delivered
O005501,C01469,R0222,01-02-2024,13:00,108,71,delivered
O005502,C01010,R0466,2024-01-01,13:00,1236,50,Delivered
O005503,C00377,R0072,01-02-2024,20:00,1427,38,delivered
O005504,C02688,R0376,2024-01-01,20:00,546,33,
O005505,C02818,R0474,March 3 2024,20:00,1143,20,delivered
O005506,C01075,R0168,01-02-2024,12:00,1621,61,Cancelled
O005507,C00154,R0186,,18:00,1926,78,Delivered
O005508,C00582,R0143,,22:00,1912,35,delivered
O005509,C00788,R0019,2024-01-01,12:00,1086,93,
O005510,C00791,R0010,2024-01-01,13:00,1050,54,delivered
O005511,C02182,R0472,March 3 2024,22:00,16,105,Delivered
O005512,C02268,R0272,01-02-2024,20:00,1329,17,
O005513,C00163,R0171,2024-01-01,,548,71,delivered
O005514,C00971,R0415,2024-01-01,13:00,255,63,Cancelled
O005515,C00648,R0364,March 3 2024,20:00,922,-2,Cancelled
O005516,C02617,R0016,01-02-2024,,1073,118,Cancelled
O005517,C01526,R0080,01-02-2024,20:00,1091,49,
O005518,C00946,R0284,2024-01-01,20:00,1418,86,delivered
O005519,C00689,R0190,01-02-2024,22:00,-32,39,
O005520,C02163,R0148,01-02-2024,13:00,1644,19,Cancelled
O005521,C01523,R0163,01-02-2024,13:00,166,86,
O005522,C01496,R0443,,20:00,714,70,delivered
O005523,C02048,R0265,01-02-2024,12:00,1780,-2,Cancelled
O005524,C01173,R0360,,18:00,1448,11,
O005525,C00123,R0138,01-02-2024,,281,56,Delivered
O005526,C00804,R0301,01-02-2024,12:00,1535,-2,Cancelled
O005527,C02887,R0466,01-02-2024,22:00,273,36,Delivered
O005528,C01093,R0365,2024-01-01,,584,29,Cancelled
O005529,C02874,R0493,2024-01-01,18:00,405,25,delivered
O005530,C00063,R0399,,12:00,1374,87,
O005531,C00733,R0493,01-02-2024,,653,-9,Delivered
O005532,C02638,R0030,,13:00,1854,72,Delivered
O005533,C01658,R0304,01-02-2024,12:00,1851,53,
O005534,C00948,R0480,March 3 2024,20:00,1345,108,delivered
O005535,C02265,R0168,,22:00,1749,100,Delivered
O005536,C00479,R0091,2024-01-01,12:00,1139,81,
O005537,C01138,R0091,March 3 2024,,631,67,Delivered
O005538,C01997,R0211,2024-01-01,12:00,-80,-5,delivered
O005539,C01404,R0330,March 3 2024,,204,35,Delivered
O005540,C00977,R0300,March 3 2024,18:00,503,9,Delivered
O005541,C00237,R0174,March 3 2024,20:00,909,102,delivered
O005542,C02524,R0134,,18:00,344,5,Delivered
O005543,C01955,R0373,,22:00,1091,37,
O005544,C00598,R0024,2024-01-01,22:00,981,102,delivered
O005545,C01703,R0201,,,1608,-7,Delivered
O005546,C02177,R0219,2024-01-01,20:00,656,87,delivered
O005547,C02558,R0007,01-02-2024,18:00,223,98,Cancelled
O005548,C00165,R0006,2024-01-01,20:00,1189,18,
O005549,C02325,R0118,2024-01-01,18:00,985,31,Delivered
O005550,C02305,R0161,,,1507,117,
O005551,C00666,R0085,2024-01-01,,999,39,Delivered
O005552,C00570,R0366,,,284,78,Cancelled
O005553,C00141,R0248,2024-01-01,13:00,-92,115,Cancelled
O005554,C00686,R0166,01-02-2024,20:00,46,-8,
O005555,C00687,R0428,,22:00,1826,12,
O005556,C02764,R0145,,18:00,-21,96,delivered
O005557,C02039,R0031,01-02-2024,13:00,703,-6,Delivered
O005558,C01075,R0421,,22:00,1659,14,Delivered
O005559,C01527,R0395,2024-01-01,18:00,877,24,
O005560,C01283,R0220,March 3 2024,13:00,706,54,delivered
O005561,C02226,R0133,,22:00,1478,28,Cancelled
O005562,C00922,R0064,March 3 2024,22:00,1856,112,Delivered
O005563,C02591,R0076,2024-01-01,13:00,1485,100,Cancelled
O005564,C01342,R0131,01-02-2024,22:00,194,7,delivered
O005565,C01690,R0312,,18:00,1053,14,Delivered
O005566,C01930,R0319,March 3 2024,18:00,1816,89,delivered
O005567,C00364,R0361,01-02-2024,22:00,1687,118,delivered
O005568,C01079,R0038,01-02-2024,12:00,1088,84,Delivered
O005569,C01068,R0054,,,512,11,Cancelled
O005570,C02641,R0130,March 3 2024,13:00,1710,9,Cancelled
O005571,C02031,R0218,,12:00,-32,110,delivered
O005572,C02590,R0002,2024-01-01,18:00,455,113,
O005573,C02370,R0246,01-02-2024,22:00,1585,53,delivered
O005574,C02696,R0140,March 3 2024,20:00,399,51,Cancelled
O005575,C02062,R0296,,20:00,729,109,delivered
O005576,C01381,R0258,01-02-2024,,401,33,delivered
O005577,C01507,R0105,,12:00,873,22,Delivered
O005578,C00618,R0381,March 3 2024,12:00,629,76,delivered
O005579,C00359,R0336,2024-01-01,12:00,800,89,
O005580,C01342,R0478,2024-01-01,18:00,559,2,
O005581,C01983,R0185,2024-01-01,,660,39,
O005582,C01615,R0303,,,231,119,
O005583,C00194,R0494,01-02-2024,18:00,858,7,delivered
O005584,C00363,R0244,2024-01-01,,1658,55,
O005585,C01120,R0164,2024-01-01,22:00,1644,88,
O005586,C01064,R0132,2024-01-01,18:00,212,22,Delivered
O005587,C02816,R0203,2024-01-01,22:00,1755,85,Cancelled
O005588,C02445,R0408,March 3 2024,22:00,254,73,Delivered
O005589,C00107,R0210,March 3 2024,12:00,1425,11,
O005590,C00527,R0347,01-02-2024,20:00,513,114,Cancelled
O005591,C01953,R0101,March 3 2024,12:00,-2,33,Delivered
O005592,C00784,R0446,March 3 2024,18:00,694,64,delivered
O005593,C02573,R0386,March 3 2024,13:00,103,103,Cancelled
O005594,C01783,R0271,,18:00,1673,17,Delivered
O005595,C01750,R0459,March 3 2024,20:00,508,-2,Delivered
O005596,C01067,R0475,,18:00,1040,96,
O005597,C02674,R0049,,20:00,-35,11,Cancelled
O005598,C01866,R0368,March 3 2024,13:00,678,74,
O005599,C02398,R0239,,13:00,800,14,Cancelled
O005600,C01465,R0215,2024-01-01,,727,70,
O005601,C01006,R0291,01-02-2024,22:00,1309,68,Cancelled
O005602,C02590,R0372,March 3 2024,18:00,1000,-4,Cancelled
O005603,C01635,R0350,March 3 2024,22:00,638,48,Delivered
O005604,C01270,R0431,01-02-2024,12:00,1795,22,
O005605,C00094,R0280,March 3 2024,12:00,557,89,Cancelled
O005606,C02044,R0467,March 3 2024,12:00,1009,93,Cancelled
O005607,C02947,R0316,01-02-2024,,1992,49,Cancelled
O005608,C00089,R0477,,12:00,1563,70,delivered
O005609,C01954,R0077,2024-01-01,12:00,46,111,Cancelled
O005610,C02551,R0304,,18:00,944,47,delivered
O005611,C02815,R0151,2024-01-01,22:00,435,33,Cancelled
O005612,C02042,R0396,01-02-2024,22:00,1399,110,Cancelled
O005613,C02262,R0497,,20:00,971,37,Delivered
O005614,C01446,R0496,,12:00,318,114,Delivered
O005615,C00526,R0297,2024-01-01,13:00,1033,46,Delivered
O005616,C02240,R0157,2024-01-01,20:00,897,2,Delivered
O005617,C01831,R0198,2024-01-01,20:00,1000,66,
O005618,C02742,R0435,2024-01-01,18:00,821,1,Cancelled
O005619,C02690,R0384,March 3 2024,20:00,591,97,delivered
O005620,C00555,R0407,01-02-2024,13:00,1008,105,Cancelled
O005621,C02435,R0287,2024-01-01,22:00,711,17,Cancelled
O005622,C00681,R0493,,20:00,1574,105,Cancelled
O005623,C02824,R0405,,18:00,141,31,Delivered
O005624,C01498,R0024,,12:00,987,69,Cancelled
O005625,C01632,R0456,2024-01-01,13:00,1163,27,Cancelled
O005626,C00203,R0492,01-02-2024,12:00,1581,70,
O005627,C00447,R0009,March 3 2024,,1996,98,
O005628,C02948,R0406,2024-01-01,20:00,1376,103,delivered
O005629,C01116,R0132,2024-01-01,22:00,816,97,
O005630,C00778,R0077,March 3 2024,18:00,297,73,Delivered
O005631,C02226,R0226,01-02-2024,13:00,670,37,
O005632,C01687,R0131,2024-01-01,22:00,570,3,delivered
O005633,C00829,R0485,,13:00,1652,43,delivered
O005634,C00559,R0376,,18:00,1226,107,
O005635,C02023,R0412,2024-01-01,18:00,327,98,Cancelled
O005636,C00103,R0090,01-02-2024,20:00,-20,31,delivered
O005637,C01297,R0498,,13:00,608,84,
O005638,C01558,R0117,,,1881,92,
O005639,C00116,R0110,March 3 2024,,1288,39,
O005640,C00859,R0377,01-02-2024,20:00,102,114,delivered
O005641,C02512,R0354,2024-01-01,13:00,498,75,Cancelled
O005642,C00104,R0271,March 3 2024,13:00,-95,29,Delivered
O005643,C02307,R0392,March 3 2024,12:00,990,108,
O005644,C01332,R0432,March 3 2024,20:00,1620,100,Cancelled
O005645,C00929,R0227,01-02-2024,13:00,46,19,Delivered
O005646,C02858,R0472,01-02-2024,13:00,485,106,
O005647,C02690,R0244,01-02-2024,18:00,879,14,delivered
O005648,C00807,R0308,2024-01-01,12:00,635,18,Delivered
O005649,C00560,R0055,01-02-2024,,594,56,Cancelled
O005650,C02075,R0037,March 3 2024,,1019,36,Delivered
O005651,C02556,R0388,,18:00,1856,94,Cancelled
O005652,C00527,R0055,2024-01-01,20:00,753,98,Cancelled
O005653,C02823,R0012,2024-01-01,,147,39,Cancelled
O005654,C00953,R0403,2024-01-01,20:00,1448,79,
O005655,C00298,R0463,March 3 2024,13:00,341,2,Delivered
O005656,C00777,R0185,01-02-2024,22:00,1309,28,delivered
O005657,C00361,R0478,March 3 2024,18:00,1524,6,
O005658,C00504,R0237,,20:00,885,88,delivered
O005659,C01977,R0293,01-02-2024,13:00,897,69,delivered
O005660,C02636,R0204,,13:00,1585,48,Delivered
O005661,C02078,R0211,2024-01-01,18:00,1170,85,
O005662,C01463,R0226,2024-01-01,,1832,111,Delivered
O005663,C02174,R0007,March 3 2024,13:00,1320,19,
O005664,C00596,R0220,01-02-2024,12:00,700,112,
O005665,C01590,R0311,2024-01-01,,22,40,Delivered
O005666,C01390,R0028,March 3 2024,22:00,1955,69,
O005667,C01876,R0477,,18:00,585,63,Delivered
O005668,C00263,R0293,March 3 2024,18:00,1561,112,Cancelled
O005669,C02984,R0212,01-02-2024,18:00,1820,100,Cancelled
O005670,C02920,R0189,01-02-2024,13:00,235,101,delivered
O005671,C01864,R0075,01-02-2024,13:00,760,9,Delivered
O005672,C00002,R0242,2024-01-01,18:00,1819,18,delivered
O005673,C01934,R0114,March 3 2024,18:00,1997,-1,
O005674,C00394,R0167,,12:00,1087,-2,Cancelled
O005675,C00306,R0106,01-02-2024,20:00,1071,97,Delivered
O005676,C01170,R0151,March 3 2024,,454,52,delivered
O005677,C00530,R0436,2024-01-01,,405,22,
O005678,C00528,R0366,,12:00,1716,69,
O005679,C00965,R0084,,18:00,1777,21,Delivered
O005680,C00671,R0212,,13:00,88,-7,
O005681,C02400,R0267,2024-01-01,13:00,1340,67,delivered
O005682,C02858,R0322,01-02-2024,18:00,1120,115,Delivered
O005683,C02257,R0269,2024-01-01,20:00,1559,108,delivered
O005684,C00958,R0461,,22:00,1479,11,Delivered
O005685,C02253,R0425,March 3 2024,22:00,1961,15,delivered
O005686,C02673,R0177,,12:00,866,38,
O005687,C01714,R0271,March 3 2024,,1487,97,Cancelled
O005688,C00721,R0312,2024-01-01,20:00,1615,41,
O005689,C00636,R0182,2024-01-01,22:00,1860,53,
O005690,C01039,R0159,2024-01-01,20:00,1914,40,delivered
O005691,C02906,R0189,March 3 2024,13:00,511,23,delivered
O005692,C02524,R0186,2024-01-01,13:00,183,97,Cancelled
O005693,C02346,R0471,01-02-2024,20:00,1527,105,Cancelled
O005694,C00557,R0444,,18:00,1511,17,delivered
O005695,C01118,R0309,01-02-2024,22:00,616,8,
O005696,C02155,R0470,March 3 2024,22:00,433,87,Delivered
O005697,C00128,R0246,2024-01-01,13:00,581,61,Cancelled
O005698,C01994,R0317,,,1795,95,
O005699,C02507,R0464,2024-01-01,12:00,1503,60,Delivered
O005700,C00038,R0384,2024-01-01,22:00,60,16,
O005701,C01633,R0042,,13:00,73,40,Cancelled
O005702,C00198,R0285,,13:00,1422,73,delivered
O005703,C02405,R0468,01-02-2024,20:00,1259,43,delivered
O005704,C02055,R0476,01-02-2024,20:00,1973,112,Cancelled
O005705,C00519,R0411,01-02-2024,,1689,6,delivered
O005706,C02242,R0300,01-02-2024,20:00,1718,61,Delivered
O005707,C02364,R0477,01-02-2024,12:00,1958,103,
O005708,C01025,R0389,March 3 2024,22:00,1333,84,delivered
O005709,C01086,R0436,March 3 2024,12:00,422,118,delivered
O005710,C02391,R0369,2024-01-01,12:00,1593,94,delivered
O005711,C02649,R0362,2024-01-01,20:00,-13,3,Cancelled
O005712,C01042,R0486,01-02-2024,,1055,53,Cancelled
O005713,C00620,R0437,2024-01-01,13:00,497,118,delivered
O005714,C01395,R0436,March 3 2024,18:00,1946,58,Cancelled
O005715,C02870,R0294,March 3 2024,13:00,1545,21,
O005716,C01595,R0428,2024-01-01,13:00,1757,-10,Delivered
O005717,C01723,R0181,01-02-2024,13:00,1614,63,
O005718,C00235,R0371,March 3 2024,13:00,700,94,
O005719,C00447,R0386,,12:00,1519,103,Delivered
O005720,C00610,R0365,,20:00,102,40,Delivered
O005721,C00008,R0182,2024-01-01,20:00,1164,70,
O005722,C00462,R0340,01-02-2024,13:00,1137,-9,Delivered
O005723,C01000,R0491,2024-01-01,18:00,1454,-1,
O005724,C01335,R0495,01-02-2024,22:00,-48,92,delivered
O005725,C00134,R0461,01-02-2024,13:00,571,55,Cancelled
O005726,C02433,R0218,,13:00,-92,-3,Delivered
O005727,C00056,R0163,March 3 2024,18:00,590,57,delivered
O005728,C00993,R0046,March 3 2024,12:00,-18,39,Delivered
O005729,C01384,R0456,2024-01-01,13:00,948,84,Cancelled
O005730,C01995,R0092,2024-01-01,18:00,124,25,Cancelled
O005731,C01112,R0105,01-02-2024,12:00,1351,84,Cancelled
O005732,C02186,R0207,March 3 2024,12:00,1117,67,Delivered
O005733,C01524,R0439,01-02-2024,,1041,111,
O005734,C02583,R0498,,,1847,78,Delivered
O005735,C00144,R0328,,,1920,32,Delivered
O005736,C02917,R0139,01-02-2024,13:00,1075,52,delivered
O005737,C02704,R0029,01-02-2024,12:00,979,70,delivered
O005738,C02104,R0251,01-02-2024,13:00,1182,102,
O005739,C00620,R0453,01-02-2024,13:00,434,1,Cancelled
O005740,C01887,R0191,01-02-2024,20:00,470,73,Cancelled
O005741,C01030,R0047,,22:00,477,87,Delivered
O005742,C02590,R0367,,22:00,1726,45,Cancelled
O005743,C02495,R0251,,20:00,1739,38,
O005744,C02021,R0263,2024-01-01,13:00,230,16,Cancelled
O005745,C01409,R0373,,18:00,1467,71,delivered
O005746,C02922,R0064,March 3 2024,12:00,882,25,Cancelled
O005747,C00639,R0338,March 3 2024,20:00,1427,107,Delivered
O005748,C01657,R0320,01-02-2024,,-13,68,delivered
O005749,C02659,R0348,,20:00,473,30,
O005750,C00837,R0268,01-02-2024,20:00,1950,17,Delivered
O005751,C01586,R0012,01-02-2024,20:00,1697,90,Delivered
O005752,C00780,R0292,March 3 2024,22:00,423,11,delivered
O005753,C00837,R0029,March 3 2024,13:00,1488,36,Delivered
O005754,C02558,R0139,01-02-2024,20:00,1071,6,Cancelled
O005755,C02860,R0437,March 3 2024,20:00,-17,118,Cancelled
O005756,C02612,R0454,01-02-2024,20:00,1321,78,delivered
O005757,C00265,R0085,01-02-2024,18:00,751,1,Cancelled
O005758,C01217,R0074,01-02-2024,18:00,1283,9,Delivered
O005759,C01398,R0251,2024-01-01,12:00,1018,-6,delivered
O005760,C02058,R0224,March 3 2024,13:00,1079,4,delivered
O005761,C00302,R0047,March 3 2024,20:00,171,14,
O005762,C01978,R0417,,12:00,1660,97,Delivered
O005763,C00805,R0081,March 3 2024,,1759,44,Delivered
O005764,C01076,R0451,,12:00,805,52,
O005765,C01776,R0121,01-02-2024,,637,36,
O005766,C00099,R0043,2024-01-01,,698,105,Delivered
O005767,C02641,R0146,01-02-2024,13:00,1103,53,
O005768,C01414,R0074,01-02-2024,18:00,1146,11,delivered
O005769,C01978,R0053,01-02-2024,13:00,860,95,delivered
O005770,C00357,R0233,,12:00,-35,66,Delivered
O005771,C01664,R0295,2024-01-01,,426,63,delivered
O005772,C02976,R0363,01-02-2024,13:00,348,69,Delivered
O005773,C00011,R0200,,18:00,-35,116,
O005774,C00081,R0162,01-02-2024,12:00,1273,119,Cancelled
O005775,C02054,R0037,2024-01-01,13:00,1751,115,delivered
O005776,C02421,R0425,01-02-2024,20:00,19,103,delivered
O005777,C02529,R0097,01-02-2024,20:00,288,104,
O005778,C00222,R0049,March 3 2024,13:00,186,50,delivered
O005779,C01941,R0384,,13:00,1690,-6,Delivered
O005780,C01947,R0010,2024-01-01,,317,17,delivered
O005781,C00515,R0040,,,250,70,
O005782,C00221,R0402,March 3 2024,18:00,1261,4,Delivered
O005783,C02397,R0153,01-02-2024,12:00,1452,109,delivered
O005784,C00228,R0106,2024-01-01,13:00,864,27,delivered
O005785,C02338,R0041,2024-01-01,12:00,1808,3,delivered
O005786,C00293,R0164,,20:00,-53,21,delivered
O005787,C02858,R0258,01-02-2024,12:00,1651,33,Cancelled
O005788,C00956,R0211,March 3 2024,22:00,889,81,Cancelled
O005789,C01498,R0202,01-02-2024,18:00,1899,107,
O005790,C01281,R0433,,18:00,1740,105,Cancelled
O005791,C01979,R0195,2024-01-01,12:00,1198,112,
O005792,C01530,R0053,2024-01-01,18:00,1792,105,Delivered
O005793,C00388,R0147,01-02-2024,12:00,797,91,Cancelled
O005794,C02663,R0499,01-02-2024,12:00,1638,-7,Delivered
O005795,C02414,R0282,01-02-2024,20:00,1468,104,Cancelled
O005796,C02706,R0310,01-02-2024,12:00,868,48,
O005797,C02338,R0243,March 3 2024,18:00,545,64,Delivered
O005798,C00189,R0051,March 3 2024,22:00,-90,-7,delivered
O005799,C00918,R0495,March 3 2024,13:00,1864,-7,delivered
O005800,C01202,R0409,March 3 2024,18:00,954,36,Cancelled
O005801,C00924,R0114,,22:00,1370,60,Delivered
O005802,C02751,R0273,2024-01-01,18:00,864,43,
O005803,C02423,R0458,2024-01-01,22:00,298,52,
O005804,C01622,R0120,,18:00,286,45,delivered
O005805,C00760,R0189,,13:00,1253,62,delivered
O005806,C01478,R0046,March 3 2024,20:00,37,86,Cancelled
O005807,C02265,R0243,01-02-2024,20:00,1648,91,
O005808,C01066,R0311,2024-01-01,13:00,381,69,Delivered
O005809,C00194,R0050,,18:00,199,20,delivered
O005810,C01351,R0331,01-02-2024,22:00,-69,4,Delivered
O005811,C01397,R0011,March 3 2024,12:00,441,119,
O005812,C01489,R0396,,18:00,1744,2,Delivered
O005813,C00163,R0424,2024-01-01,13:00,1991,-6,
O005814,C00276,R0048,2024-01-01,,446,21,
O005815,C00364,R0377,2024-01-01,20:00,883,95,Delivered
O005816,C01666,R0056,,20:00,-56,10,Delivered
O005817,C02823,R0008,2024-01-01,18:00,1879,30,Delivered
O005818,C02528,R0472,March 3 2024,22:00,279,76,
O005819,C02737,R0014,2024-01-01,13:00,396,25,Cancelled
O005820,C02003,R0215,March 3 2024,13:00,1815,22,
O005821,C00460,R0370,2024-01-01,22:00,858,18,
O005822,C02587,R0440,March 3 2024,22:00,307,84,Cancelled
O005823,C00980,R0245,,18:00,84,46,delivered
O005824,C02133,R0054,March 3 2024,18:00,388,61,Delivered
O005825,C01732,R0484,,,1965,79,Delivered
O005826,C01340,R0273,01-02-2024,20:00,1620,103,delivered
O005827,C02291,R0429,March 3 2024,20:00,995,104,Delivered
O005828,C02928,R0389,,22:00,70,115,
O005829,C01366,R0131,01-02-2024,12:00,299,113,delivered
O005830,C00657,R0009,2024-01-01,12:00,1678,105,Cancelled
O005831,C01107,R0212,01-02-2024,12:00,138,92,
O005832,C01384,R0122,March 3 2024,13:00,1240,-9,
O005833,C02136,R0114,01-02-2024,18:00,1446,79,
O005834,C00742,R0020,2024-01-01,22:00,219,7,
O005835,C01996,R0499,01-02-2024,20:00,1248,34,Delivered
O005836,C01594,R0339,March 3 2024,12:00,1389,4,
O005837,C02519,R0021,March 3 2024,20:00,658,29,Delivered
O005838,C01522,R0208,,18:00,1989,6,Delivered
O005839,C02464,R0033,2024-01-01,,133,67,Delivered
O005840,C01624,R0133,2024-01-01,,455,94,Delivered
O005841,C00682,R0408,01-02-2024,22:00,1854,71,Cancelled
O005842,C01113,R0191,2024-01-01,12:00,575,75,Delivered
O005843,C01725,R0463,March 3 2024,12:00,1203,69,Delivered
O005844,C00899,R0026,01-02-2024,,807,38,delivered
O005845,C00601,R0364,,22:00,702,38,Cancelled
O005846,C01868,R0089,01-02-2024,20:00,750,32,
O005847,C01200,R0092,01-02-2024,18:00,896,59,Delivered
O005848,C02824,R0033,,,745,60,Delivered
O005849,C02949,R0238,01-02-2024,,1906,-2,Cancelled
O005850,C00483,R0018,2024-01-01,18:00,1219,79,delivered
O005851,C02011,R0274,01-02-2024,18:00,-79,-9,
O005852,C01143,R0422,01-02-2024,,1610,-8,
O005853,C00169,R0289,01-02-2024,20:00,907,-2,Cancelled
O005854,C02022,R0027,March 3 2024,20:00,1944,1,Cancelled
O005855,C02195,R0305,March 3 2024,12:00,141,93,delivered
O005856,C00439,R0434,2024-01-01,20:00,1317,45,Cancelled
O005857,C02936,R0399,,13:00,352,94,delivered
O005858,C00160,R0108,March 3 2024,22:00,1529,52,delivered
O005859,C00814,R0461,March 3 2024,20:00,521,35,Delivered
O005860,C02450,R0436,2024-01-01,18:00,458,49,
O005861,C00586,R0226,2024-01-01,20:00,771,21,
O005862,C00864,R0324,,12:00,968,80,Delivered
O005863,C01042,R0355,01-02-2024,22:00,1160,50,
O005864,C00140,R0019,01-02-2024,22:00,1702,83,Cancelled
O005865,C01139,R0223,,18:00,406,119,Delivered
O005866,C00328,R0281,,22:00,349,44,delivered
O005867,C00225,R0104,,13:00,1813,30,delivered
O005868,C00558,R0332,2024-01-01,22:00,437,4,Cancelled
O005869,C02487,R0332,01-02-2024,,1777,90,
O005870,C01574,R0362,,18:00,1132,56,Cancelled
O005871,C01742,R0409,,22:00,1213,101,Delivered
O005872,C00386,R0289,01-02-2024,20:00,615,46,Cancelled
O005873,C00521,R0444,01-02-2024,12:00,299,22,Cancelled
O005874,C01277,R0037,2024-01-01,,1131,54,Cancelled
O005875,C02668,R0348,March 3 2024,,1346,-10,delivered
O005876,C01122,R0380,March 3 2024,20:00,1359,-2,Delivered
O005877,C02835,R0244,2024-01-01,,820,21,
O005878,C02599,R0043,2024-01-01,13:00,1943,66,delivered
O005879,C01834,R0126,01-02-2024,13:00,1639,34,delivered
O005880,C00447,R0009,2024-01-01,12:00,356,84,Cancelled
O005881,C01243,R0014,2024-01-01,12:00,1784,10,delivered
O005882,C00107,R0131,,12:00,1334,12,Delivered
O005883,C01500,R0325,2024-01-01,12:00,544,106,Delivered
O005884,C02964,R0184,2024-01-01,22:00,313,93,
O005885,C01478,R0282,,,1513,19,Delivered
O005886,C00904,R0383,01-02-2024,20:00,742,104,delivered
O005887,C01632,R0053,01-02-2024,13:00,1360,58,
O005888,C02592,R0041,2024-01-01,22:00,1551,63,delivered
O005889,C01150,R0338,2024-01-01,12:00,60,53,delivered
O005890,C01171,R0358,March 3 2024,18:00,154,28,Delivered
O005891,C02328,R0021,,18:00,993,44,Delivered
O005892,C00024,R0377,March 3 2024,20:00,1942,-4,
O005893,C00952,R0295,2024-01-01,13:00,-65,28,Delivered
O005894,C01745,R0208,March 3 2024,13:00,1913,93,delivered
O005895,C02040,R0488,March 3 2024,20:00,369,85,
O005896,C00120,R0151,01-02-2024,12:00,208,23,
O005897,C01676,R0477,,12:00,1821,24,
O005898,C01321,R0458,01-02-2024,,380,104,Delivered
O005899,C00855,R0442,01-02-2024,13:00,1762,-6,
O005900,C01016,R0069,March 3 2024,13:00,688,45,Delivered
O005901,C02992,R0331,,13:00,190,72,Cancelled
O005902,C00448,R0413,2024-01-01,12:00,329,-4,
O005903,C01936,R0318,,18:00,497,42,delivered
O005904,C01744,R0437,01-02-2024,20:00,331,95,delivered
O005905,C00996,R0301,March 3 2024,20:00,1457,31,
O005906,C01943,R0027,2024-01-01,22:00,404,7,Delivered
O005907,C01447,R0116,01-02-2024,22:00,572,-5,Cancelled
O005908,C01085,R0418,March 3 2024,18:00,1478,86,Cancelled
O005909,C01725,R0142,01-02-2024,13:00,1332,42,Delivered
O005910,C02132,R0041,March 3 2024,18:00,1325,10,
O005911,C02273,R0106,,22:00,-60,88,Cancelled
O005912,C00186,R0074,01-02-2024,,283,73,Delivered
O005913,C02423,R0060,,22:00,1214,9,delivered
O005914,C00072,R0298,,20:00,1715,-7,
O005915,C00074,R0122,March 3 2024,18:00,82,64,Cancelled
O005916,C01921,R0435,2024-01-01,12:00,1795,4,
O005917,C01365,R0203,,22:00,963,46,
O005918,C02201,R0011,01-02-2024,20:00,1522,16,
O005919,C02144,R0419,01-02-2024,13:00,1208,9,
O005920,C02493,R0147,March 3 2024,18:00,37,97,Cancelled
O005921,C01482,R0216,,22:00,234,68,Cancelled
O005922,C02876,R0374,2024-01-01,12:00,37,7,Delivered
O005923,C02425,R0321,2024-01-01,22:00,1397,75,delivered
O005924,C00765,R0460,01-02-2024,12:00,387,38,Cancelled
O005925,C01097,R0445,March 3 2024,18:00,475,0,delivered
O005926,C00212,R0303,,,1533,24,delivered
O005927,C00724,R0014,01-02-2024,12:00,1069,44,Cancelled
O005928,C02823,R0067,March 3 2024,12:00,797,84,delivered
O005929,C02379,R0180,2024-01-01,20:00,1433,17,Delivered
O005930,C01766,R0365,01-02-2024,,1008,77,Delivered
O005931,C00751,R0242,March 3 2024,18:00,1486,98,Delivered
O005932,C01518,R0160,2024-01-01,22:00,932,13,delivered
O005933,C01469,R0464,March 3 2024,,758,105,
O005934,C02872,R0486,01-02-2024,13:00,1012,5,
O005935,C00394,R0010,,18:00,1012,101,Delivered
O005936,C00512,R0124,March 3 2024,,249,62,Cancelled
O005937,C00686,R0273,,18:00,1823,39,delivered
O005938,C02669,R0241,01-02-2024,13:00,304,100,Delivered
O005939,C01739,R0424,2024-01-01,22:00,-58,2,
O005940,C01721,R0452,March 3 2024,20:00,1681,60,Delivered
O005941,C01827,R0447,2024-01-01,,1778,24,Delivered
O005942,C02652,R0143,,22:00,751,13,Delivered
O005943,C01283,R0353,,13:00,968,28,
O005944,C01858,R0167,2024-01-01,22:00,913,115,
O005945,C02766,R0057,01-02-2024,18:00,1117,-6,Cancelled
O005946,C02397,R0138,,20:00,1441,65,
O005947,C02563,R0327,01-02-2024,12:00,1186,93,Delivered
O005948,C02447,R0353,2024-01-01,,429,71,
O005949,C02262,R0017,01-02-2024,22:00,1810,-4,Cancelled
O005950,C02610,R0332,,12:00,948,4,delivered
O005951,C01313,R0273,2024-01-01,20:00,412,62,Cancelled
O005952,C01865,R0367,01-02-2024,12:00,1917,9,Delivered
O005953,C02306,R0376,01-02-2024,22:00,82,48,Delivered
O005954,C01412,R0400,March 3 2024,13:00,1004,-7,delivered
O005955,C01808,R0375,,,59,95,Cancelled
O005956,C02742,R0334,March 3 2024,18:00,1907,29,Delivered
O005957,C01569,R0003,01-02-2024,18:00,1372,54,Cancelled
O005958,C01064,R0243,,,637,24,
O005959,C00998,R0108,2024-01-01,12:00,1877,33,
O005960,C02868,R0051,2024-01-01,18:00,100,-4,Delivered
O005961,C02258,R0370,2024-01-01,,1207,12,delivered
O005962,C02320,R0350,01-02-2024,,1363,54,
O005963,C00599,R0174,01-02-2024,18:00,610,77,Cancelled
O005964,C01084,R0116,2024-01-01,13:00,1669,9,Delivered
O005965,C02303,R0183,March 3 2024,12:00,1838,21,delivered
O005966,C02785,R0361,March 3 2024,13:00,1132,86,Delivered
O005967,C00722,R0355,,13:00,771,86,Delivered
O005968,C02583,R0154,,20:00,474,58,delivered
O005969,C01155,R0247,2024-01-01,12:00,-19,71,Cancelled
O005970,C01709,R0076,01-02-2024,13:00,162,-2,
O005971,C00017,R0415,01-02-2024,22:00,185,31,Cancelled
O005972,C02930,R0244,,18:00,-78,116,delivered
O005973,C00123,R0081,2024-01-01,12:00,1931,99,delivered
O005974,C02874,R0229,,20:00,105,61,
O005975,C00992,R0072,March 3 2024,13:00,1355,61,
O005976,C00878,R0403,2024-01-01,22:00,-6,113,delivered
O005977,C02233,R0218,2024-01-01,18:00,1299,12,delivered
O005978,C01447,R0452,2024-01-01,18:00,36,96,
O005979,C01466,R0399,March 3 2024,22:00,1937,87,
O005980,C01679,R0243,2024-01-01,12:00,842,40,Cancelled
O005981,C01544,R0367,,18:00,-27,112,delivered
O005982,C00080,R0314,March 3 2024,18:00,1245,39,delivered
O005983,C02857,R0078,01-02-2024,18:00,448,72,Cancelled
O005984,C02350,R0158,,,899,14,Delivered
O005985,C01272,R0048,,13:00,924,28,
O005986,C01565,R0312,,13:00,1867,57,
O005987,C01296,R0298,March 3 2024,18:00,1261,61,Delivered
O005988,C02181,R0024,,20:00,190,108,Cancelled
O005989,C01029,R0110,March 3 2024,,-30,95,Cancelled
O005990,C02804,R0052,2024-01-01,18:00,7,2,Cancelled
O005991,C01566,R0427,01-02-2024,12:00,1104,25,Cancelled
O005992,C02677,R0290,2024-01-01,,1733,109,delivered
O005993,C01714,R0444,,20:00,1188,98,delivered
O005994,C01010,R0467,March 3 2024,12:00,1398,113,Cancelled
O005995,C00773,R0259,March 3 2024,22:00,1923,8,
O005996,C02189,R0324,2024-01-01,22:00,1143,26,Delivered
O005997,C00483,R0139,,13:00,468,90,Delivered
O005998,C02393,R0397,01-02-2024,,1005,74,
O005999,C01586,R0306,March 3 2024,13:00,63,28,Cancelled
O006000,C01582,R0338,March 3 2024,13:00,829,31,Cancelled
O006001,C02522,R0275,,,1192,42,Delivered
O006002,C01106,R0044,March 3 2024,22:00,1106,39,Delivered
O006003,C01108,R0417,,,1865,94,delivered
O006004,C00175,R0422,,12:00,79,96,Delivered
O006005,C01852,R0259,01-02-2024,20:00,371,119,Delivered
O006006,C00842,R0113,,13:00,1034,7,Delivered
O006007,C01873,R0227,2024-01-01,22:00,431,49,Delivered
O006008,C02914,R0065,01-02-2024,13:00,1889,105,delivered
O006009,C02517,R0163,,18:00,508,107,delivered
O006010,C01887,R0164,,20:00,982,19,delivered
O006011,C02692,R0166,01-02-2024,12:00,874,18,
O006012,C02729,R0039,March 3 2024,13:00,874,8,Delivered
O006013,C00955,R0153,01-02-2024,18:00,123,79,delivered
O006014,C01596,R0320,March 3 2024,18:00,88,99,
O006015,C02897,R0360,01-02-2024,20:00,-42,47,
O006016,C02289,R0269,01-02-2024,22:00,931,105,Cancelled
O006017,C02750,R0324,2024-01-01,22:00,1407,29,delivered
O006018,C00340,R0326,01-02-2024,13:00,724,-2,Delivered
O006019,C02841,R0075,2024-01-01,13:00,305,110,Delivered
O006020,C00744,R0257,,22:00,513,99,Cancelled
O006021,C01495,R0200,March 3 2024,12:00,1775,97,
O006022,C02511,R0438,March 3 2024,12:00,944,67,delivered
O006023,C02849,R0098,2024-01-01,18:00,283,84,Cancelled
O006024,C01849,R0104,March 3 2024,20:00,311,23,Delivered
O006025,C00015,R0372,March 3 2024,12:00,1842,51,
O006026,C01989,R0393,01-02-2024,13:00,562,63,
O006027,C00208,R0164,2024-01-01,12:00,1503,46,delivered
O006028,C01084,R0113,March 3 2024,20:00,-55,92,delivered
O006029,C02413,R0103,,13:00,121,43,delivered
O006030,C02656,R0490,2024-01-01,20:00,651,9,Cancelled
O006031,C02208,R0037,01-02-2024,22:00,717,98,Delivered
O006032,C00397,R0106,,20:00,1168,6,delivered
O006033,C01958,R0187,March 3 2024,20:00,-91,31,Cancelled
O006034,C00794,R0364,March 3 2024,20:00,114,10,Cancelled
O006035,C02548,R0021,2024-01-01,13:00,895,100,delivered
O006036,C00209,R0148,March 3 2024,20:00,1771,37,Cancelled
O006037,C01157,R0486,2024-01-01,20:00,995,48,Delivered
O006038,C00433,R0129,March 3 2024,,1131,117,delivered
O006039,C02657,R0483,,,1564,101,Cancelled
O006040,C01755,R0187,01-02-2024,18:00,881,41,Cancelled
O006041,C02437,R0284,,13:00,301,6,delivered
O006042,C00716,R0199,01-02-2024,,511,27,Cancelled
O006043,C00583,R0235,2024-01-01,20:00,728,118,Delivered
O006044,C00432,R0440,March 3 2024,12:00,805,64,Cancelled
O006045,C01298,R0108,,20:00,256,84,
O006046,C00351,R0009,March 3 2024,12:00,1239,33,Delivered
O006047,C00134,R0449,2024-01-01,22:00,1805,77,delivered
O006048,C00639,R0420,01-02-2024,22:00,1022,9,delivered
O006049,C01229,R0226,,13:00,164,58,Cancelled
O006050,C00117,R0418,01-02-2024,13:00,1678,38,
O006051,C01291,R0209,01-02-2024,22:00,1006,95,Delivered
O006052,C01818,R0245,2024-01-01,13:00,1728,60,Cancelled
O006053,C02197,R0288,01-02-2024,12:00,1505,7,Delivered
O006054,C01704,R0066,2024-01-01,12:00,127,91,delivered
O006055,C01848,R0356,01-02-2024,18:00,1888,84,delivered
O006056,C02227,R0153,01-02-2024,13:00,1823,-2,
O006057,C02196,R0491,,13:00,1491,55,delivered
O006058,C00465,R0435,2024-01-01,18:00,444,49,
O006059,C00976,R0191,March 3 2024,20:00,143,97,delivered
O006060,C02617,R0218,March 3 2024,12:00,1149,26,Delivered
O006061,C02026,R0429,March 3 2024,20:00,1852,18,Delivered
O006062,C01029,R0154,,,343,52,Cancelled
O006063,C00526,R0277,,18:00,514,4,Cancelled
O006064,C02328,R0082,01-02-2024,,1736,-2,Cancelled
O006065,C02547,R0221,01-02-2024,,724,69,Cancelled
O006066,C00836,R0435,March 3 2024,13:00,835,55,Cancelled
O006067,C02484,R0280,01-02-2024,20:00,1644,-10,Cancelled
O006068,C02864,R0111,01-02-2024,13:00,281,110,
O006069,C01240,R0092,,18:00,421,-2,
O006070,C02735,R0012,March 3 2024,22:00,741,46,delivered
O006071,C02876,R0139,2024-01-01,13:00,1501,110,
O006072,C02374,R0155,March 3 2024,,1776,-9,Delivered
O006073,C01539,R0023,,,446,-10,
O006074,C01911,R0417,March 3 2024,20:00,66,63,Cancelled
O006075,C02660,R0464,2024-01-01,20:00,1969,43,
O006076,C02643,R0220,01-02-2024,18:00,747,8,Delivered
O006077,C01304,R0348,March 3 2024,20:00,-84,7,delivered
O006078,C00132,R0237,,12:00,154,13,
O006079,C00393,R0253,,13:00,227,116,Delivered
O006080,C00481,R0422,March 3 2024,,1897,41,
O006081,C02676,R0183,01-02-2024,12:00,245,9,delivered
O006082,C02035,R0198,01-02-2024,18:00,1396,62,
O006083,C02467,R0170,,,75,5,Delivered
O006084,C01226,R0123,,12:00,443,-5,delivered
O006085,C02700,R0413,2024-01-01,12:00,1256,14,delivered
O006086,C02706,R0034,01-02-2024,,1063,52,delivered
O006087,C00462,R0381,March 3 2024,13:00,1706,4,delivered
O006088,C01802,R0313,,13:00,1208,43,Cancelled
O006089,C00152,R0003,,22:00,1266,117,Cancelled
O006090,C02270,R0006,,12:00,85,3,
O006091,C00079,R0304,,13:00,9,23,
O006092,C01224,R0102,01-02-2024,12:00,666,119,delivered
O006093,C01786,R0192,,12:00,-66,9,Delivered
O006094,C02147,R0376,01-02-2024,18:00,1145,95,Delivered
O006095,C02025,R0013,2024-01-01,18:00,1545,5,Cancelled
O006096,C02960,R0036,2024-01-01,,1669,92,Delivered
O006097,C02261,R0463,March 3 2024,12:00,697,40,delivered
O006098,C02750,R0070,,18:00,-91,66,
O006099,C01837,R0289,March 3 2024,,1559,117,
O006100,C01398,R0105,01-02-2024,13:00,-63,110,delivered
O006101,C01076,R0204,March 3 2024,12:00,1878,35,Delivered
O006102,C00921,R0313,March 3 2024,18:00,786,29,Cancelled
O006103,C01648,R0055,,13:00,1086,18,Cancelled
O006104,C02183,R0107,01-02-2024,12:00,478,82,
O006105,C00411,R0141,01-02-2024,,40,58,Delivered
O006106,C02009,R0225,,12:00,102,74,Cancelled
O006107,C01494,R0307,01-02-2024,18:00,1411,55,Delivered
O006108,C01136,R0348,2024-01-01,13:00,1914,64,Delivered
O006109,C01549,R0309,,12:00,845,23,Cancelled
O006110,C00785,R0036,,12:00,674,91,
O006111,C01068,R0133,,,804,94,Delivered
O006112,C01421,R0375,2024-01-01,22:00,517,102,Cancelled
O006113,C02010,R0025,01-02-2024,12:00,821,40,delivered
O006114,C01609,R0337,2024-01-01,22:00,1696,59,delivered
O006115,C02309,R0037,2024-01-01,22:00,1039,55,
O006116,C00743,R0019,2024-01-01,13:00,37,85,Cancelled
O006117,C02593,R0035,March 3 2024,20:00,147,47,Delivered
O006118,C02436,R0363,01-02-2024,,425,109,delivered
O006119,C02064,R0418,01-02-2024,22:00,1513,100,Delivered
O006120,C02021,R0310,,13:00,124,50,delivered
O006121,C00662,R0430,,,1044,30,Cancelled
O006122,C01828,R0006,March 3 2024,18:00,634,39,Delivered
O006123,C02150,R0467,2024-01-01,22:00,620,79,
O006124,C00951,R0385,,20:00,362,79,Cancelled
O006125,C02979,R0199,01-02-2024,18:00,-80,58,Delivered
O006126,C00025,R0034,,,1720,110,delivered
O006127,C01617,R0056,2024-01-01,22:00,1878,70,Cancelled
O006128,C00018,R0256,March 3 2024,22:00,347,15,
O006129,C00570,R0211,2024-01-01,20:00,1863,96,delivered
O006130,C01017,R0097,,12:00,154,77,Delivered
O006131,C01356,R0282,March 3 2024,20:00,1085,94,Delivered
O006132,C01593,R0489,March 3 2024,13:00,202,62,Cancelled
O006133,C00831,R0241,2024-01-01,13:00,1687,105,
O006134,C01036,R0170,,20:00,676,-10,delivered
O006135,C01933,R0347,2024-01-01,20:00,523,18,Cancelled
O006136,C02211,R0294,,20:00,953,117,
O006137,C01307,R0410,,20:00,1359,98,delivered
O006138,C01753,R0227,01-02-2024,20:00,579,77,
O006139,C00872,R0315,March 3 2024,22:00,379,70,
O006140,C00835,R0127,,,34,48,delivered
O006141,C00857,R0468,2024-01-01,,961,27,Delivered
O006142,C00970,R0280,2024-01-01,18:00,187,31,Delivered
O006143,C00593,R0367,01-02-2024,13:00,992,39,
O006144,C00255,R0021,01-02-2024,13:00,1043,3,
O006145,C02115,R0316,01-02-2024,,1323,115,Cancelled
O006146,C02966,R0246,March 3 2024,,808,89,Delivered
O006147,C02662,R0090,01-02-2024,18:00,557,22,Delivered
O006148,C00980,R0404,March 3 2024,20:00,1639,56,
O006149,C00603,R0006,01-02-2024,,1521,73,Cancelled
O006150,C01066,R0451,March 3 2024,,792,56,Cancelled
O006151,C01812,R0266,,18:00,1093,59,Cancelled
O006152,C01840,R0396,01-02-2024,20:00,578,102,delivered
O006153,C01810,R0097,March 3 2024,13:00,1548,74,delivered
O006154,C02432,R0150,,,1579,104,delivered
O006155,C01258,R0446,01-02-2024,12:00,806,33,Cancelled
O006156,C00966,R0445,,13:00,1134,118,Delivered
O006157,C01738,R0080,01-02-2024,13:00,1626,86,delivered
O006158,C00485,R0017,2024-01-01,12:00,1378,39,
O006159,C00039,R0138,March 3 2024,18:00,1590,109,
O006160,C00011,R0140,2024-01-01,22:00,753,105,
O006161,C00624,R0339,March 3 2024,20:00,492,51,Delivered
O006162,C00409,R0040,2024-01-01,20:00,867,-8,delivered
O006163,C02156,R0407,01-02-2024,13:00,919,37,Delivered
O006164,C02028,R0168,2024-01-01,12:00,797,103,delivered
O006165,C01118,R0074,01-02-2024,13:00,1484,85,
O006166,C02132,R0074,March 3 2024,13:00,715,46,
O006167,C02106,R0050,01-02-2024,,1771,74,Delivered
O006168,C01721,R0010,2024-01-01,18:00,990,79,delivered
O006169,C02886,R0103,,20:00,526,108,
O006170,C00605,R0350,March 3 2024,22:00,11,67,delivered
O006171,C00969,R0388,,12:00,570,17,delivered
O006172,C00165,R0385,,22:00,-75,81,Cancelled
O006173,C00437,R0299,,12:00,521,74,delivered
O006174,C02775,R0339,,20:00,989,101,Delivered
O006175,C01680,R0389,,18:00,616,107,
O006176,C01810,R0478,2024-01-01,22:00,1641,27,Delivered
O006177,C02451,R0474,01-02-2024,12:00,268,54,delivered
O006178,C01410,R0104,01-02-2024,13:00,1745,15,Delivered
O006179,C01978,R0290,,20:00,41,16,
O006180,C01162,R0450,2024-01-01,18:00,-87,11,delivered
O006181,C02764,R0280,,,430,90,Delivered
O006182,C00814,R0142,,13:00,337,56,delivered
O006183,C02770,R0297,March 3 2024,18:00,282,58,delivered
O006184,C02579,R0170,2024-01-01,12:00,814,71,Delivered
O006185,C01830,R0013,,13:00,1189,87,delivered
O006186,C00293,R0157,01-02-2024,,872,4,Delivered
O006187,C01499,R0449,March 3 2024,,1580,115,
O006188,C00462,R0174,,18:00,1937,103,delivered
O006189,C02690,R0162,,20:00,785,93,Delivered
O006190,C02092,R0447,,22:00,1583,40,
O006191,C01107,R0132,2024-01-01,,-22,86,Cancelled
O006192,C02940,R0028,,,208,41,delivered
O006193,C02684,R0083,01-02-2024,22:00,626,47,
O006194,C02587,R0385,March 3 2024,13:00,1351,58,delivered
O006195,C02910,R0420,2024-01-01,20:00,1629,112,delivered
O006196,C02567,R0363,March 3 2024,20:00,1613,26,Cancelled
O006197,C01435,R0269,01-02-2024,18:00,1258,64,
O006198,C00711,R0251,,13:00,612,97,delivered
O006199,C01648,R0370,2024-01-01,20:00,850,24,
O006200,C00089,R0106,,18:00,1335,28,Cancelled
O006201,C01664,R0261,2024-01-01,20:00,369,107,
O006202,C01042,R0353,,13:00,1438,77,Cancelled
O006203,C02721,R0014,01-02-2024,20:00,837,3,
O006204,C02912,R0080,01-02-2024,20:00,1652,36,Cancelled
O006205,C02938,R0376,,20:00,1851,96,
O006206,C01934,R0160,01-02-2024,22:00,1570,66,Delivered
O006207,C00422,R0178,,12:00,1179,91,Delivered
O006208,C00876,R0155,2024-01-01,13:00,473,6,delivered
O006209,C02750,R0035,01-02-2024,22:00,124,113,Cancelled
O006210,C00338,R0259,2024-01-01,12:00,746,113,delivered
O006211,C00266,R0260,,,1239,106,Delivered
O006212,C02851,R0135,2024-01-01,20:00,191,71,delivered
O006213,C01379,R0461,March 3 2024,20:00,1483,44,
O006214,C02408,R0489,,22:00,870,65,Cancelled
O006215,C01815,R0131,01-02-2024,18:00,1116,109,Cancelled
O006216,C02265,R0081,01-02-2024,13:00,910,18,
O006217,C00321,R0367,March 3 2024,12:00,1538,75,Cancelled
O006218,C00850,R0059,,20:00,1357,-9,Cancelled
O006219,C00719,R0074,,13:00,524,36,delivered
O006220,C00992,R0239,,20:00,1186,89,Cancelled
O006221,C01809,R0129,,20:00,-43,46,Delivered
O006222,C02304,R0412,2024-01-01,20:00,1584,111,
O006223,C00717,R0315,,13:00,1204,87,Cancelled
O006224,C00985,R0374,2024-01-01,22:00,1530,114,Delivered
O006225,C01940,R0437,2024-01-01,13:00,107,28,
O006226,C00896,R0138,01-02-2024,13:00,1807,-2,delivered
O006227,C01177,R0455,,,1066,14,delivered
O006228,C01777,R0103,2024-01-01,18:00,312,4,delivered
O006229,C02335,R0387,,18:00,1518,102,delivered
O006230,C02805,R0391,March 3 2024,22:00,975,80,Delivered
O006231,C01460,R0009,2024-01-01,18:00,940,-3,Delivered
O006232,C01616,R0232,01-02-2024,22:00,639,4,Cancelled
O006233,C02544,R0099,,20:00,703,66,Cancelled
O006234,C01173,R0218,01-02-2024,20:00,318,114,delivered
O006235,C00542,R0453,2024-01-01,13:00,818,67,
O006236,C00635,R0397,2024-01-01,20:00,1365,36,
O006237,C01350,R0237,01-02-2024,18:00,1425,108,delivered
O006238,C02987,R0222,,12:00,-21,36,Delivered
O006239,C00698,R0168,2024-01-01,13:00,1403,7,Delivered
O006240,C01953,R0370,March 3 2024,22:00,727,85,delivered
O006241,C02123,R0062,01-02-2024,20:00,1517,22,delivered
O006242,C01605,R0318,2024-01-01,13:00,967,118,Delivered
O006243,C00498,R0487,,13:00,1085,81,Delivered
O006244,C00722,R0010,2024-01-01,13:00,1656,6,Delivered
O006245,C01775,R0234,,20:00,1584,35,delivered
O006246,C01364,R0087,,22:00,1559,68,Delivered
O006247,C00308,R0267,2024-01-01,13:00,409,84,
O006248,C02752,R0204,March 3 2024,13:00,1436,-8,Delivered
O006249,C00884,R0318,,13:00,594,45,Cancelled
O006250,C01265,R0333,01-02-2024,,1020,15,Delivered
O006251,C00253,R0360,,20:00,1968,49,Cancelled
O006252,C00936,R0241,,,1278,47,
O006253,C01244,R0056,March 3 2024,18:00,1874,-3,Cancelled
O006254,C02445,R0110,,22:00,1428,15,delivered
O006255,C02179,R0049,2024-01-01,13:00,1327,99,delivered
O006256,C01753,R0243,March 3 2024,,1146,38,delivered
O006257,C01738,R0016,,13:00,299,32,
O006258,C01053,R0073,2024-01-01,,1936,10,delivered
O006259,C00494,R0372,2024-01-01,13:00,388,88,Delivered
O006260,C00959,R0202,,20:00,187,78,
O006261,C02022,R0093,01-02-2024,18:00,1303,10,
O006262,C01748,R0137,01-02-2024,13:00,336,3,Delivered
O006263,C01178,R0033,,,340,-4,Delivered
O006264,C00992,R0088,,13:00,1416,88,Cancelled
O006265,C02150,R0419,2024-01-01,20:00,689,119,delivered
O006266,C02875,R0203,,22:00,896,58,Delivered
O006267,C02225,R0039,,22:00,1168,55,
O006268,C02083,R0114,2024-01-01,18:00,85,7,
O006269,C00927,R0333,,22:00,61,1,Delivered
O006270,C02280,R0247,,13:00,1379,97,delivered
O006271,C02060,R0343,,20:00,690,49,Cancelled
O006272,C01210,R0409,2024-01-01,13:00,444,43,Cancelled
O006273,C02809,R0370,,13:00,1044,29,delivered
O006274,C00932,R0208,01-02-2024,18:00,-32,-7,delivered
O006275,C02314,R0312,,22:00,1650,10,
O006276,C01926,R0432,01-02-2024,22:00,534,80,Delivered
O006277,C01159,R0469,,22:00,1203,30,Cancelled
O006278,C00757,R0394,2024-01-01,,465,85,delivered
O006279,C01055,R0297,01-02-2024,13:00,432,25,
O006280,C00456,R0360,,20:00,1532,111,Cancelled
O006281,C00259,R0211,,20:00,1781,6,
O006282,C00431,R0355,,13:00,453,80,
O006283,C02517,R0059,,12:00,1848,107,Cancelled
O006284,C01965,R0156,2024-01-01,13:00,852,91,
O006285,C01974,R0122,March 3 2024,,1975,51,Delivered
O006286,C00647,R0120,01-02-2024,22:00,1319,107,
O006287,C00447,R0297,,13:00,469,73,Delivered
O006288,C02831,R0322,2024-01-01,,327,46,delivered
O006289,C01113,R0435,March 3 2024,12:00,879,88,Cancelled
O006290,C00195,R0062,2024-01-01,13:00,1016,22,
O006291,C01438,R0158,,22:00,-66,15,Delivered
O006292,C01146,R0040,March 3 2024,18:00,1637,77,
O006293,C02510,R0242,01-02-2024,20:00,906,13,
O006294,C01140,R0040,01-02-2024,12:00,1894,20,Delivered
O006295,C00196,R0453,2024-01-01,18:00,1299,16,
O006296,C02084,R0358,01-02-2024,20:00,1222,38,Cancelled
O006297,C02115,R0190,01-02-2024,18:00,253,62,Cancelled
O006298,C00645,R0234,March 3 2024,13:00,878,5,Cancelled
O006299,C01035,R0015,01-02-2024,13:00,1317,98,Cancelled
O006300,C01754,R0124,March 3 2024,20:00,302,76,Delivered
O006301,C00322,R0228,March 3 2024,20:00,1414,100,
O006302,C01692,R0387,March 3 2024,13:00,1447,110,Delivered
O006303,C02288,R0280,01-02-2024,13:00,293,-2,
O006304,C01017,R0425,2024-01-01,,1619,79,delivered
O006305,C00650,R0447,2024-01-01,20:00,3,2,
O006306,C02610,R0048,01-02-2024,20:00,1958,7,
O006307,C01703,R0189,March 3 2024,,909,90,Cancelled
O006308,C02213,R0304,01-02-2024,20:00,1643,34,
O006309,C00831,R0047,,22:00,1148,21,delivered
O006310,C00189,R0184,2024-01-01,,1240,-4,Delivered
O006311,C01511,R0105,March 3 2024,22:00,1817,9,Cancelled
O006312,C00092,R0369,01-02-2024,13:00,321,111,delivered
O006313,C01912,R0460,March 3 2024,22:00,1096,99,delivered
O006314,C02337,R0247,,12:00,517,3,delivered
O006315,C01581,R0264,March 3 2024,13:00,1082,-2,Delivered
O006316,C01409,R0206,,12:00,194,89,Delivered
O006317,C00175,R0018,2024-01-01,18:00,175,79,delivered
O006318,C01697,R0364,March 3 2024,12:00,93,82,Delivered
O006319,C00474,R0251,01-02-2024,18:00,210,5,
O006320,C01935,R0238,March 3 2024,12:00,519,68,
O006321,C00270,R0340,March 3 2024,18:00,1026,103,Delivered
O006322,C02045,R0407,,18:00,149,13,delivered
O006323,C02455,R0453,,13:00,855,-10,delivered
O006324,C00694,R0321,01-02-2024,20:00,1915,63,Cancelled
O006325,C00376,R0365,2024-01-01,20:00,195,100,delivered
O006326,C01416,R0302,2024-01-01,13:00,137,91,Cancelled
O006327,C02230,R0066,,18:00,709,20,Cancelled
O006328,C02084,R0336,01-02-2024,20:00,1553,66,delivered
O006329,C01236,R0453,March 3 2024,20:00,1665,51,Delivered
O006330,C01972,R0150,01-02-2024,12:00,420,24,Cancelled
O006331,C00134,R0193,01-02-2024,22:00,1042,11,Cancelled
O006332,C02913,R0396,01-02-2024,13:00,1014,1,Cancelled
O006333,C00924,R0147,2024-01-01,22:00,622,89,Delivered
O006334,C00690,R0406,March 3 2024,18:00,1844,32,Delivered
O006335,C01702,R0183,01-02-2024,12:00,1039,63,Cancelled
O006336,C02030,R0106,2024-01-01,20:00,1457,-3,Delivered
O006337,C02539,R0236,2024-01-01,,466,12,Cancelled
O006338,C01873,R0126,,12:00,375,32,Cancelled
O006339,C00841,R0446,March 3 2024,13:00,1876,13,
O006340,C00988,R0179,01-02-2024,18:00,1496,76,Delivered
O006341,C01462,R0432,March 3 2024,12:00,1045,35,
O006342,C00839,R0401,,12:00,1527,100,
O006343,C02716,R0013,,12:00,1758,35,delivered
O006344,C02480,R0231,01-02-2024,20:00,1145,71,Cancelled
O006345,C01452,R0028,2024-01-01,18:00,1382,47,Cancelled
O006346,C00748,R0379,,20:00,1565,74,Cancelled
O006347,C02876,R0323,2024-01-01,12:00,1421,14,Cancelled
O006348,C02565,R0261,,20:00,269,91,
O006349,C02510,R0100,March 3 2024,20:00,1876,63,
O006350,C00966,R0188,01-02-2024,13:00,659,33,
O006351,C01927,R0399,,22:00,1124,81,
O006352,C02039,R0337,March 3 2024,22:00,1685,71,Cancelled
O006353,C02229,R0300,,13:00,474,91,Delivered
O006354,C00145,R0119,01-02-2024,13:00,1308,55,Delivered
O006355,C01851,R0046,March 3 2024,,1047,11,Cancelled
O006356,C00735,R0413,2024-01-01,20:00,276,76,Delivered
O006357,C02454,R0068,,,1281,98,delivered
O006358,C02861,R0384,,20:00,1709,79,delivered
O006359,C02374,R0480,March 3 2024,18:00,1802,30,Delivered
O006360,C01390,R0305,01-02-2024,22:00,1056,112,Delivered
O006361,C02532,R0171,,20:00,985,101,
O006362,C02530,R0358,March 3 2024,18:00,60,82,Cancelled
O006363,C02387,R0196,01-02-2024,,658,72,Cancelled
O006364,C02316,R0333,,22:00,1209,37,delivered
O006365,C02314,R0020,March 3 2024,18:00,729,16,Delivered
O006366,C00528,R0111,01-02-2024,18:00,748,83,Delivered
O006367,C02920,R0146,,13:00,1876,81,delivered
O006368,C01412,R0192,,12:00,148,45,delivered
O006369,C02974,R0433,01-02-2024,12:00,1014,59,
O006370,C01119,R0371,01-02-2024,12:00,930,10,
O006371,C00430,R0426,March 3 2024,18:00,1429,36,Delivered
O006372,C02843,R0229,,20:00,1244,49,delivered
O006373,C02989,R0012,,,1577,101,Delivered
O006374,C01061,R0217,March 3 2024,12:00,1380,79,delivered
O006375,C01417,R0478,,20:00,-91,6,delivered
O006376,C01597,R0079,,22:00,614,15,delivered
O006377,C01898,R0375,,,258,-5,Cancelled
O006378,C02351,R0036,2024-01-01,,1199,-1,Cancelled
O006379,C01780,R0264,01-02-2024,12:00,1780,70,Cancelled
O006380,C02449,R0028,2024-01-01,18:00,529,48,
O006381,C02871,R0372,2024-01-01,13:00,167,101,
O006382,C02392,R0086,01-02-2024,18:00,177,69,delivered
O006383,C02911,R0188,2024-01-01,,923,37,Cancelled
O006384,C00518,R0305,March 3 2024,20:00,-25,80,delivered
O006385,C01401,R0254,2024-01-01,22:00,425,65,Cancelled
O006386,C00165,R0422,March 3 2024,,517,74,
O006387,C02073,R0080,01-02-2024,18:00,1099,-4,
O006388,C01147,R0186,,,1617,-2,Delivered
O006389,C00129,R0005,01-02-2024,13:00,1880,78,delivered
O006390,C02865,R0046,01-02-2024,13:00,1490,26,
O006391,C01658,R0354,2024-01-01,22:00,169,6,Cancelled
O006392,C01018,R0497,01-02-2024,12:00,-99,108,
O006393,C00595,R0102,01-02-2024,18:00,1179,30,Cancelled
O006394,C01333,R0459,March 3 2024,,1437,53,delivered
O006395,C02484,R0002,,18:00,1286,72,delivered
O006396,C00182,R0217,2024-01-01,13:00,1030,46,delivered
O006397,C01612,R0025,,20:00,1057,34,
O006398,C02664,R0257,,18:00,1332,62,
O006399,C00744,R0223,,13:00,1374,98,delivered
O006400,C01839,R0453,2024-01-01,20:00,434,99,
O006401,C02091,R0424,01-02-2024,12:00,1508,99,delivered
O006402,C02452,R0324,,12:00,436,98,delivered
O006403,C01953,R0499,2024-01-01,13:00,1117,80,delivered
O006404,C00605,R0069,01-02-2024,13:00,963,76,Delivered
O006405,C02704,R0197,,12:00,363,33,Cancelled
O006406,C01790,R0272,March 3 2024,13:00,-78,37,Delivered
O006407,C01614,R0182,2024-01-01,22:00,588,60,delivered
O006408,C00263,R0447,,18:00,27,-9,
O006409,C02118,R0018,2024-01-01,22:00,1186,69,
O006410,C00661,R0107,March 3 2024,20:00,1982,107,Delivered
O006411,C01316,R0017,2024-01-01,13:00,0,-5,delivered
O006412,C02920,R0125,01-02-2024,13:00,636,69,Cancelled
O006413,C00822,R0483,,20:00,510,78,Cancelled
O006414,C02195,R0082,2024-01-01,18:00,1005,34,
O006415,C02073,R0004,2024-01-01,12:00,1240,-1,Cancelled
O006416,C01347,R0115,,22:00,1902,21,Delivered
O006417,C02020,R0351,March 3 2024,18:00,95,-9,
O006418,C02741,R0351,March 3 2024,12:00,1432,10,Cancelled
O006419,C02299,R0137,,12:00,1404,82,delivered
O006420,C02530,R0287,,13:00,1316,110,Cancelled
O006421,C02763,R0389,01-02-2024,20:00,1196,12,Delivered
O006422,C00816,R0228,2024-01-01,,1222,25,Cancelled
O006423,C00682,R0016,2024-01-01,13:00,770,3,Cancelled
O006424,C02223,R0298,March 3 2024,,84,4,Delivered
O006425,C01194,R0425,01-02-2024,20:00,1589,24,Delivered
O006426,C00002,R0464,2024-01-01,13:00,1112,109,Delivered
O006427,C00639,R0212,01-02-2024,22:00,942,11,delivered
O006428,C02754,R0246,,13:00,397,25,Cancelled
O006429,C02410,R0286,2024-01-01,22:00,1465,4,delivered
O006430,C02618,R0282,,,1562,110,delivered
O006431,C00590,R0177,March 3 2024,18:00,117,85,Delivered
O006432,C00202,R0031,March 3 2024,18:00,424,89,
O006433,C01005,R0050,,,1261,78,delivered
O006434,C01313,R0143,March 3 2024,,20,63,Cancelled
O006435,C02026,R0052,,13:00,1405,15,Delivered
O006436,C01804,R0233,,18:00,1956,19,delivered
O006437,C00126,R0166,,12:00,121,111,Cancelled
O006438,C00666,R0038,March 3 2024,22:00,696,92,Cancelled
O006439,C02097,R0491,March 3 2024,,760,20,Cancelled
O006440,C00846,R0444,March 3 2024,20:00,1597,98,delivered
O006441,C01797,R0020,,22:00,765,100,Delivered
O006442,C00179,R0099,01-02-2024,13:00,932,100,Delivered
O006443,C01605,R0215,March 3 2024,18:00,1139,71,
O006444,C01903,R0044,01-02-2024,18:00,822,-9,Cancelled
O006445,C00493,R0111,March 3 2024,12:00,1552,67,Delivered
O006446,C02620,R0487,2024-01-01,18:00,239,23,
O006447,C02350,R0089,2024-01-01,13:00,1994,49,
O006448,C00964,R0319,2024-01-01,13:00,729,23,Delivered
O006449,C02474,R0118,01-02-2024,20:00,712,116,Delivered
O006450,C01193,R0434,March 3 2024,22:00,388,8,Delivered
O006451,C01945,R0406,,22:00,1245,41,delivered
O006452,C01987,R0239,01-02-2024,22:00,690,33,Delivered
O006453,C00269,R0072,March 3 2024,20:00,-8,75,Delivered
O006454,C01388,R0310,2024-01-01,20:00,1734,27,delivered
O006455,C00624,R0393,01-02-2024,20:00,1175,81,Delivered
O006456,C02148,R0399,March 3 2024,12:00,1086,2,Delivered
O006457,C02263,R0304,,20:00,1081,82,Delivered
O006458,C02673,R0404,01-02-2024,18:00,37,31,Cancelled
O006459,C02145,R0163,,,211,85,delivered
O006460,C00819,R0251,01-02-2024,12:00,1606,37,Delivered
O006461,C02678,R0357,2024-01-01,18:00,602,35,delivered
O006462,C00548,R0195,2024-01-01,22:00,860,103,
O006463,C00337,R0060,2024-01-01,13:00,1460,67,
O006464,C00359,R0098,,22:00,1173,46,delivered
O006465,C01420,R0418,2024-01-01,20:00,438,41,Delivered
O006466,C01925,R0356,,13:00,16,11,delivered
O006467,C00816,R0355,,22:00,385,6,Cancelled
O006468,C00360,R0073,,12:00,1286,86,
O006469,C00347,R0222,2024-01-01,20:00,949,91,delivered
O006470,C01148,R0119,March 3 2024,22:00,683,15,Delivered
O006471,C00552,R0182,,13:00,519,60,Delivered
O006472,C02586,R0384,March 3 2024,18:00,1416,30,
O006473,C02702,R0218,,22:00,1280,39,Cancelled
O006474,C01888,R0256,2024-01-01,12:00,1399,17,
O006475,C01931,R0396,2024-01-01,13:00,313,63,Delivered
O006476,C00422,R0088,2024-01-01,22:00,328,117,Cancelled
O006477,C00336,R0361,01-02-2024,18:00,142,55,delivered
O006478,C01527,R0275,2024-01-01,20:00,1704,103,
O006479,C00057,R0492,March 3 2024,20:00,998,2,delivered
O006480,C01686,R0336,,20:00,11,-10,delivered
O006481,C02960,R0026,March 3 2024,,681,78,Delivered
O006482,C02765,R0407,01-02-2024,13:00,869,-1,Delivered
O006483,C02333,R0121,March 3 2024,,1533,116,Cancelled
O006484,C00722,R0289,,18:00,259,43,delivered
O006485,C00386,R0362,,18:00,666,60,Cancelled
O006486,C00950,R0441,2024-01-01,22:00,818,39,Cancelled
O006487,C02818,R0030,01-02-2024,20:00,67,48,
O006488,C01501,R0407,01-02-2024,13:00,687,-5,
O006489,C01720,R0202,March 3 2024,,1851,98,Delivered
O006490,C02888,R0382,2024-01-01,,1769,21,delivered
O006491,C02059,R0036,2024-01-01,20:00,1993,42,Cancelled
O006492,C01430,R0125,2024-01-01,,941,97,delivered
O006493,C02720,R0223,,20:00,778,58,Delivered
O006494,C00260,R0235,01-02-2024,22:00,657,72,delivered
O006495,C00393,R0124,March 3 2024,22:00,1273,-9,Cancelled
O006496,C00600,R0470,March 3 2024,22:00,587,32,Cancelled
O006497,C01040,R0171,March 3 2024,12:00,297,29,delivered
O006498,C00756,R0491,2024-01-01,12:00,1873,-7,delivered
O006499,C02759,R0486,01-02-2024,,-3,64,delivered
O006500,C00477,R0495,01-02-2024,13:00,1819,94,Cancelled
O006501,C01188,R0450,,13:00,-14,111,Cancelled
O006502,C02072,R0181,,22:00,1666,3,
O006503,C01600,R0215,,18:00,342,88,Cancelled
O006504,C02360,R0118,March 3 2024,13:00,581,98,delivered
O006505,C02510,R0227,March 3 2024,,20,10,Cancelled
O006506,C01262,R0379,01-02-2024,12:00,396,50,delivered
O006507,C02070,R0444,,,511,-9,Cancelled
O006508,C02228,R0037,March 3 2024,,34,-1,Cancelled
O006509,C01842,R0317,,12:00,214,80,delivered
O006510,C01583,R0096,,20:00,-90,107,Delivered
O006511,C02839,R0120,01-02-2024,22:00,768,65,
O006512,C01760,R0491,01-02-2024,,634,69,Cancelled
O006513,C00730,R0437,March 3 2024,18:00,1033,-3,Delivered
O006514,C01499,R0012,01-02-2024,22:00,1243,90,Cancelled
O006515,C00749,R0122,,12:00,1868,78,Cancelled
O006516,C00716,R0035,01-02-2024,18:00,-85,36,Cancelled
O006517,C02387,R0489,,13:00,1551,71,delivered
O006518,C00531,R0251,,20:00,1124,113,Cancelled
O006519,C00692,R0067,March 3 2024,,1087,-3,Delivered
O006520,C02210,R0482,March 3 2024,12:00,-94,19,Cancelled
O006521,C01109,R0038,March 3 2024,20:00,824,80,Cancelled
O006522,C01571,R0280,,,531,105,Cancelled
O006523,C00490,R0230,01-02-2024,,1337,94,delivered
O006524,C00005,R0337,March 3 2024,22:00,835,67,delivered
O006525,C00076,R0168,March 3 2024,18:00,459,53,Delivered
O006526,C01277,R0449,01-02-2024,22:00,-10,19,delivered
O006527,C02055,R0441,01-02-2024,20:00,1441,47,Cancelled
O006528,C02729,R0328,March 3 2024,12:00,345,20,delivered
O006529,C00473,R0246,,20:00,1208,79,
O006530,C01382,R0079,,12:00,1316,89,delivered
O006531,C02860,R0114,March 3 2024,20:00,849,117,Cancelled
O006532,C00838,R0301,01-02-2024,22:00,1805,48,Cancelled
O006533,C00603,R0217,,20:00,1710,100,
O006534,C01187,R0200,01-02-2024,13:00,229,105,delivered
O006535,C02366,R0381,2024-01-01,22:00,1906,1,Cancelled
O006536,C01482,R0500,01-02-2024,20:00,1453,34,delivered
O006537,C01765,R0352,01-02-2024,20:00,944,55,delivered
O006538,C01699,R0242,2024-01-01,18:00,1834,93,Cancelled
O006539,C00232,R0013,,22:00,1719,87,Delivered
O006540,C00328,R0366,,18:00,1655,58,delivered
O006541,C02286,R0207,,22:00,1714,-6,
O006542,C01144,R0262,March 3 2024,12:00,1481,52,Delivered
O006543,C00950,R0097,2024-01-01,22:00,1728,-7,Delivered
O006544,C01887,R0071,01-02-2024,22:00,1122,104,delivered
O006545,C02943,R0481,2024-01-01,20:00,922,30,
O006546,C02667,R0303,2024-01-01,13:00,1550,87,delivered
O006547,C02298,R0349,2024-01-01,,471,44,Cancelled
O006548,C01360,R0230,2024-01-01,22:00,337,34,Cancelled
O006549,C01308,R0357,2024-01-01,18:00,656,48,Delivered
O006550,C00198,R0300,2024-01-01,13:00,490,110,
O006551,C00416,R0032,March 3 2024,22:00,780,114,
O006552,C02780,R0250,2024-01-01,13:00,787,41,Delivered
O006553,C01419,R0254,2024-01-01,12:00,-58,0,delivered
O006554,C00938,R0259,,13:00,1220,85,delivered
O006555,C01244,R0182,2024-01-01,12:00,812,39,Cancelled
O006556,C01240,R0340,2024-01-01,13:00,117,85,delivered
O006557,C01339,R0462,,13:00,18,112,delivered
O006558,C01692,R0476,,18:00,1065,37,
O006559,C00216,R0166,,,189,39,Delivered
O006560,C01650,R0004,01-02-2024,18:00,1562,71,delivered
O006561,C01185,R0463,2024-01-01,20:00,124,30,Delivered
O006562,C02863,R0145,2024-01-01,13:00,793,17,
O006563,C00610,R0165,2024-01-01,12:00,1180,118,Delivered
O006564,C02559,R0344,,13:00,144,22,Cancelled
O006565,C00918,R0486,March 3 2024,22:00,421,0,Cancelled
O006566,C00157,R0362,2024-01-01,12:00,1518,17,Delivered
O006567,C00162,R0105,,22:00,1062,36,delivered
O006568,C00042,R0036,,20:00,18,63,delivered
O006569,C02351,R0314,,22:00,1501,61,delivered
O006570,C01354,R0169,01-02-2024,20:00,470,72,
O006571,C01587,R0008,,20:00,1796,103,Delivered
O006572,C02812,R0451,March 3 2024,20:00,1115,-3,Cancelled
O006573,C01453,R0414,01-02-2024,22:00,842,58,delivered
O006574,C00120,R0086,,20:00,1053,67,Delivered
O006575,C01099,R0436,March 3 2024,20:00,160,34,
O006576,C02038,R0097,March 3 2024,18:00,289,96,Cancelled
O006577,C02722,R0409,2024-01-01,,544,27,
O006578,C02709,R0436,,13:00,31,56,delivered
O006579,C00123,R0315,,20:00,307,93,Delivered
O006580,C02701,R0030,2024-01-01,12:00,1943,59,Delivered
O006581,C02969,R0101,March 3 2024,12:00,1076,88,
O006582,C00789,R0067,,18:00,466,33,Cancelled
O006583,C00257,R0388,2024-01-01,22:00,1561,35,Cancelled
O006584,C01861,R0349,2024-01-01,22:00,1993,118,
O006585,C02805,R0441,March 3 2024,22:00,585,111,delivered
O006586,C02646,R0063,March 3 2024,20:00,1879,33,Cancelled
O006587,C01293,R0032,,,1852,73,Delivered
O006588,C02839,R0087,,,1968,76,
O006589,C01173,R0211,01-02-2024,22:00,1906,73,delivered
O006590,C01172,R0463,March 3 2024,22:00,1088,85,Delivered
O006591,C00680,R0051,01-02-2024,13:00,0,35,Delivered
O006592,C01202,R0063,01-02-2024,,560,61,Delivered
O006593,C02844,R0080,2024-01-01,20:00,1926,83,Delivered
O006594,C00608,R0343,2024-01-01,20:00,-68,60,delivered
O006595,C00331,R0232,,12:00,135,29,Delivered
O006596,C02104,R0366,March 3 2024,12:00,406,63,
O006597,C01231,R0101,March 3 2024,13:00,231,4,
O006598,C02153,R0129,01-02-2024,18:00,385,108,
O006599,C00547,R0019,01-02-2024,20:00,19,10,Cancelled
O006600,C00793,R0357,,12:00,57,10,
O006601,C01905,R0419,2024-01-01,22:00,749,49,
O006602,C01379,R0447,March 3 2024,20:00,592,95,Delivered
O006603,C01683,R0094,March 3 2024,20:00,951,54,Delivered
O006604,C00489,R0081,March 3 2024,20:00,848,58,delivered
O006605,C01823,R0103,March 3 2024,,1502,99,delivered
O006606,C01527,R0369,2024-01-01,12:00,1189,15,
O006607,C02351,R0154,,13:00,1998,64,
O006608,C00650,R0269,,12:00,1258,44,delivered
O006609,C00648,R0118,2024-01-01,22:00,33,102,Cancelled
O006610,C01386,R0342,,22:00,1928,35,
O006611,C00381,R0494,,18:00,906,59,
O006612,C02210,R0279,01-02-2024,12:00,331,43,Delivered
O006613,C02067,R0492,2024-01-01,12:00,1404,76,Delivered
O006614,C00980,R0363,,18:00,1,85,
O006615,C01864,R0225,01-02-2024,18:00,230,109,Cancelled
O006616,C02291,R0475,2024-01-01,20:00,275,25,Cancelled
O006617,C00129,R0419,2024-01-01,20:00,1374,23,delivered
O006618,C01200,R0268,March 3 2024,22:00,663,75,Cancelled
O006619,C00409,R0137,01-02-2024,13:00,1793,22,Cancelled
O006620,C00792,R0226,01-02-2024,22:00,323,44,delivered
O006621,C02991,R0334,01-02-2024,,948,12,Cancelled
O006622,C01108,R0229,2024-01-01,12:00,315,114,delivered
O006623,C00222,R0323,March 3 2024,13:00,201,33,Delivered
O006624,C01440,R0108,2024-01-01,20:00,1023,89,delivered
O006625,C02493,R0300,,18:00,1311,17,
O006626,C00618,R0445,,18:00,1586,53,Cancelled
O006627,C01349,R0405,,22:00,1515,37,Cancelled
O006628,C02571,R0007,March 3 2024,12:00,561,48,delivered
O006629,C02214,R0128,2024-01-01,12:00,258,48,
O006630,C02756,R0353,01-02-2024,18:00,188,32,Cancelled
O006631,C02791,R0483,,22:00,1625,61,Delivered
O006632,C02961,R0267,,,1944,32,delivered
O006633,C01037,R0173,2024-01-01,22:00,1857,2,
O006634,C02413,R0416,01-02-2024,20:00,474,95,delivered
O006635,C00225,R0214,March 3 2024,20:00,616,83,Cancelled
O006636,C00164,R0247,,20:00,1127,39,Cancelled
O006637,C02242,R0106,,,1102,38,Cancelled
O006638,C00057,R0083,,13:00,912,92,delivered
O006639,C02261,R0292,01-02-2024,22:00,1846,79,
O006640,C01404,R0374,,22:00,1403,80,delivered
O006641,C00117,R0421,01-02-2024,,1251,75,Cancelled
O006642,C02647,R0203,,20:00,427,2,delivered
O006643,C00410,R0041,,18:00,1714,-4,Delivered
O006644,C01917,R0205,01-02-2024,20:00,1079,31,
O006645,C02860,R0348,01-02-2024,13:00,1280,2,Cancelled
O006646,C02977,R0049,March 3 2024,,1451,1,delivered
O006647,C01984,R0143,2024-01-01,18:00,964,27,Delivered
O006648,C02052,R0141,,22:00,1181,-8,Cancelled
O006649,C00023,R0053,,13:00,1289,51,delivered
O006650,C02969,R0107,2024-01-01,13:00,454,26,Cancelled
O006651,C00745,R0033,2024-01-01,,989,13,
O006652,C00602,R0200,2024-01-01,18:00,1787,81,Cancelled
O006653,C02751,R0119,,20:00,630,57,Cancelled
O006654,C02517,R0288,,20:00,944,53,
O006655,C00970,R0229,,12:00,212,7,delivered
O006656,C01179,R0118,01-02-2024,18:00,215,57,Delivered
O006657,C01843,R0176,March 3 2024,20:00,1790,47,Delivered
O006658,C02675,R0452,March 3 2024,13:00,1371,112,
O006659,C02255,R0185,2024-01-01,,25,34,Cancelled
O006660,C00081,R0318,2024-01-01,20:00,395,42,delivered
O006661,C02663,R0499,,,880,16,delivered
O006662,C00483,R0338,March 3 2024,20:00,643,107,
O006663,C02640,R0215,March 3 2024,,1522,25,delivered
O006664,C01431,R0221,01-02-2024,13:00,599,89,Delivered
O006665,C00033,R0130,,18:00,1928,95,delivered
O006666,C02083,R0333,,12:00,1992,90,Cancelled
O006667,C01273,R0272,March 3 2024,,735,100,delivered
O006668,C02983,R0246,March 3 2024,20:00,863,3,
O006669,C00280,R0123,01-02-2024,,810,-8,
O006670,C02008,R0008,01-02-2024,,627,23,Delivered
O006671,C02200,R0403,,20:00,-3,37,Delivered
O006672,C01683,R0416,01-02-2024,20:00,1194,61,Delivered
O006673,C01575,R0067,March 3 2024,18:00,1367,94,Delivered
O006674,C00701,R0115,,13:00,1014,24,delivered
O006675,C01780,R0369,March 3 2024,13:00,1577,86,delivered
O006676,C02783,R0288,,13:00,1943,98,
O006677,C01019,R0105,,13:00,-30,98,
O006678,C01254,R0469,March 3 2024,13:00,1265,22,Delivered
O006679,C00665,R0025,,13:00,657,104,delivered
O006680,C02971,R0053,,20:00,625,43,Cancelled
O006681,C01312,R0247,01-02-2024,20:00,6,28,Delivered
O006682,C01419,R0337,March 3 2024,13:00,674,99,Delivered
O006683,C02501,R0281,March 3 2024,13:00,1030,27,delivered
O006684,C02668,R0033,01-02-2024,18:00,1009,62,Cancelled
O006685,C01057,R0287,,,1150,101,Delivered
O006686,C01939,R0036,2024-01-01,18:00,1174,90,Cancelled
O006687,C01387,R0343,2024-01-01,22:00,1989,36,
O006688,C01135,R0379,March 3 2024,20:00,1349,115,
O006689,C01145,R0239,01-02-2024,13:00,-20,54,Delivered
O006690,C02064,R0492,,,815,89,delivered
O006691,C00739,R0217,01-02-2024,20:00,161,31,Delivered
O006692,C01547,R0177,,22:00,1318,91,delivered
O006693,C02763,R0044,March 3 2024,18:00,1253,44,Cancelled
O006694,C02762,R0304,March 3 2024,22:00,707,48,delivered
O006695,C02146,R0158,2024-01-01,12:00,1819,63,delivered
O006696,C02164,R0269,01-02-2024,18:00,447,40,Delivered
O006697,C00057,R0171,March 3 2024,20:00,1068,25,Delivered
O006698,C01495,R0495,01-02-2024,18:00,1872,31,
O006699,C01463,R0221,March 3 2024,22:00,1227,91,Cancelled
O006700,C00349,R0400,,13:00,694,88,
O006701,C00232,R0230,,,1302,117,Cancelled
O006702,C01997,R0091,2024-01-01,22:00,739,2,
O006703,C02083,R0410,March 3 2024,22:00,447,88,Cancelled
O006704,C01557,R0459,2024-01-01,13:00,-34,41,delivered
O006705,C02687,R0431,2024-01-01,,581,51,delivered
O006706,C02333,R0421,March 3 2024,20:00,1398,109,
O006707,C01971,R0131,March 3 2024,,1533,82,
O006708,C01657,R0410,,20:00,736,33,
O006709,C02684,R0226,2024-01-01,18:00,1356,112,Delivered
O006710,C01943,R0225,,22:00,1685,79,Cancelled
O006711,C00545,R0143,01-02-2024,18:00,1225,37,
O006712,C00392,R0066,01-02-2024,13:00,474,49,Delivered
O006713,C01194,R0028,2024-01-01,12:00,1001,13,
O006714,C02125,R0125,2024-01-01,20:00,-71,6,Delivered
O006715,C01989,R0212,March 3 2024,13:00,1275,54,
O006716,C00297,R0422,March 3 2024,20:00,730,95,delivered
O006717,C02378,R0428,2024-01-01,18:00,1038,44,Delivered
O006718,C01087,R0437,2024-01-01,12:00,1428,66,delivered
O006719,C00270,R0080,01-02-2024,,1931,50,Delivered
O006720,C02264,R0238,,22:00,434,20,Cancelled
O006721,C01099,R0132,01-02-2024,,268,90,Cancelled
O006722,C01710,R0328,01-02-2024,20:00,1649,17,Delivered
O006723,C00510,R0300,,22:00,201,21,
O006724,C02627,R0119,2024-01-01,18:00,1594,-4,Delivered
O006725,C01117,R0046,2024-01-01,20:00,736,3,Cancelled
O006726,C01077,R0084,01-02-2024,,1199,62,Cancelled
O006727,C00496,R0282,01-02-2024,18:00,410,59,delivered
O006728,C02996,R0352,,22:00,786,19,Cancelled
O006729,C00094,R0013,March 3 2024,18:00,1458,1,
O006730,C00625,R0125,March 3 2024,18:00,1946,-8,delivered
O006731,C00229,R0325,2024-01-01,18:00,694,56,Cancelled
O006732,C02298,R0172,March 3 2024,13:00,1771,75,Delivered
O006733,C01415,R0234,2024-01-01,13:00,1331,104,Delivered
O006734,C00721,R0181,2024-01-01,20:00,1700,97,Cancelled
O006735,C00980,R0051,2024-01-01,18:00,176,71,
O006736,C02230,R0269,,,129,-7,Delivered
O006737,C00267,R0169,01-02-2024,18:00,1791,9,delivered
O006738,C01004,R0395,March 3 2024,18:00,1650,34,
O006739,C00281,R0421,,13:00,1080,84,delivered
O006740,C00962,R0316,March 3 2024,22:00,1960,119,delivered
O006741,C02715,R0288,,18:00,1426,83,Cancelled
O006742,C01107,R0429,March 3 2024,12:00,514,20,delivered
O006743,C01210,R0490,March 3 2024,20:00,1093,17,Delivered
O006744,C02579,R0274,01-02-2024,13:00,47,62,
O006745,C01372,R0349,March 3 2024,22:00,335,48,delivered
O006746,C00423,R0207,,12:00,1357,38,Cancelled
O006747,C00892,R0148,March 3 2024,18:00,11,107,delivered
O006748,C02006,R0300,01-02-2024,,1378,6,Delivered
O006749,C00454,R0420,March 3 2024,,1692,115,
O006750,C02315,R0453,,13:00,996,70,Delivered
O006751,C00507,R0488,March 3 2024,18:00,853,95,Cancelled
O006752,C01166,R0037,01-02-2024,20:00,1398,79,delivered
O006753,C00316,R0161,01-02-2024,13:00,1196,73,Delivered
O006754,C01700,R0466,01-02-2024,12:00,857,31,Cancelled
O006755,C00764,R0383,01-02-2024,,635,37,Cancelled
O006756,C01256,R0275,2024-01-01,22:00,772,31,Cancelled
O006757,C00898,R0435,01-02-2024,22:00,-7,43,Cancelled
O006758,C00953,R0288,March 3 2024,20:00,567,86,
O006759,C02923,R0106,March 3 2024,22:00,414,-3,Cancelled
O006760,C01596,R0022,March 3 2024,22:00,1143,101,Cancelled
O006761,C02964,R0233,March 3 2024,20:00,93,99,Delivered
O006762,C02070,R0122,2024-01-01,,833,59,delivered
O006763,C00384,R0129,2024-01-01,12:00,711,100,Cancelled
O006764,C00103,R0310,2024-01-01,13:00,1511,100,delivered
O006765,C00900,R0217,March 3 2024,,1653,-6,
O006766,C02781,R0148,,13:00,1876,61,Cancelled
O006767,C00110,R0058,,20:00,1420,53,Delivered
O006768,C01496,R0419,March 3 2024,,1553,24,Delivered
O006769,C00670,R0237,01-02-2024,18:00,1378,49,delivered
O006770,C00384,R0070,01-02-2024,20:00,1901,78,
O006771,C02021,R0454,March 3 2024,20:00,1622,89,
O006772,C02238,R0189,01-02-2024,20:00,931,28,Cancelled
O006773,C00762,R0242,01-02-2024,20:00,245,102,delivered
O006774,C02408,R0063,,22:00,250,77,Cancelled
O006775,C02923,R0485,March 3 2024,22:00,109,108,
O006776,C00886,R0241,2024-01-01,,595,7,Cancelled
O006777,C02127,R0445,,12:00,1164,101,Cancelled
O006778,C02644,R0185,March 3 2024,20:00,1541,-10,Cancelled
O006779,C01236,R0259,March 3 2024,13:00,1457,6,Cancelled
O006780,C02934,R0229,,18:00,764,110,Cancelled
O006781,C01015,R0223,01-02-2024,22:00,685,103,Delivered
O006782,C01469,R0099,01-02-2024,13:00,1860,47,Delivered
O006783,C02197,R0247,,22:00,1458,61,Cancelled
O006784,C00010,R0045,March 3 2024,,10,112,
O006785,C01566,R0399,2024-01-01,12:00,1053,113,delivered
O006786,C00792,R0273,March 3 2024,18:00,565,37,delivered
O006787,C01968,R0399,2024-01-01,22:00,460,45,
O006788,C01079,R0005,2024-01-01,18:00,-48,110,Delivered
O006789,C02920,R0470,March 3 2024,18:00,801,20,delivered
O006790,C01663,R0430,March 3 2024,,1564,54,
O006791,C02228,R0011,March 3 2024,13:00,1414,94,Cancelled
O006792,C00744,R0448,2024-01-01,22:00,1103,50,
O006793,C02429,R0348,01-02-2024,18:00,1442,115,Cancelled
O006794,C00451,R0398,2024-01-01,,617,66,Cancelled
O006795,C01117,R0039,2024-01-01,20:00,554,12,Cancelled
O006796,C02442,R0451,2024-01-01,18:00,1031,116,Cancelled
O006797,C00057,R0439,,18:00,1675,82,
O006798,C01355,R0500,01-02-2024,22:00,1398,47,delivered
O006799,C01732,R0042,2024-01-01,20:00,1649,86,delivered
O006800,C02481,R0203,2024-01-01,18:00,1621,119,Cancelled
O006801,C00123,R0094,,22:00,1915,1,Cancelled
O006802,C01187,R0486,2024-01-01,22:00,981,93,delivered
O006803,C02994,R0005,01-02-2024,,-13,81,
O006804,C02814,R0052,2024-01-01,18:00,1045,24,delivered
O006805,C00908,R0150,01-02-2024,12:00,1167,63,Cancelled
O006806,C02133,R0205,01-02-2024,12:00,990,100,delivered
O006807,C02832,R0300,March 3 2024,13:00,1987,97,Cancelled
O006808,C01749,R0499,,12:00,1135,110,
O006809,C02864,R0371,,12:00,979,53,Delivered
O006810,C01115,R0469,,22:00,190,7,Cancelled
O006811,C01508,R0187,March 3 2024,22:00,1542,54,delivered
O006812,C01277,R0485,March 3 2024,,606,-7,Delivered
O006813,C01814,R0153,01-02-2024,18:00,698,-4,delivered
O006814,C01679,R0383,,18:00,1372,64,delivered
O006815,C01268,R0116,March 3 2024,22:00,743,44,delivered
O006816,C02755,R0149,March 3 2024,18:00,813,111,Delivered
O006817,C02318,R0220,March 3 2024,22:00,243,16,Cancelled
O006818,C02889,R0192,01-02-2024,12:00,1471,105,Delivered
O006819,C01064,R0233,2024-01-01,18:00,876,12,Delivered
O006820,C01634,R0324,March 3 2024,12:00,1992,15,Delivered
O006821,C02564,R0221,March 3 2024,13:00,1100,-5,
O006822,C01057,R0047,March 3 2024,,1548,110,
O006823,C00450,R0127,,,21,48,Delivered
O006824,C02733,R0291,,18:00,174,-3,Delivered
O006825,C01873,R0215,March 3 2024,22:00,859,29,Cancelled
O006826,C00625,R0007,01-02-2024,,211,73,
O006827,C01970,R0184,2024-01-01,22:00,1252,47,Cancelled
O006828,C00885,R0116,,,1026,105,delivered
O006829,C00319,R0052,2024-01-01,13:00,587,68,delivered
O006830,C01396,R0366,March 3 2024,22:00,1168,54,delivered
O006831,C01375,R0046,,12:00,1056,46,
O006832,C01347,R0393,2024-01-01,22:00,755,6,delivered
O006833,C00488,R0442,March 3 2024,13:00,1715,41,
O006834,C00451,R0023,,20:00,240,47,
O006835,C00353,R0131,March 3 2024,20:00,-79,65,Cancelled
O006836,C01140,R0127,,12:00,1904,92,delivered
O006837,C01390,R0445,2024-01-01,20:00,869,15,Cancelled
O006838,C01941,R0265,2024-01-01,22:00,1912,16,delivered
O006839,C02368,R0309,,13:00,244,13,Delivered
O006840,C02133,R0196,01-02-2024,,1629,70,Cancelled
O006841,C00248,R0433,March 3 2024,12:00,1384,75,
O006842,C00568,R0473,2024-01-01,20:00,1782,21,Cancelled
O006843,C00684,R0454,01-02-2024,22:00,99,18,delivered
O006844,C00644,R0048,,,1952,95,
O006845,C00479,R0379,2024-01-01,,1670,85,
O006846,C02761,R0082,2024-01-01,22:00,439,110,
O006847,C00368,R0109,March 3 2024,18:00,1075,93,delivered
O006848,C01845,R0263,01-02-2024,18:00,1960,117,Delivered
O006849,C00357,R0355,March 3 2024,13:00,877,78,Delivered
O006850,C02456,R0031,,12:00,1388,31,Cancelled
O006851,C01369,R0358,2024-01-01,20:00,185,-1,
O006852,C02227,R0056,01-02-2024,20:00,1537,15,delivered
O006853,C01467,R0480,March 3 2024,22:00,1137,65,Cancelled
O006854,C01843,R0355,01-02-2024,20:00,12,28,delivered
O006855,C02415,R0189,,13:00,237,41,Cancelled
O006856,C01060,R0476,2024-01-01,18:00,-11,112,Cancelled
O006857,C02511,R0492,01-02-2024,22:00,1399,47,delivered
O006858,C01645,R0005,,12:00,953,65,delivered
O006859,C00828,R0286,,22:00,1463,89,Delivered
O006860,C01170,R0278,2024-01-01,20:00,1311,7,delivered
O006861,C01812,R0145,March 3 2024,13:00,1503,31,Cancelled
O006862,C01925,R0394,2024-01-01,12:00,256,-9,
O006863,C02194,R0455,2024-01-01,22:00,358,22,delivered
O006864,C02428,R0196,01-02-2024,20:00,370,48,delivered
O006865,C00168,R0426,01-02-2024,22:00,1638,89,
O006866,C00087,R0027,March 3 2024,12:00,1041,62,Delivered
O006867,C00154,R0127,,20:00,207,74,
O006868,C02545,R0135,01-02-2024,18:00,463,11,
O006869,C00315,R0023,March 3 2024,,938,6,delivered
O006870,C01855,R0331,2024-01-01,12:00,1019,21,Delivered
O006871,C00723,R0117,,18:00,509,22,Delivered
O006872,C01982,R0392,2024-01-01,18:00,-46,-1,
O006873,C01854,R0008,,20:00,1201,-6,Cancelled
O006874,C01730,R0101,01-02-2024,22:00,312,57,Cancelled
O006875,C02812,R0261,2024-01-01,22:00,1394,91,Cancelled
O006876,C02310,R0199,2024-01-01,13:00,-63,62,delivered
O006877,C02535,R0086,,12:00,669,41,delivered
O006878,C02502,R0228,March 3 2024,12:00,82,-3,Cancelled
O006879,C02491,R0386,,20:00,1136,87,
O006880,C02591,R0472,01-02-2024,20:00,25,19,delivered
O006881,C01129,R0179,March 3 2024,13:00,39,63,Delivered
O006882,C02024,R0450,2024-01-01,13:00,520,67,
O006883,C00350,R0240,2024-01-01,18:00,1444,113,Cancelled
O006884,C00824,R0012,2024-01-01,,1386,48,delivered
O006885,C00438,R0303,01-02-2024,13:00,-69,51,delivered
O006886,C02005,R0234,2024-01-01,22:00,134,18,Delivered
O006887,C00169,R0183,2024-01-01,18:00,-28,82,Cancelled
O006888,C00023,R0282,March 3 2024,,371,51,Cancelled
O006889,C02751,R0358,01-02-2024,13:00,1571,51,delivered
O006890,C02724,R0376,2024-01-01,,1689,57,Cancelled
O006891,C00281,R0429,March 3 2024,22:00,527,6,Delivered
O006892,C02770,R0190,2024-01-01,22:00,567,46,
O006893,C02301,R0326,March 3 2024,18:00,493,77,Cancelled
O006894,C00404,R0215,2024-01-01,18:00,1856,51,Delivered
O006895,C02181,R0258,01-02-2024,22:00,66,87,delivered
O006896,C02666,R0026,,20:00,1803,67,
O006897,C00232,R0270,01-02-2024,18:00,868,16,Delivered
O006898,C02593,R0082,March 3 2024,12:00,1927,29,
O006899,C00079,R0358,2024-01-01,20:00,78,2,
O006900,C01059,R0185,01-02-2024,12:00,1921,33,delivered
O006901,C02543,R0288,2024-01-01,,1951,105,delivered
O006902,C01134,R0062,01-02-2024,,235,107,Delivered
O006903,C01345,R0371,March 3 2024,,94,84,Delivered
O006904,C02376,R0462,,13:00,1891,36,Delivered
O006905,C00921,R0030,01-02-2024,18:00,1267,73,
O006906,C02738,R0397,2024-01-01,18:00,1131,29,delivered
O006907,C02432,R0424,2024-01-01,22:00,1859,60,
O006908,C01388,R0031,2024-01-01,18:00,1426,95,Cancelled
O006909,C01640,R0293,March 3 2024,,1932,84,delivered
O006910,C01438,R0173,March 3 2024,12:00,1595,12,Delivered
O006911,C00547,R0102,,20:00,1700,36,
O006912,C01730,R0128,2024-01-01,13:00,1683,33,delivered
O006913,C02440,R0086,,20:00,-77,71,Delivered
O006914,C01317,R0315,2024-01-01,12:00,276,1,Delivered
O006915,C01109,R0028,01-02-2024,13:00,678,83,Cancelled
O006916,C00909,R0122,01-02-2024,22:00,1079,68,delivered
O006917,C01225,R0251,01-02-2024,18:00,1796,70,Delivered
O006918,C00685,R0061,2024-01-01,18:00,1673,109,
O006919,C02589,R0403,01-02-2024,22:00,799,90,delivered
O006920,C02345,R0171,2024-01-01,12:00,486,102,Cancelled
O006921,C02104,R0443,,22:00,954,16,Delivered
O006922,C01676,R0272,March 3 2024,,509,7,Delivered
O006923,C02114,R0325,01-02-2024,12:00,706,53,delivered
O006924,C00958,R0300,2024-01-01,13:00,1530,-2,delivered
O006925,C01683,R0113,2024-01-01,20:00,1599,107,delivered
O006926,C01933,R0194,,20:00,1886,112,Cancelled
O006927,C01605,R0394,,22:00,1251,14,
O006928,C00702,R0431,March 3 2024,18:00,8,102,Cancelled
O006929,C02808,R0019,,22:00,425,118,Delivered
O006930,C02534,R0340,March 3 2024,18:00,1398,48,delivered
O006931,C00821,R0093,March 3 2024,22:00,1901,7,
O006932,C00888,R0217,,22:00,849,36,Cancelled
O006933,C01920,R0465,March 3 2024,20:00,1567,68,delivered
O006934,C01329,R0179,01-02-2024,,751,11,delivered
O006935,C02225,R0499,March 3 2024,18:00,505,77,Cancelled
O006936,C02243,R0397,2024-01-01,,1524,54,
O006937,C00876,R0191,2024-01-01,,721,96,delivered
O006938,C00166,R0493,2024-01-01,,206,79,Delivered
O006939,C01174,R0400,,20:00,809,27,Delivered
O006940,C00557,R0437,2024-01-01,,957,115,delivered
O006941,C01198,R0163,,18:00,1268,38,Cancelled
O006942,C02215,R0100,2024-01-01,13:00,1542,94,
O006943,C00709,R0187,March 3 2024,,1571,46,delivered
O006944,C00718,R0295,,,437,3,Delivered
O006945,C01604,R0067,2024-01-01,13:00,827,72,
O006946,C02145,R0073,March 3 2024,,1004,-3,
O006947,C02727,R0232,,13:00,604,12,delivered
O006948,C02452,R0189,March 3 2024,12:00,182,33,Cancelled
O006949,C01101,R0050,March 3 2024,20:00,870,55,Cancelled
O006950,C02020,R0309,March 3 2024,20:00,388,-8,Cancelled
O006951,C01261,R0302,,13:00,1989,58,
O006952,C00291,R0308,,22:00,69,71,Cancelled
O006953,C02184,R0124,01-02-2024,20:00,1492,-10,Delivered
O006954,C02937,R0157,01-02-2024,18:00,767,10,delivered
O006955,C02929,R0261,01-02-2024,20:00,465,72,Delivered
O006956,C02415,R0195,01-02-2024,20:00,1317,45,Cancelled
O006957,C02596,R0330,,18:00,284,91,delivered
O006958,C02950,R0351,01-02-2024,13:00,1811,119,delivered
O006959,C02296,R0331,2024-01-01,13:00,-20,20,Cancelled
O006960,C02814,R0256,01-02-2024,18:00,1461,3,delivered
O006961,C01238,R0465,2024-01-01,20:00,137,65,Cancelled
O006962,C02118,R0424,2024-01-01,,636,2,delivered
O006963,C00746,R0489,March 3 2024,20:00,739,77,Cancelled
O006964,C00164,R0200,March 3 2024,13:00,1832,84,Delivered
O006965,C02377,R0372,March 3 2024,,1363,103,delivered
O006966,C01198,R0386,01-02-2024,12:00,-13,83,
O006967,C00699,R0068,,13:00,1971,89,Delivered
O006968,C02854,R0446,2024-01-01,18:00,231,59,
O006969,C02322,R0080,,,88,115,Delivered
O006970,C00524,R0233,,12:00,252,107,Delivered
O006971,C01846,R0186,01-02-2024,12:00,1011,116,Delivered
O006972,C02267,R0105,,18:00,1931,59,
O006973,C01024,R0469,,,759,45,Delivered
O006974,C02561,R0325,March 3 2024,22:00,66,77,delivered
O006975,C02011,R0442,March 3 2024,13:00,1629,2,delivered
O006976,C00464,R0419,2024-01-01,20:00,0,98,delivered
O006977,C01665,R0142,2024-01-01,,424,91,Delivered
O006978,C00451,R0399,March 3 2024,13:00,1070,91,Cancelled
O006979,C01420,R0390,01-02-2024,18:00,387,-8,Cancelled
O006980,C01916,R0272,01-02-2024,20:00,1444,52,delivered
O006981,C00924,R0343,2024-01-01,22:00,721,98,Delivered
O006982,C02981,R0124,March 3 2024,18:00,1049,1,
O006983,C02527,R0223,01-02-2024,13:00,1505,44,
O006984,C00316,R0490,,12:00,1874,107,delivered
O006985,C00671,R0174,2024-01-01,18:00,1605,113,Delivered
O006986,C00698,R0191,2024-01-01,18:00,-29,80,
O006987,C00993,R0140,,13:00,478,58,
O006988,C01377,R0297,,22:00,1133,44,
O006989,C02816,R0119,2024-01-01,13:00,93,64,Cancelled
O006990,C01263,R0275,,13:00,437,49,Cancelled
O006991,C01128,R0076,01-02-2024,22:00,231,31,
O006992,C00907,R0109,2024-01-01,22:00,192,58,Delivered
O006993,C02926,R0119,01-02-2024,18:00,629,11,
O006994,C01053,R0461,2024-01-01,12:00,-65,54,
O006995,C00089,R0369,01-02-2024,13:00,1451,73,Cancelled
O006996,C02423,R0258,March 3 2024,12:00,1001,77,Delivered
O006997,C01587,R0020,01-02-2024,22:00,1570,36,delivered
O006998,C00364,R0119,,22:00,144,13,Delivered
O006999,C02195,R0351,March 3 2024,13:00,1016,61,Delivered
O007000,C00314,R0137,2024-01-01,18:00,1749,87,Cancelled
O007001,C00548,R0277,01-02-2024,13:00,1299,28,Delivered
O007002,C00796,R0255,2024-01-01,18:00,89,44,Cancelled
O007003,C02947,R0264,March 3 2024,20:00,1681,105,Delivered
O007004,C01530,R0167,,18:00,1911,66,Cancelled
O007005,C01510,R0165,,13:00,1115,97,Delivered
O007006,C02149,R0029,,13:00,515,47,Delivered
O007007,C00107,R0467,2024-01-01,18:00,-33,90,Delivered
O007008,C00857,R0035,,12:00,1078,80,Delivered
O007009,C02985,R0237,,18:00,353,77,delivered
O007010,C00291,R0294,2024-01-01,20:00,1431,116,delivered
O007011,C01373,R0090,2024-01-01,20:00,365,-3,Cancelled
O007012,C00617,R0203,March 3 2024,12:00,1675,4,delivered
O007013,C01757,R0228,,20:00,1049,-8,
O007014,C02636,R0419,March 3 2024,13:00,959,98,delivered
O007015,C01251,R0068,01-02-2024,12:00,1165,-2,Cancelled
O007016,C02644,R0131,01-02-2024,12:00,32,-7,
O007017,C00977,R0365,01-02-2024,12:00,791,102,delivered
O007018,C02037,R0111,01-02-2024,,1150,69,
O007019,C01612,R0012,2024-01-01,18:00,1326,-6,
O007020,C01791,R0288,March 3 2024,18:00,295,38,
O007021,C00868,R0175,March 3 2024,12:00,-18,72,Cancelled
O007022,C01928,R0319,2024-01-01,20:00,1423,58,delivered
O007023,C02770,R0154,01-02-2024,,740,109,Cancelled
O007024,C00158,R0043,March 3 2024,,1007,1,Cancelled
O007025,C00328,R0363,,13:00,1974,43,delivered
O007026,C02783,R0205,2024-01-01,13:00,278,93,Cancelled
O007027,C02681,R0172,2024-01-01,18:00,1824,69,Delivered
O007028,C01478,R0294,,22:00,116,62,delivered
O007029,C02375,R0285,01-02-2024,12:00,280,-10,Delivered
O007030,C02556,R0311,01-02-2024,22:00,536,7,delivered
O007031,C00870,R0052,March 3 2024,13:00,699,91,delivered
O007032,C01131,R0115,,18:00,182,74,Cancelled
O007033,C00241,R0019,March 3 2024,18:00,113,104,Cancelled
O007034,C02483,R0035,01-02-2024,18:00,1079,52,Cancelled
O007035,C02752,R0048,March 3 2024,18:00,1946,-8,
O007036,C01388,R0233,,18:00,754,101,delivered
O007037,C01749,R0219,,12:00,516,9,
O007038,C01557,R0110,,,1988,82,Cancelled
O007039,C01691,R0254,01-02-2024,22:00,418,25,Delivered
O007040,C01563,R0188,2024-01-01,,928,-7,Delivered
O007041,C02637,R0031,2024-01-01,13:00,944,109,delivered
O007042,C00413,R0259,2024-01-01,13:00,545,98,
O007043,C01959,R0163,March 3 2024,,840,67,delivered
O007044,C00569,R0344,,18:00,141,6,Cancelled
O007045,C01655,R0308,01-02-2024,18:00,830,38,
O007046,C00277,R0071,2024-01-01,,242,98,Delivered
O007047,C01600,R0307,2024-01-01,18:00,1566,105,Cancelled
O007048,C02532,R0056,March 3 2024,,-63,-1,Cancelled
O007049,C02716,R0099,March 3 2024,20:00,235,109,Cancelled
O007050,C00151,R0021,2024-01-01,13:00,150,112,
O007051,C02273,R0385,,18:00,811,65,Cancelled
O007052,C01284,R0108,,22:00,163,112,Delivered
O007053,C00256,R0053,March 3 2024,20:00,798,79,Cancelled
O007054,C02109,R0006,March 3 2024,12:00,480,-10,
O007055,C01796,R0231,,20:00,1690,-5,
O007056,C02444,R0482,March 3 2024,20:00,1314,100,Delivered
O007057,C01421,R0082,March 3 2024,20:00,909,90,
O007058,C01186,R0446,,22:00,1521,58,Delivered
O007059,C02428,R0217,,13:00,1653,96,delivered
O007060,C00349,R0335,01-02-2024,18:00,461,95,Cancelled
O007061,C02079,R0047,March 3 2024,22:00,1057,-2,delivered
O007062,C02119,R0352,March 3 2024,22:00,1312,-9,delivered
O007063,C00397,R0362,01-02-2024,,1665,102,delivered
O007064,C02050,R0241,March 3 2024,18:00,-40,79,Delivered
O007065,C02977,R0178,March 3 2024,,1665,1,Cancelled
O007066,C02610,R0082,2024-01-01,,1274,72,delivered
O007067,C01159,R0287,2024-01-01,20:00,556,72,Delivered
O007068,C00146,R0192,2024-01-01,,1877,82,
O007069,C02227,R0413,01-02-2024,12:00,68,28,delivered
O007070,C00264,R0143,March 3 2024,20:00,945,48,Delivered
O007071,C01335,R0314,01-02-2024,20:00,1002,117,Delivered
O007072,C00204,R0279,01-02-2024,,1806,61,Delivered
O007073,C01835,R0422,March 3 2024,,286,17,Delivered
O007074,C02747,R0041,,13:00,1512,64,Cancelled
O007075,C02107,R0459,,20:00,1465,30,
O007076,C00988,R0271,March 3 2024,12:00,1614,61,Delivered
O007077,C01348,R0087,,22:00,706,77,delivered
O007078,C02215,R0003,2024-01-01,,540,42,
O007079,C01361,R0211,March 3 2024,20:00,1729,112,Cancelled
O007080,C02955,R0001,01-02-2024,22:00,1999,0,delivered
O007081,C02946,R0472,2024-01-01,,-84,76,
O007082,C02839,R0497,01-02-2024,13:00,141,-6,
O007083,C01727,R0075,,,1593,101,Cancelled
O007084,C02290,R0478,March 3 2024,12:00,550,51,delivered
O007085,C01981,R0498,2024-01-01,18:00,1334,36,delivered
O007086,C01690,R0395,March 3 2024,18:00,193,26,Delivered
O007087,C00908,R0444,2024-01-01,,1333,100,
O007088,C01184,R0231,2024-01-01,13:00,572,15,delivered
O007089,C02825,R0449,2024-01-01,12:00,1339,32,Cancelled
O007090,C01259,R0076,March 3 2024,,81,50,delivered
O007091,C01477,R0260,2024-01-01,22:00,691,117,Delivered
O007092,C00199,R0025,2024-01-01,13:00,566,58,
O007093,C01501,R0200,March 3 2024,20:00,1737,115,Delivered
O007094,C01057,R0463,01-02-2024,22:00,625,116,Cancelled
O007095,C02456,R0427,,,252,22,delivered
O007096,C01113,R0094,March 3 2024,20:00,-32,53,Delivered
O007097,C02269,R0424,March 3 2024,20:00,376,82,Cancelled
O007098,C01261,R0352,2024-01-01,22:00,224,112,Cancelled
O007099,C01184,R0108,March 3 2024,20:00,1218,4,Delivered
O007100,C01856,R0355,March 3 2024,18:00,1132,9,Cancelled
O007101,C02888,R0469,,22:00,1080,11,delivered
O007102,C02836,R0095,March 3 2024,13:00,998,-1,delivered
O007103,C01314,R0356,2024-01-01,18:00,1777,85,delivered
O007104,C01903,R0091,,13:00,1154,20,Cancelled
O007105,C02602,R0044,March 3 2024,12:00,1500,85,Cancelled
O007106,C00578,R0456,2024-01-01,13:00,-18,63,delivered
O007107,C02581,R0443,,22:00,1188,64,delivered
O007108,C00335,R0384,March 3 2024,13:00,168,63,
O007109,C01021,R0023,2024-01-01,12:00,200,31,Delivered
O007110,C02294,R0190,,20:00,921,63,delivered
O007111,C01347,R0023,2024-01-01,22:00,-11,73,Cancelled
O007112,C01963,R0234,,,1825,-9,Delivered
O007113,C00611,R0186,March 3 2024,18:00,259,31,Cancelled
O007114,C00329,R0311,01-02-2024,18:00,1223,95,Cancelled
O007115,C00547,R0417,,13:00,1336,116,
O007116,C00339,R0333,March 3 2024,18:00,1048,62,delivered
O007117,C00355,R0063,,12:00,626,84,
O007118,C00807,R0103,01-02-2024,,1502,79,Delivered
O007119,C01034,R0500,2024-01-01,18:00,1101,110,Cancelled
O007120,C02741,R0316,01-02-2024,13:00,1702,9,Cancelled
O007121,C00430,R0483,01-02-2024,18:00,-96,61,delivered
O007122,C01531,R0189,2024-01-01,20:00,1736,59,Cancelled
O007123,C00806,R0336,01-02-2024,20:00,1637,106,Cancelled
O007124,C01697,R0460,March 3 2024,18:00,330,41,
O007125,C02660,R0189,,22:00,289,14,delivered
O007126,C01613,R0351,01-02-2024,,1273,55,delivered
O007127,C02083,R0069,,18:00,643,17,delivered
O007128,C01999,R0114,,20:00,-17,78,Cancelled
O007129,C00557,R0104,2024-01-01,20:00,352,9,
O007130,C01686,R0108,01-02-2024,12:00,1034,59,Delivered
O007131,C00491,R0345,2024-01-01,13:00,222,26,Cancelled
O007132,C01604,R0021,2024-01-01,12:00,1853,5,
O007133,C00254,R0387,,22:00,1462,89,Delivered
O007134,C00017,R0432,March 3 2024,13:00,1888,67,Cancelled
O007135,C00261,R0266,,18:00,1028,3,Cancelled
O007136,C01849,R0343,2024-01-01,18:00,1009,13,Delivered
O007137,C01280,R0209,01-02-2024,22:00,405,72,Cancelled
O007138,C02776,R0170,March 3 2024,,1079,27,Cancelled
O007139,C01887,R0483,March 3 2024,20:00,1634,71,Cancelled
O007140,C01448,R0473,01-02-2024,,395,-2,
O007141,C00501,R0194,01-02-2024,18:00,840,110,
O007142,C01016,R0347,March 3 2024,12:00,285,48,Cancelled
O007143,C02334,R0430,2024-01-01,20:00,1572,40,
O007144,C02055,R0393,March 3 2024,18:00,575,98,Cancelled
O007145,C01223,R0123,March 3 2024,20:00,1796,40,
O007146,C02707,R0177,March 3 2024,,822,8,
O007147,C02985,R0004,2024-01-01,13:00,1693,51,
O007148,C02040,R0188,01-02-2024,18:00,100,-1,Delivered
O007149,C01686,R0346,01-02-2024,18:00,710,76,Cancelled
O007150,C02100,R0352,01-02-2024,20:00,782,62,Delivered
O007151,C02291,R0029,2024-01-01,13:00,1302,72,
O007152,C01243,R0086,2024-01-01,12:00,1188,82,
O007153,C02566,R0047,01-02-2024,13:00,1111,4,Cancelled
O007154,C01928,R0077,,12:00,797,95,delivered
O007155,C00109,R0343,,22:00,1116,89,Cancelled
O007156,C00921,R0191,01-02-2024,,1033,65,delivered
O007157,C00066,R0031,,13:00,1546,67,
O007158,C00202,R0307,,12:00,988,104,Delivered
O007159,C01818,R0169,01-02-2024,20:00,988,84,Cancelled
O007160,C02949,R0036,01-02-2024,12:00,216,33,delivered
O007161,C00214,R0245,2024-01-01,22:00,358,-8,delivered
O007162,C02116,R0424,,12:00,1632,36,delivered
O007163,C02807,R0351,,,294,1,Cancelled
O007164,C02914,R0188,01-02-2024,13:00,1119,4,Cancelled
O007165,C00327,R0015,March 3 2024,12:00,1473,17,delivered
O007166,C01074,R0334,01-02-2024,13:00,962,76,Delivered
O007167,C01041,R0483,2024-01-01,22:00,1655,64,delivered
O007168,C00523,R0216,March 3 2024,12:00,355,83,Delivered
O007169,C00988,R0158,March 3 2024,12:00,175,1,Cancelled
O007170,C01004,R0414,March 3 2024,22:00,1478,43,Cancelled
O007171,C00504,R0155,2024-01-01,,1161,72,Cancelled
O007172,C01249,R0241,,12:00,62,21,
O007173,C00756,R0296,01-02-2024,13:00,1542,118,Delivered
O007174,C01342,R0462,2024-01-01,,699,0,
O007175,C02521,R0045,2024-01-01,18:00,1032,86,Cancelled
O007176,C01868,R0495,March 3 2024,,79,44,delivered
O007177,C01915,R0459,March 3 2024,18:00,1442,19,delivered
O007178,C02906,R0175,2024-01-01,13:00,1934,57,
O007179,C02589,R0492,,12:00,1378,45,delivered
O007180,C01382,R0346,March 3 2024,13:00,911,78,Cancelled
O007181,C01507,R0056,2024-01-01,22:00,1331,87,
O007182,C02917,R0054,March 3 2024,13:00,1584,6,delivered
O007183,C02926,R0341,01-02-2024,18:00,356,2,
O007184,C02988,R0265,01-02-2024,,814,113,Delivered
O007185,C02925,R0374,01-02-2024,20:00,683,21,
O007186,C01453,R0239,March 3 2024,22:00,1038,76,Delivered
O007187,C02845,R0321,March 3 2024,12:00,1260,82,Delivered
O007188,C01521,R0108,,,-45,23,Delivered
O007189,C02520,R0198,01-02-2024,13:00,323,72,delivered
O007190,C01595,R0385,,22:00,-51,1,Delivered
O007191,C02886,R0214,2024-01-01,18:00,1859,-7,delivered
O007192,C01888,R0499,2024-01-01,12:00,1285,78,Cancelled
O007193,C01324,R0246,01-02-2024,13:00,781,71,delivered
O007194,C02132,R0397,,,1995,117,
O007195,C02425,R0038,March 3 2024,13:00,1569,111,delivered
O007196,C01653,R0497,,12:00,137,22,delivered
O007197,C01344,R0173,2024-01-01,,288,45,delivered
O007198,C02252,R0105,,20:00,584,51,Cancelled
O007199,C01379,R0040,2024-01-01,20:00,86,20,delivered
O007200,C01009,R0479,2024-01-01,22:00,1955,13,
O007201,C01318,R0399,,13:00,1974,58,
O007202,C02552,R0434,March 3 2024,22:00,873,87,Delivered
O007203,C00539,R0130,2024-01-01,12:00,882,-2,delivered
O007204,C00017,R0181,,,175,-3,Cancelled
O007205,C00575,R0479,2024-01-01,22:00,724,96,Delivered
O007206,C01803,R0410,01-02-2024,13:00,1791,82,
O007207,C02624,R0194,March 3 2024,20:00,376,58,Delivered
O007208,C01063,R0331,01-02-2024,20:00,1475,35,Cancelled
O007209,C00130,R0289,2024-01-01,12:00,1159,91,
O007210,C02163,R0466,March 3 2024,18:00,956,63,
O007211,C01474,R0341,,22:00,1464,116,delivered
O007212,C00950,R0059,,12:00,444,105,
O007213,C01069,R0351,March 3 2024,20:00,229,-3,
O007214,C00216,R0026,01-02-2024,13:00,988,57,
O007215,C01624,R0478,01-02-2024,13:00,1478,117,delivered
O007216,C02896,R0103,March 3 2024,,1808,111,delivered
O007217,C01439,R0021,,18:00,1644,-8,
O007218,C02737,R0433,March 3 2024,18:00,26,97,Cancelled
O007219,C01003,R0080,01-02-2024,20:00,1109,117,Cancelled
O007220,C02313,R0327,2024-01-01,18:00,1672,109,Delivered
O007221,C01947,R0470,,18:00,1478,44,
O007222,C01464,R0199,March 3 2024,13:00,1856,59,
O007223,C00617,R0322,2024-01-01,,1993,110,delivered
O007224,C01870,R0037,01-02-2024,22:00,1972,89,delivered
O007225,C00301,R0014,,13:00,1789,21,Cancelled
O007226,C00985,R0456,March 3 2024,,1534,-5,Cancelled
O007227,C01195,R0221,01-02-2024,13:00,772,5,Delivered
O007228,C00406,R0364,March 3 2024,20:00,1808,3,
O007229,C00161,R0391,March 3 2024,,145,51,delivered
O007230,C01819,R0166,,,156,-3,Delivered
O007231,C01576,R0173,01-02-2024,20:00,721,77,Delivered
O007232,C00026,R0150,01-02-2024,,689,30,Cancelled
O007233,C00083,R0172,2024-01-01,22:00,593,100,
O007234,C00173,R0081,01-02-2024,12:00,638,48,
O007235,C00999,R0336,01-02-2024,18:00,618,-2,delivered
O007236,C01709,R0225,,,455,31,
O007237,C02842,R0359,2024-01-01,18:00,1413,7,Delivered
O007238,C02883,R0035,,13:00,1168,35,
O007239,C00006,R0358,01-02-2024,13:00,1177,112,
O007240,C02844,R0188,2024-01-01,,1032,17,delivered
O007241,C00525,R0224,,,13,26,Cancelled
O007242,C02111,R0131,2024-01-01,,847,63,Delivered
O007243,C02046,R0374,01-02-2024,22:00,384,9,delivered
O007244,C00761,R0451,2024-01-01,,177,101,delivered
O007245,C00205,R0456,2024-01-01,18:00,1672,113,
O007246,C00897,R0494,2024-01-01,13:00,952,39,delivered
O007247,C01789,R0351,01-02-2024,13:00,297,62,Cancelled
O007248,C02088,R0311,01-02-2024,,121,32,Delivered
O007249,C01189,R0009,2024-01-01,20:00,1677,115,Delivered
O007250,C02036,R0069,,12:00,1532,94,delivered
O007251,C01553,R0028,,,242,25,Delivered
O007252,C00877,R0399,01-02-2024,22:00,674,90,Cancelled
O007253,C00825,R0369,March 3 2024,12:00,239,-8,delivered
O007254,C02957,R0475,,12:00,-94,25,delivered
O007255,C02446,R0234,2024-01-01,,1196,101,Cancelled
O007256,C01483,R0031,March 3 2024,22:00,187,34,delivered
O007257,C01817,R0315,01-02-2024,18:00,792,89,Delivered
O007258,C02682,R0232,,,616,62,Delivered
O007259,C01102,R0338,March 3 2024,13:00,83,58,Cancelled
O007260,C00839,R0486,01-02-2024,22:00,1753,38,
O007261,C00600,R0497,01-02-2024,13:00,469,98,
O007262,C02673,R0054,2024-01-01,,522,108,
O007263,C01962,R0452,,,542,6,Cancelled
O007264,C00938,R0469,March 3 2024,20:00,9,113,
O007265,C02932,R0175,2024-01-01,12:00,631,-7,Delivered
O007266,C00425,R0298,,20:00,113,73,delivered
O007267,C02435,R0279,March 3 2024,12:00,1497,92,
O007268,C02906,R0365,01-02-2024,18:00,467,106,Cancelled
O007269,C02671,R0086,01-02-2024,22:00,1360,51,Delivered
O007270,C02138,R0065,,18:00,1257,47,
O007271,C02433,R0089,2024-01-01,12:00,1352,47,
O007272,C00997,R0054,March 3 2024,,746,95,Delivered
O007273,C02695,R0118,March 3 2024,20:00,971,61,Cancelled
O007274,C01268,R0361,01-02-2024,12:00,875,-5,delivered
O007275,C00422,R0476,,,1820,8,Delivered
O007276,C01206,R0229,2024-01-01,18:00,1861,75,delivered
O007277,C02922,R0267,01-02-2024,,1816,100,
O007278,C01658,R0319,01-02-2024,,23,53,Delivered
O007279,C02101,R0022,2024-01-01,18:00,-26,107,
O007280,C02179,R0438,March 3 2024,20:00,1888,13,
O007281,C01014,R0247,March 3 2024,,56,112,
O007282,C00685,R0473,,20:00,1057,-3,
O007283,C02227,R0373,01-02-2024,,1468,56,
O007284,C00293,R0469,,,1043,0,Cancelled
O007285,C02423,R0420,March 3 2024,18:00,-18,89,
O007286,C01078,R0314,2024-01-01,12:00,592,55,Delivered
O007287,C02844,R0020,March 3 2024,12:00,1151,118,delivered
O007288,C00016,R0400,March 3 2024,22:00,1776,-4,Delivered
O007289,C00176,R0476,01-02-2024,18:00,1684,13,Delivered
O007290,C01564,R0184,March 3 2024,22:00,1990,52,Cancelled
O007291,C01430,R0349,,,1432,61,
O007292,C01491,R0050,2024-01-01,18:00,-28,77,delivered
O007293,C01904,R0090,01-02-2024,22:00,1777,105,delivered
O007294,C00129,R0104,2024-01-01,13:00,1363,13,
O007295,C00884,R0194,,12:00,1051,27,delivered
O007296,C01268,R0383,,12:00,1241,-1,Cancelled
O007297,C00426,R0369,March 3 2024,13:00,-67,77,
O007298,C02402,R0074,,20:00,1133,16,delivered
O007299,C00750,R0269,March 3 2024,13:00,609,19,Delivered
O007300,C00744,R0015,01-02-2024,12:00,1179,117,delivered
O007301,C01027,R0329,2024-01-01,18:00,1477,106,Delivered
O007302,C00479,R0283,March 3 2024,22:00,304,-9,
O007303,C00976,R0392,March 3 2024,12:00,515,-3,Delivered
O007304,C00044,R0198,01-02-2024,13:00,1824,37,Delivered
O007305,C02203,R0484,,18:00,1757,53,Cancelled
O007306,C00947,R0434,March 3 2024,12:00,781,96,Cancelled
O007307,C01560,R0344,,13:00,1112,119,
O007308,C01940,R0195,March 3 2024,12:00,1827,116,Cancelled
O007309,C02976,R0410,,13:00,1497,73,
O007310,C00099,R0036,March 3 2024,,1839,5,Cancelled
O007311,C00171,R0405,2024-01-01,13:00,1145,-9,Delivered
O007312,C00148,R0205,2024-01-01,12:00,339,103,
O007313,C02171,R0308,2024-01-01,18:00,431,54,Delivered
O007314,C00112,R0139,March 3 2024,12:00,1203,15,delivered
O007315,C01023,R0264,,12:00,1171,19,
O007316,C00068,R0057,01-02-2024,,15,107,
O007317,C00828,R0110,01-02-2024,18:00,304,27,
O007318,C01753,R0174,01-02-2024,,1921,14,Cancelled
O007319,C02940,R0496,2024-01-01,12:00,1178,114,delivered
O007320,C01632,R0206,2024-01-01,,196,41,Cancelled
O007321,C01310,R0225,2024-01-01,22:00,994,72,Cancelled
O007322,C02278,R0386,,22:00,865,80,delivered
O007323,C00160,R0064,2024-01-01,22:00,615,50,
O007324,C01785,R0252,,13:00,905,100,Cancelled
O007325,C01809,R0436,,20:00,974,-9,delivered
O007326,C02234,R0449,,,-85,70,Delivered
O007327,C01014,R0267,March 3 2024,12:00,1427,49,
O007328,C00877,R0390,01-02-2024,20:00,-50,69,Delivered
O007329,C00552,R0352,,,1702,102,
O007330,C01176,R0463,01-02-2024,22:00,1503,16,
O007331,C01164,R0332,,18:00,1103,-10,delivered
O007332,C01391,R0320,,22:00,1892,75,delivered
O007333,C01152,R0357,2024-01-01,12:00,1626,69,Delivered
O007334,C02195,R0093,01-02-2024,20:00,831,49,Delivered
O007335,C01309,R0183,,20:00,1915,42,Cancelled
O007336,C01493,R0300,01-02-2024,,417,25,Cancelled
O007337,C01242,R0214,2024-01-01,13:00,93,24,
O007338,C00436,R0494,,18:00,987,22,Delivered
O007339,C00732,R0142,2024-01-01,22:00,1217,58,Cancelled
O007340,C01169,R0083,,18:00,125,96,delivered
O007341,C01865,R0389,2024-01-01,12:00,344,87,delivered
O007342,C01301,R0099,2024-01-01,13:00,1802,85,Delivered
O007343,C01778,R0281,March 3 2024,22:00,396,78,delivered
O007344,C00060,R0434,,12:00,1382,48,Cancelled
O007345,C01634,R0102,,18:00,1256,50,Cancelled
O007346,C02891,R0329,,13:00,144,16,Delivered
O007347,C02452,R0378,01-02-2024,22:00,704,101,Cancelled
O007348,C02929,R0071,March 3 2024,18:00,831,79,Delivered
O007349,C01138,R0373,01-02-2024,22:00,1660,4,Cancelled
O007350,C01519,R0338,,13:00,1189,98,Cancelled
O007351,C02663,R0386,March 3 2024,13:00,1704,30,Cancelled
O007352,C00336,R0372,2024-01-01,18:00,-76,1,Delivered
O007353,C00831,R0266,March 3 2024,22:00,1818,85,Delivered
O007354,C01593,R0492,2024-01-01,20:00,199,-7,Cancelled
O007355,C00285,R0130,,12:00,1148,108,Cancelled
O007356,C02177,R0060,,13:00,-27,-6,Cancelled
O007357,C01916,R0301,2024-01-01,22:00,1039,119,delivered
O007358,C02002,R0392,March 3 2024,18:00,51,35,
O007359,C02363,R0442,01-02-2024,18:00,1485,64,
O007360,C00960,R0119,March 3 2024,13:00,1807,115,delivered
O007361,C01622,R0263,2024-01-01,,1855,47,
O007362,C00071,R0483,2024-01-01,13:00,-9,92,
O007363,C02393,R0471,01-02-2024,,1310,52,
O007364,C01122,R0328,01-02-2024,20:00,584,62,Cancelled
O007365,C01324,R0021,01-02-2024,18:00,271,83,delivered
O007366,C02224,R0097,2024-01-01,22:00,1421,11,Cancelled
O007367,C00884,R0303,,,1159,83,
O007368,C01099,R0001,March 3 2024,12:00,965,106,delivered
O007369,C00143,R0396,01-02-2024,12:00,1072,63,delivered
O007370,C02979,R0203,2024-01-01,20:00,510,53,Cancelled
O007371,C01047,R0432,March 3 2024,,19,36,Delivered
O007372,C02229,R0128,01-02-2024,,1738,80,delivered
O007373,C01069,R0350,,22:00,1452,10,Delivered
O007374,C00092,R0132,March 3 2024,12:00,1995,20,
O007375,C02082,R0034,March 3 2024,12:00,1309,110,delivered
O007376,C00678,R0087,2024-01-01,22:00,1503,27,Delivered
O007377,C02807,R0032,2024-01-01,,1986,28,Delivered
O007378,C00382,R0259,2024-01-01,22:00,372,89,Cancelled
O007379,C01704,R0476,,13:00,1056,0,Delivered
O007380,C00966,R0324,March 3 2024,12:00,223,58,
O007381,C01180,R0313,01-02-2024,,-49,23,
O007382,C02435,R0370,,12:00,832,-6,delivered
O007383,C02583,R0460,01-02-2024,20:00,1327,9,Cancelled
O007384,C02248,R0408,01-02-2024,13:00,1682,52,Cancelled
O007385,C02323,R0033,2024-01-01,13:00,1723,34,Cancelled
O007386,C00501,R0387,01-02-2024,12:00,259,2,
O007387,C00459,R0388,01-02-2024,18:00,1583,83,Delivered
O007388,C00050,R0286,,18:00,-33,81,
O007389,C00970,R0326,2024-01-01,22:00,1073,90,
O007390,C00988,R0049,01-02-2024,13:00,380,110,Delivered
O007391,C00532,R0286,01-02-2024,12:00,1338,113,
O007392,C01004,R0456,01-02-2024,,1860,57,delivered
O007393,C02676,R0082,March 3 2024,12:00,120,14,delivered
O007394,C01116,R0144,March 3 2024,12:00,160,3,delivered
O007395,C01480,R0437,2024-01-01,,1549,51,delivered
O007396,C00339,R0390,,,576,106,delivered
O007397,C01659,R0280,2024-01-01,20:00,142,89,Cancelled
O007398,C01877,R0371,March 3 2024,18:00,1835,55,
O007399,C01874,R0092,2024-01-01,20:00,1578,34,Delivered
O007400,C02052,R0224,,12:00,1092,60,Cancelled
O007401,C01705,R0217,2024-01-01,12:00,1356,17,Delivered
O007402,C00281,R0156,01-02-2024,13:00,565,48,
O007403,C01314,R0277,,13:00,1785,-3,Cancelled
O007404,C02121,R0008,,18:00,666,-1,Delivered
O007405,C01161,R0036,,,1501,10,delivered
O007406,C02816,R0124,2024-01-01,22:00,1809,24,Cancelled
O007407,C00971,R0009,2024-01-01,12:00,87,-7,delivered
O007408,C00998,R0040,01-02-2024,13:00,604,74,Cancelled
O007409,C01417,R0469,,18:00,591,14,
O007410,C00208,R0179,01-02-2024,20:00,1266,9,Cancelled
O007411,C00260,R0129,,12:00,234,85,
O007412,C00930,R0447,March 3 2024,22:00,637,85,Cancelled
O007413,C00263,R0373,2024-01-01,18:00,255,116,
O007414,C00783,R0068,01-02-2024,,1822,11,delivered
O007415,C00505,R0458,2024-01-01,22:00,131,38,
O007416,C01574,R0154,2024-01-01,12:00,695,78,delivered
O007417,C00203,R0424,March 3 2024,18:00,89,-5,Cancelled
O007418,C01760,R0003,March 3 2024,,-53,1,Cancelled
O007419,C02014,R0364,,13:00,713,17,Cancelled
O007420,C02100,R0378,March 3 2024,22:00,1883,8,Cancelled
O007421,C01380,R0265,,20:00,1579,32,delivered
O007422,C02411,R0416,March 3 2024,20:00,1958,88,Delivered
O007423,C00045,R0451,March 3 2024,22:00,158,25,Delivered
O007424,C02875,R0004,01-02-2024,12:00,1874,86,
O007425,C01402,R0262,March 3 2024,12:00,197,74,Cancelled
O007426,C00789,R0329,01-02-2024,12:00,1120,31,Cancelled
O007427,C01436,R0282,March 3 2024,20:00,1527,80,Delivered
O007428,C02819,R0386,01-02-2024,20:00,1338,115,Delivered
O007429,C02190,R0450,2024-01-01,13:00,1299,34,Cancelled
O007430,C02845,R0370,,12:00,33,19,Cancelled
O007431,C02085,R0085,March 3 2024,20:00,855,28,Delivered
O007432,C02093,R0342,01-02-2024,20:00,1179,19,delivered
O007433,C02968,R0387,March 3 2024,12:00,452,98,Cancelled
O007434,C01656,R0035,01-02-2024,12:00,592,77,Delivered
O007435,C01070,R0114,01-02-2024,20:00,1986,75,delivered
O007436,C01676,R0059,March 3 2024,,379,26,Delivered
O007437,C02613,R0038,,22:00,1053,79,Cancelled
O007438,C00301,R0033,01-02-2024,20:00,-38,86,
O007439,C00288,R0377,2024-01-01,13:00,854,13,Delivered
O007440,C00786,R0399,March 3 2024,18:00,1335,58,
O007441,C02317,R0203,2024-01-01,,1765,77,
O007442,C02839,R0202,01-02-2024,12:00,1369,88,Cancelled
O007443,C02629,R0100,01-02-2024,13:00,1532,111,delivered
O007444,C01266,R0398,March 3 2024,22:00,1714,75,
O007445,C02984,R0450,,18:00,135,6,delivered
O007446,C01806,R0301,2024-01-01,,1008,1,Cancelled
O007447,C02402,R0304,,20:00,1696,19,Cancelled
O007448,C01820,R0428,2024-01-01,12:00,1089,-5,Cancelled
O007449,C01351,R0118,,20:00,1290,114,delivered
O007450,C00071,R0421,March 3 2024,13:00,1333,0,Delivered
O007451,C00835,R0243,2024-01-01,12:00,1153,117,
O007452,C02461,R0029,March 3 2024,20:00,781,113,Cancelled
O007453,C00612,R0227,,12:00,826,49,
O007454,C02663,R0340,,13:00,1626,-1,delivered
O007455,C01417,R0213,,20:00,1165,5,delivered
O007456,C02577,R0418,March 3 2024,18:00,20,73,
O007457,C01329,R0187,01-02-2024,22:00,865,89,Delivered
O007458,C00191,R0113,01-02-2024,20:00,1949,4,Cancelled
O007459,C01748,R0373,2024-01-01,12:00,17,74,Delivered
O007460,C02126,R0299,March 3 2024,,538,28,
O007461,C01582,R0161,March 3 2024,20:00,273,-6,Cancelled
O007462,C01629,R0019,March 3 2024,12:00,1710,75,Cancelled
O007463,C00889,R0264,,,1823,20,
O007464,C02997,R0159,March 3 2024,13:00,942,27,Cancelled
O007465,C00017,R0011,01-02-2024,,1676,8,Delivered
O007466,C00815,R0008,2024-01-01,22:00,671,4,delivered
O007467,C01598,R0153,01-02-2024,12:00,460,103,delivered
O007468,C02482,R0113,March 3 2024,20:00,1438,77,
O007469,C01067,R0148,2024-01-01,,703,-2,delivered
O007470,C02260,R0038,2024-01-01,13:00,580,-6,delivered
O007471,C02251,R0135,March 3 2024,,78,107,
O007472,C02026,R0373,March 3 2024,18:00,514,92,
O007473,C02774,R0461,01-02-2024,20:00,1654,80,Cancelled
O007474,C00109,R0423,01-02-2024,22:00,-54,-9,
O007475,C01351,R0235,,13:00,115,10,Delivered
O007476,C00284,R0255,,20:00,1346,40,
O007477,C02989,R0074,,12:00,1569,-10,Cancelled
O007478,C01961,R0328,March 3 2024,12:00,908,-2,Cancelled
O007479,C01630,R0362,March 3 2024,12:00,1136,102,
O007480,C00737,R0374,,20:00,907,10,Delivered
O007481,C01142,R0491,,22:00,633,69,Cancelled
O007482,C00932,R0276,01-02-2024,12:00,214,26,Delivered
O007483,C00603,R0209,,20:00,273,80,Cancelled
O007484,C01364,R0267,,20:00,1186,60,delivered
O007485,C01825,R0144,2024-01-01,22:00,267,99,Cancelled
O007486,C00491,R0485,,13:00,277,93,Cancelled
O007487,C02067,R0042,2024-01-01,13:00,728,98,Cancelled
O007488,C01199,R0224,,20:00,724,-7,Cancelled
O007489,C01642,R0346,2024-01-01,13:00,573,56,Cancelled
O007490,C00801,R0052,,18:00,1519,-7,
O007491,C00760,R0421,01-02-2024,22:00,1194,4,
O007492,C01166,R0308,March 3 2024,20:00,73,26,Delivered
O007493,C01487,R0137,2024-01-01,13:00,-65,3,delivered
O007494,C02977,R0419,March 3 2024,,201,112,
O007495,C02346,R0195,01-02-2024,13:00,785,100,delivered
O007496,C01494,R0095,,22:00,1980,115,Delivered
O007497,C00705,R0490,,,1801,71,Delivered
O007498,C00815,R0391,01-02-2024,12:00,1606,39,Cancelled
O007499,C00803,R0258,March 3 2024,13:00,1602,67,
O007500,C00373,R0025,March 3 2024,,592,14,Cancelled
O007501,C01492,R0232,March 3 2024,22:00,494,28,Cancelled
O007502,C02976,R0332,March 3 2024,,773,15,Delivered
O007503,C02999,R0094,2024-01-01,12:00,218,49,Cancelled
O007504,C01462,R0350,March 3 2024,,657,41,Delivered
O007505,C02892,R0221,2024-01-01,20:00,1357,59,
O007506,C02995,R0297,01-02-2024,12:00,76,37,
O007507,C02491,R0203,,13:00,1465,43,Cancelled
O007508,C02190,R0499,2024-01-01,20:00,208,104,Delivered
O007509,C02450,R0436,March 3 2024,20:00,53,105,
O007510,C00823,R0343,,12:00,866,118,delivered
O007511,C00222,R0081,2024-01-01,20:00,1931,103,
O007512,C02785,R0205,,12:00,1063,10,Delivered
O007513,C01388,R0481,01-02-2024,12:00,284,99,Cancelled
O007514,C00994,R0449,March 3 2024,,523,61,Delivered
O007515,C01212,R0380,01-02-2024,12:00,956,7,Cancelled
O007516,C02161,R0488,,22:00,1631,4,
O007517,C01205,R0077,01-02-2024,13:00,1569,31,Cancelled
O007518,C01926,R0038,March 3 2024,20:00,1359,9,Cancelled
O007519,C00598,R0195,2024-01-01,18:00,1822,5,Cancelled
O007520,C02952,R0464,01-02-2024,,1770,84,Cancelled
O007521,C00485,R0042,March 3 2024,13:00,-95,82,delivered
O007522,C02599,R0455,,18:00,1728,70,delivered
O007523,C01667,R0182,01-02-2024,12:00,590,67,Cancelled
O007524,C02051,R0245,2024-01-01,20:00,1541,84,Delivered
O007525,C01502,R0195,01-02-2024,,1760,53,Delivered
O007526,C00662,R0078,,13:00,1154,15,
O007527,C02115,R0320,,18:00,1324,66,delivered
O007528,C02753,R0464,,18:00,684,47,
O007529,C01555,R0388,01-02-2024,18:00,516,85,
O007530,C02020,R0415,01-02-2024,13:00,785,36,delivered
O007531,C01342,R0125,01-02-2024,22:00,1970,60,Cancelled
O007532,C02146,R0141,2024-01-01,12:00,60,112,Delivered
O007533,C01081,R0027,March 3 2024,20:00,1117,35,
O007534,C00088,R0315,01-02-2024,18:00,-18,-3,Delivered
O007535,C01430,R0321,2024-01-01,,67,-9,Cancelled
O007536,C02701,R0448,,13:00,243,25,
O007537,C02704,R0281,01-02-2024,,-89,77,Delivered
O007538,C02960,R0293,01-02-2024,18:00,1453,108,delivered
O007539,C02419,R0242,01-02-2024,13:00,349,31,
O007540,C02423,R0236,2024-01-01,,473,91,Cancelled
O007541,C00052,R0203,01-02-2024,22:00,1624,48,
O007542,C01748,R0457,01-02-2024,18:00,1090,38,
O007543,C00041,R0380,March 3 2024,18:00,364,93,Delivered
O007544,C02864,R0327,2024-01-01,20:00,1658,117,Delivered
O007545,C02139,R0142,March 3 2024,13:00,1689,63,delivered
O007546,C00039,R0094,March 3 2024,13:00,-94,19,Cancelled
O007547,C02948,R0152,March 3 2024,22:00,1118,17,delivered
O007548,C02669,R0253,March 3 2024,18:00,218,82,Delivered
O007549,C02152,R0067,,20:00,328,16,Cancelled
O007550,C02791,R0176,01-02-2024,,1754,116,delivered
O007551,C02091,R0103,March 3 2024,12:00,143,87,
O007552,C00209,R0091,2024-01-01,20:00,206,41,delivered
O007553,C00600,R0193,01-02-2024,,1732,33,Cancelled
O007554,C00605,R0166,March 3 2024,20:00,800,37,
O007555,C01710,R0090,March 3 2024,,1520,87,Delivered
O007556,C02524,R0326,2024-01-01,20:00,648,5,
O007557,C02157,R0315,,20:00,1948,36,Cancelled
O007558,C00214,R0490,2024-01-01,18:00,676,99,
O007559,C01628,R0268,,20:00,93,64,delivered
O007560,C01717,R0438,,,1792,4,delivered
O007561,C02457,R0051,,,927,91,
O007562,C01577,R0166,March 3 2024,13:00,48,83,Cancelled
O007563,C02819,R0174,March 3 2024,,1040,118,Cancelled
O007564,C02681,R0227,,13:00,137,53,Cancelled
O007565,C02125,R0266,,,1061,81,Cancelled
O007566,C02143,R0009,March 3 2024,20:00,629,32,delivered
O007567,C00269,R0087,,,357,3,Cancelled
O007568,C02409,R0094,March 3 2024,13:00,1942,57,Cancelled
O007569,C02578,R0052,,18:00,1654,3,
O007570,C00683,R0179,March 3 2024,12:00,613,81,
O007571,C00162,R0278,2024-01-01,20:00,1510,6,delivered
O007572,C00465,R0239,,,243,-9,delivered
O007573,C00823,R0073,,13:00,1262,54,delivered
O007574,C02005,R0339,2024-01-01,13:00,1387,108,Cancelled
O007575,C02596,R0072,01-02-2024,18:00,562,88,
O007576,C02100,R0374,,,145,96,
O007577,C00488,R0068,01-02-2024,18:00,1177,106,Cancelled
O007578,C02140,R0005,2024-01-01,12:00,1456,-2,Delivered
O007579,C00651,R0339,,,1457,63,Cancelled
O007580,C02405,R0238,01-02-2024,22:00,1114,11,Delivered
O007581,C01756,R0466,,22:00,204,5,Cancelled
O007582,C01635,R0121,,,692,83,delivered
O007583,C01772,R0413,March 3 2024,22:00,306,75,Delivered
O007584,C00719,R0211,01-02-2024,12:00,231,21,Delivered
O007585,C01168,R0262,March 3 2024,20:00,1937,0,delivered
O007586,C00199,R0325,March 3 2024,22:00,1696,9,Delivered
O007587,C02863,R0058,01-02-2024,22:00,450,73,
O007588,C01347,R0043,01-02-2024,,1260,56,Cancelled
O007589,C01823,R0197,March 3 2024,13:00,953,33,Delivered
O007590,C01356,R0072,,13:00,339,84,delivered
O007591,C02265,R0091,,20:00,157,95,Cancelled
O007592,C01725,R0037,2024-01-01,,682,83,Delivered
O007593,C02604,R0491,,18:00,1714,43,Cancelled
O007594,C00803,R0314,01-02-2024,12:00,133,71,Delivered
O007595,C00701,R0237,01-02-2024,22:00,1973,2,
O007596,C00503,R0486,2024-01-01,,292,22,delivered
O007597,C00469,R0383,01-02-2024,,361,0,
O007598,C02010,R0293,March 3 2024,12:00,1651,59,
O007599,C01975,R0466,2024-01-01,13:00,738,10,Delivered
O007600,C01730,R0154,2024-01-01,12:00,9,21,
O007601,C02414,R0170,,13:00,1398,95,delivered
O007602,C01937,R0272,,12:00,1251,82,Cancelled
O007603,C00624,R0406,March 3 2024,13:00,105,24,Cancelled
O007604,C02968,R0110,March 3 2024,12:00,994,36,Cancelled
O007605,C02609,R0151,,22:00,109,1,Delivered
O007606,C02871,R0431,,22:00,84,26,delivered
O007607,C00967,R0451,March 3 2024,20:00,1306,33,Delivered
O007608,C00663,R0131,,12:00,790,11,
O007609,C00751,R0268,2024-01-01,18:00,298,76,delivered
O007610,C01873,R0023,March 3 2024,20:00,1582,44,
O007611,C01419,R0367,,12:00,877,-1,delivered
O007612,C01099,R0139,01-02-2024,18:00,213,106,Cancelled
O007613,C00383,R0490,01-02-2024,22:00,127,69,delivered
O007614,C01394,R0308,March 3 2024,22:00,1069,65,Delivered
O007615,C02357,R0239,01-02-2024,,826,77,Cancelled
O007616,C01653,R0434,01-02-2024,22:00,1746,86,delivered
O007617,C00176,R0441,2024-01-01,,436,7,Delivered
O007618,C00228,R0192,March 3 2024,18:00,-26,100,Delivered
O007619,C02395,R0127,01-02-2024,13:00,1576,74,
O007620,C02039,R0430,,12:00,1341,54,Cancelled
O007621,C01366,R0029,March 3 2024,20:00,1526,112,delivered
O007622,C01986,R0121,March 3 2024,,1499,97,delivered
O007623,C01263,R0198,01-02-2024,20:00,508,112,Cancelled
O007624,C01636,R0174,01-02-2024,22:00,511,20,
O007625,C01021,R0144,2024-01-01,13:00,920,78,
O007626,C01712,R0482,,,684,102,Cancelled
O007627,C00350,R0179,2024-01-01,12:00,140,7,Cancelled
O007628,C02503,R0357,2024-01-01,,1952,59,Cancelled
O007629,C00441,R0011,,12:00,1138,-4,Delivered
O007630,C02809,R0139,01-02-2024,20:00,1502,-10,Cancelled
O007631,C01612,R0447,2024-01-01,20:00,293,91,
O007632,C02563,R0437,March 3 2024,20:00,1314,88,delivered
O007633,C01385,R0253,2024-01-01,12:00,268,76,delivered
O007634,C00288,R0345,,,1976,69,
O007635,C02056,R0314,2024-01-01,20:00,1740,48,delivered
O007636,C02135,R0019,2024-01-01,12:00,1346,23,
O007637,C00998,R0160,March 3 2024,22:00,-92,-3,Delivered
O007638,C02334,R0306,,,233,77,delivered
O007639,C01423,R0122,March 3 2024,,849,42,Delivered
O007640,C00074,R0072,01-02-2024,,292,17,delivered
O007641,C01463,R0055,,13:00,1751,79,Cancelled
O007642,C02854,R0460,2024-01-01,20:00,1231,46,Delivered
O007643,C02206,R0169,March 3 2024,12:00,678,26,Delivered
O007644,C00430,R0099,March 3 2024,22:00,1598,-9,Delivered
O007645,C01472,R0070,,18:00,286,23,
O007646,C00846,R0149,March 3 2024,22:00,1683,47,delivered
O007647,C01731,R0117,,13:00,1745,62,Cancelled
O007648,C00036,R0026,01-02-2024,22:00,121,97,
O007649,C01114,R0248,,20:00,1766,106,delivered
O007650,C01021,R0385,,20:00,952,105,Delivered
O007651,C00980,R0209,01-02-2024,18:00,826,103,
O007652,C01439,R0227,01-02-2024,,1125,19,Cancelled
O007653,C01998,R0411,2024-01-01,12:00,1731,72,Delivered
O007654,C01320,R0434,March 3 2024,22:00,29,96,
O007655,C02761,R0114,01-02-2024,18:00,1995,48,Delivered
O007656,C02536,R0194,01-02-2024,20:00,726,109,delivered
O007657,C00619,R0484,March 3 2024,,499,64,delivered
O007658,C00170,R0321,March 3 2024,12:00,669,82,Cancelled
O007659,C00146,R0010,2024-01-01,12:00,356,77,delivered
O007660,C00868,R0095,2024-01-01,13:00,972,72,delivered
O007661,C00420,R0121,,,1171,44,delivered
O007662,C01996,R0126,2024-01-01,20:00,1753,46,Delivered
O007663,C01714,R0037,01-02-2024,12:00,434,42,Delivered
O007664,C00573,R0069,01-02-2024,13:00,1306,-10,delivered
O007665,C01960,R0297,March 3 2024,13:00,1019,49,Delivered
O007666,C01027,R0174,2024-01-01,20:00,204,65,delivered
O007667,C01287,R0461,,12:00,1511,35,Cancelled
O007668,C02847,R0045,,,1542,-7,
O007669,C00321,R0123,,12:00,917,4,
O007670,C01600,R0382,,22:00,890,70,delivered
O007671,C02294,R0472,March 3 2024,12:00,1495,105,Cancelled
O007672,C01613,R0027,2024-01-01,13:00,1363,1,delivered
O007673,C00477,R0193,2024-01-01,18:00,1411,-10,
O007674,C01827,R0497,2024-01-01,20:00,1421,66,Cancelled
O007675,C00783,R0340,2024-01-01,18:00,275,19,Delivered
O007676,C00533,R0136,,12:00,1858,62,
O007677,C01363,R0195,,,1621,39,
O007678,C01948,R0049,March 3 2024,,586,119,delivered
O007679,C02285,R0096,March 3 2024,13:00,270,-5,Cancelled
O007680,C01165,R0492,,18:00,54,64,Cancelled
O007681,C01540,R0121,01-02-2024,20:00,581,79,Delivered
O007682,C01971,R0249,2024-01-01,22:00,1759,81,Cancelled
O007683,C02727,R0473,March 3 2024,18:00,1344,66,delivered
O007684,C00579,R0217,,,-13,65,Cancelled
O007685,C01374,R0114,2024-01-01,22:00,1429,72,Cancelled
O007686,C01594,R0014,2024-01-01,,-88,7,Cancelled
O007687,C01748,R0062,,12:00,1601,1,Delivered
O007688,C02178,R0043,01-02-2024,12:00,1080,41,Delivered
O007689,C02034,R0411,01-02-2024,20:00,219,76,
O007690,C02059,R0240,March 3 2024,22:00,191,89,
O007691,C00257,R0096,,22:00,1539,11,Delivered
O007692,C02864,R0027,March 3 2024,20:00,672,91,Cancelled
O007693,C02417,R0324,01-02-2024,,1583,51,Delivered
O007694,C02992,R0383,March 3 2024,18:00,1400,31,Delivered
O007695,C01418,R0242,March 3 2024,20:00,1574,56,delivered
O007696,C01443,R0487,01-02-2024,12:00,823,83,Cancelled
O007697,C00882,R0459,2024-01-01,22:00,1356,111,Delivered
O007698,C00019,R0240,2024-01-01,13:00,57,84,delivered
O007699,C00110,R0304,01-02-2024,,283,116,
O007700,C01461,R0067,2024-01-01,13:00,297,11,delivered
O007701,C02553,R0281,,12:00,996,43,Cancelled
O007702,C01058,R0192,2024-01-01,22:00,869,114,
O007703,C01312,R0119,01-02-2024,22:00,93,47,
O007704,C01868,R0152,,20:00,1630,88,Cancelled
O007705,C01003,R0265,March 3 2024,18:00,659,8,
O007706,C00255,R0392,01-02-2024,20:00,1152,11,
O007707,C00638,R0231,01-02-2024,13:00,694,112,delivered
O007708,C02043,R0351,2024-01-01,22:00,1526,45,
O007709,C02182,R0249,,18:00,1562,31,Cancelled
O007710,C02547,R0059,01-02-2024,20:00,994,55,
O007711,C00397,R0017,,18:00,-10,23,delivered
O007712,C01622,R0171,,,1539,18,Delivered
O007713,C02695,R0351,2024-01-01,,-24,25,
O007714,C00685,R0452,01-02-2024,13:00,1220,107,Cancelled
O007715,C01857,R0132,,18:00,1557,-2,Delivered
O007716,C02067,R0357,,,245,74,
O007717,C01011,R0136,March 3 2024,22:00,1564,31,Cancelled
O007718,C02167,R0042,2024-01-01,,549,56,delivered
O007719,C00302,R0305,01-02-2024,18:00,1184,-4,Delivered
O007720,C00227,R0006,,18:00,1269,12,delivered
O007721,C01531,R0329,2024-01-01,20:00,1812,12,delivered
O007722,C01236,R0170,01-02-2024,18:00,1386,5,delivered
O007723,C00356,R0456,,18:00,1899,58,Cancelled
O007724,C00701,R0288,01-02-2024,13:00,665,2,Cancelled
O007725,C02535,R0399,01-02-2024,18:00,1709,-1,delivered
O007726,C02271,R0338,2024-01-01,20:00,1484,48,delivered
O007727,C01784,R0215,2024-01-01,20:00,1382,-9,Cancelled
O007728,C01587,R0069,March 3 2024,22:00,575,118,
O007729,C01215,R0370,March 3 2024,,375,43,Delivered
O007730,C02861,R0027,March 3 2024,13:00,225,8,Cancelled
O007731,C02548,R0225,,12:00,57,86,
O007732,C01046,R0322,March 3 2024,22:00,1196,17,Cancelled
O007733,C01646,R0234,01-02-2024,18:00,839,65,Cancelled
O007734,C01351,R0486,2024-01-01,,181,8,Delivered
O007735,C00365,R0443,01-02-2024,13:00,556,93,Cancelled
O007736,C01068,R0412,2024-01-01,22:00,800,31,
O007737,C00519,R0408,2024-01-01,20:00,230,24,Cancelled
O007738,C01627,R0051,01-02-2024,13:00,43,-2,Delivered
O007739,C02577,R0149,01-02-2024,13:00,1313,28,Cancelled
O007740,C01345,R0415,,18:00,943,27,delivered
O007741,C02234,R0075,2024-01-01,13:00,1135,4,Delivered
O007742,C01646,R0306,March 3 2024,,1487,98,Cancelled
O007743,C02846,R0092,,,549,79,delivered
O007744,C00982,R0368,March 3 2024,13:00,564,114,delivered
O007745,C02396,R0424,,12:00,72,49,Delivered
O007746,C02037,R0068,2024-01-01,18:00,1948,51,Delivered
O007747,C00922,R0235,01-02-2024,13:00,1127,20,Cancelled
O007748,C02969,R0362,01-02-2024,13:00,1794,19,
O007749,C00957,R0144,2024-01-01,12:00,1124,55,Delivered
O007750,C00361,R0076,01-02-2024,12:00,837,-4,Cancelled
O007751,C01311,R0086,2024-01-01,20:00,308,101,delivered
O007752,C00182,R0227,2024-01-01,18:00,477,92,delivered
O007753,C01475,R0363,2024-01-01,12:00,1908,100,Cancelled
O007754,C02145,R0447,,13:00,-19,27,Delivered
O007755,C00563,R0056,01-02-2024,12:00,502,75,Cancelled
O007756,C00314,R0080,,22:00,1875,68,Cancelled
O007757,C01390,R0024,March 3 2024,20:00,1138,19,Delivered
O007758,C02069,R0227,2024-01-01,20:00,887,7,
O007759,C02853,R0028,01-02-2024,,40,77,
O007760,C02624,R0121,March 3 2024,18:00,38,84,
O007761,C00403,R0490,2024-01-01,20:00,983,7,Cancelled
O007762,C01148,R0093,March 3 2024,18:00,1487,50,Delivered
O007763,C00613,R0341,,22:00,984,71,
O007764,C01877,R0112,,,1649,67,Delivered
O007765,C01614,R0378,01-02-2024,13:00,1555,54,
O007766,C01928,R0345,March 3 2024,22:00,-61,29,delivered
O007767,C00693,R0487,March 3 2024,18:00,1269,105,delivered
O007768,C01735,R0031,,18:00,1250,13,Delivered
O007769,C01668,R0143,,18:00,1894,-1,
O007770,C02920,R0367,01-02-2024,13:00,1752,28,Delivered
O007771,C01726,R0298,2024-01-01,,643,97,Delivered
O007772,C00840,R0227,01-02-2024,,-63,58,Delivered
O007773,C02151,R0358,,18:00,1006,-4,Cancelled
O007774,C02381,R0250,01-02-2024,22:00,529,12,
O007775,C01811,R0050,2024-01-01,,714,78,
O007776,C00753,R0214,,13:00,438,6,Delivered
O007777,C02182,R0380,2024-01-01,22:00,1560,67,delivered
O007778,C02473,R0389,01-02-2024,13:00,391,54,Delivered
O007779,C01459,R0432,2024-01-01,18:00,483,75,delivered
O007780,C00937,R0269,,,-43,17,
O007781,C01342,R0288,,13:00,1382,47,
O007782,C01694,R0195,2024-01-01,12:00,1554,7,Delivered
O007783,C00505,R0254,01-02-2024,22:00,1849,99,Cancelled
O007784,C02919,R0079,01-02-2024,12:00,1297,110,
O007785,C02238,R0475,01-02-2024,12:00,1761,33,
O007786,C02660,R0244,01-02-2024,18:00,510,53,
O007787,C01970,R0091,March 3 2024,18:00,1047,26,Cancelled
O007788,C00052,R0414,March 3 2024,12:00,1921,-8,
O007789,C01470,R0006,2024-01-01,13:00,545,3,Delivered
O007790,C02660,R0281,March 3 2024,18:00,728,72,delivered
O007791,C01406,R0412,March 3 2024,22:00,1595,68,
O007792,C02422,R0446,March 3 2024,12:00,1578,41,
O007793,C02000,R0150,2024-01-01,22:00,165,98,Cancelled
O007794,C02423,R0324,March 3 2024,,1189,15,delivered
O007795,C00389,R0399,01-02-2024,22:00,1211,66,delivered
O007796,C01673,R0282,01-02-2024,22:00,1215,20,Cancelled
O007797,C00674,R0191,2024-01-01,12:00,372,29,Delivered
O007798,C01890,R0274,2024-01-01,20:00,996,21,
O007799,C02852,R0073,2024-01-01,,1796,90,delivered
O007800,C01503,R0447,,18:00,789,-7,delivered
O007801,C02452,R0318,March 3 2024,22:00,1511,70,Delivered
O007802,C00593,R0500,2024-01-01,12:00,280,73,Delivered
O007803,C02780,R0068,2024-01-01,20:00,85,64,
O007804,C02553,R0304,2024-01-01,12:00,928,31,Cancelled
O007805,C00083,R0434,01-02-2024,18:00,1191,86,Cancelled
O007806,C02367,R0063,2024-01-01,12:00,904,92,Delivered
O007807,C00414,R0453,01-02-2024,13:00,991,36,Delivered
O007808,C02501,R0493,01-02-2024,,420,7,delivered
O007809,C02794,R0134,,13:00,1544,-9,Delivered
O007810,C00198,R0442,2024-01-01,22:00,554,94,delivered
O007811,C02307,R0307,,12:00,-59,91,Cancelled
O007812,C01713,R0268,2024-01-01,12:00,1723,77,Cancelled
O007813,C02346,R0223,March 3 2024,22:00,747,-7,delivered
O007814,C01304,R0431,2024-01-01,22:00,1224,-4,
O007815,C00300,R0126,2024-01-01,,1413,46,Cancelled
O007816,C00129,R0265,2024-01-01,20:00,570,19,
O007817,C02546,R0007,2024-01-01,12:00,1180,79,delivered
O007818,C01907,R0413,2024-01-01,18:00,728,25,
O007819,C02486,R0206,2024-01-01,18:00,119,88,delivered
O007820,C01716,R0179,,18:00,763,102,delivered
O007821,C00207,R0468,March 3 2024,22:00,1932,-9,Delivered
O007822,C02025,R0496,,22:00,1529,102,Cancelled
O007823,C00294,R0183,March 3 2024,22:00,360,89,Cancelled
O007824,C01964,R0480,,18:00,189,93,delivered
O007825,C01874,R0443,,20:00,1035,101,
O007826,C02007,R0440,2024-01-01,,123,24,Delivered
O007827,C02077,R0406,,13:00,353,71,
O007828,C02227,R0228,March 3 2024,12:00,262,21,Cancelled
O007829,C02089,R0236,01-02-2024,13:00,1946,18,
O007830,C01216,R0146,March 3 2024,12:00,1772,52,Delivered
O007831,C02392,R0058,,22:00,1715,114,
O007832,C01773,R0296,01-02-2024,18:00,-98,85,Cancelled
O007833,C02864,R0241,2024-01-01,13:00,492,70,delivered
O007834,C02785,R0345,01-02-2024,22:00,590,47,Cancelled
O007835,C00626,R0287,2024-01-01,12:00,1283,107,Delivered
O007836,C00278,R0440,March 3 2024,,748,74,delivered
O007837,C00529,R0163,01-02-2024,,1876,73,Delivered
O007838,C02134,R0026,01-02-2024,13:00,505,76,Cancelled
O007839,C01925,R0452,01-02-2024,13:00,628,5,
O007840,C02365,R0106,2024-01-01,13:00,1969,-5,Cancelled
O007841,C01881,R0240,2024-01-01,13:00,1894,-4,
O007842,C01926,R0340,March 3 2024,13:00,1049,3,delivered
O007843,C00693,R0418,March 3 2024,22:00,1328,-8,
O007844,C01361,R0332,,12:00,1578,38,
O007845,C00863,R0400,2024-01-01,12:00,638,25,delivered
O007846,C02363,R0379,March 3 2024,20:00,1029,18,Delivered
O007847,C00225,R0042,01-02-2024,18:00,555,110,delivered
O007848,C01918,R0133,01-02-2024,,774,12,Delivered
O007849,C01968,R0317,01-02-2024,13:00,234,91,delivered
O007850,C01957,R0044,March 3 2024,,1791,7,
O007851,C01840,R0035,01-02-2024,12:00,1078,-10,Cancelled
O007852,C00068,R0364,01-02-2024,18:00,529,21,
O007853,C01643,R0347,2024-01-01,18:00,1818,30,Delivered
O007854,C01021,R0384,2024-01-01,22:00,-20,74,Cancelled
O007855,C01101,R0001,March 3 2024,13:00,809,82,
O007856,C01563,R0226,2024-01-01,20:00,349,106,
O007857,C02904,R0299,,18:00,1233,85,Cancelled
O007858,C01525,R0288,March 3 2024,22:00,1779,48,
O007859,C01471,R0236,,13:00,1879,50,Delivered
O007860,C01716,R0359,,12:00,579,40,delivered
O007861,C01583,R0447,March 3 2024,20:00,629,80,Delivered
O007862,C01383,R0033,2024-01-01,13:00,913,54,
O007863,C01301,R0095,2024-01-01,22:00,579,38,Cancelled
O007864,C02931,R0205,March 3 2024,,1220,92,Cancelled
O007865,C01337,R0109,,22:00,412,19,Cancelled
O007866,C02370,R0322,March 3 2024,22:00,932,81,
O007867,C01243,R0030,March 3 2024,22:00,486,51,Cancelled
O007868,C01706,R0266,01-02-2024,22:00,747,-8,Delivered
O007869,C01902,R0023,01-02-2024,20:00,1750,28,Delivered
O007870,C01968,R0097,,18:00,953,8,
O007871,C02248,R0039,2024-01-01,18:00,1202,94,Delivered
O007872,C02380,R0173,01-02-2024,12:00,689,87,Delivered
O007873,C02595,R0248,01-02-2024,18:00,965,117,Cancelled
O007874,C01680,R0379,,22:00,1864,-1,delivered
O007875,C01316,R0413,March 3 2024,18:00,1403,117,Delivered
O007876,C02114,R0414,01-02-2024,,316,78,
O007877,C00731,R0162,2024-01-01,,1244,48,Cancelled
O007878,C00568,R0180,,18:00,704,72,Delivered
O007879,C02705,R0103,01-02-2024,22:00,1852,91,
O007880,C02452,R0209,,20:00,1825,33,
O007881,C01749,R0022,01-02-2024,22:00,722,7,Cancelled
O007882,C01630,R0005,01-02-2024,18:00,1863,37,
O007883,C02666,R0139,,18:00,1741,64,delivered
O007884,C00596,R0214,2024-01-01,12:00,209,-10,delivered
O007885,C00648,R0160,2024-01-01,22:00,602,86,Delivered
O007886,C02194,R0408,March 3 2024,12:00,1284,-4,delivered
O007887,C02809,R0395,01-02-2024,12:00,596,84,Cancelled
O007888,C01554,R0139,March 3 2024,13:00,504,79,Cancelled
O007889,C00125,R0145,,,1550,89,Delivered
O007890,C01538,R0160,March 3 2024,12:00,220,58,delivered
O007891,C01356,R0083,,,203,97,
O007892,C00480,R0155,2024-01-01,18:00,418,39,
O007893,C01002,R0288,,18:00,826,35,delivered
O007894,C00712,R0317,,13:00,840,12,Cancelled
O007895,C01971,R0281,March 3 2024,13:00,1969,1,Cancelled
O007896,C02763,R0064,01-02-2024,22:00,-21,50,Cancelled
O007897,C01422,R0192,March 3 2024,13:00,1207,23,Cancelled
O007898,C01818,R0156,2024-01-01,20:00,2,83,delivered
O007899,C00815,R0424,2024-01-01,18:00,628,90,Delivered
O007900,C00056,R0500,2024-01-01,18:00,41,7,delivered
O007901,C01655,R0091,01-02-2024,,855,109,delivered
O007902,C00132,R0142,March 3 2024,13:00,669,26,Cancelled
O007903,C00231,R0042,,,718,30,Cancelled
O007904,C00395,R0249,,13:00,639,117,Cancelled
O007905,C00982,R0295,01-02-2024,18:00,1513,75,Delivered
O007906,C01930,R0258,2024-01-01,13:00,61,80,Delivered
O007907,C00933,R0337,01-02-2024,22:00,493,28,Cancelled
O007908,C01530,R0001,,13:00,462,-7,Cancelled
O007909,C01410,R0109,2024-01-01,13:00,814,41,delivered
O007910,C02956,R0416,01-02-2024,22:00,1599,102,delivered
O007911,C00533,R0467,,22:00,624,8,delivered
O007912,C00965,R0125,,22:00,1809,81,Cancelled
O007913,C02496,R0064,01-02-2024,,1333,110,delivered
O007914,C02174,R0206,,18:00,1242,6,
O007915,C00555,R0415,March 3 2024,13:00,1795,119,Delivered
O007916,C02742,R0442,March 3 2024,22:00,287,119,delivered
O007917,C02537,R0338,2024-01-01,22:00,-96,77,Delivered
O007918,C02660,R0244,March 3 2024,18:00,274,44,delivered
O007919,C02939,R0078,March 3 2024,20:00,1294,80,Delivered
O007920,C02494,R0111,01-02-2024,13:00,812,-7,Cancelled
O007921,C01494,R0142,2024-01-01,20:00,1455,112,
O007922,C02556,R0216,01-02-2024,20:00,823,89,Delivered
O007923,C02505,R0453,01-02-2024,22:00,740,49,delivered
O007924,C02179,R0016,March 3 2024,,1630,18,Cancelled
O007925,C00385,R0453,March 3 2024,18:00,1317,35,
O007926,C00712,R0054,,13:00,527,86,Cancelled
O007927,C02977,R0141,,13:00,1951,38,Cancelled
O007928,C01472,R0380,2024-01-01,13:00,1625,109,Delivered
O007929,C02500,R0336,March 3 2024,,1447,65,
O007930,C00654,R0079,,20:00,1336,63,Cancelled
O007931,C01143,R0415,01-02-2024,12:00,418,6,delivered
O007932,C01117,R0453,March 3 2024,18:00,1834,96,Cancelled
O007933,C02569,R0149,2024-01-01,12:00,1353,85,delivered
O007934,C01609,R0127,2024-01-01,20:00,823,78,Cancelled
O007935,C00538,R0158,01-02-2024,22:00,1350,41,
O007936,C01457,R0279,,12:00,1445,60,
O007937,C01898,R0038,01-02-2024,12:00,590,9,
O007938,C02193,R0157,,18:00,871,72,Delivered
O007939,C01092,R0333,March 3 2024,20:00,872,108,Cancelled
O007940,C00700,R0288,2024-01-01,18:00,346,107,
O007941,C01902,R0112,,22:00,-31,2,delivered
O007942,C02179,R0190,01-02-2024,,1224,45,delivered
O007943,C00733,R0106,March 3 2024,,1717,8,Cancelled
O007944,C01305,R0091,,,1077,59,
O007945,C01813,R0354,March 3 2024,13:00,267,69,Delivered
O007946,C01676,R0301,March 3 2024,,1783,103,
O007947,C00513,R0049,01-02-2024,,1112,22,Cancelled
O007948,C02688,R0161,01-02-2024,20:00,1988,103,Delivered
O007949,C00001,R0004,March 3 2024,,584,104,delivered
O007950,C01966,R0402,March 3 2024,,880,52,
O007951,C00432,R0198,,22:00,1673,15,
O007952,C02439,R0320,01-02-2024,22:00,1820,76,delivered
O007953,C01290,R0412,,12:00,587,-10,Cancelled
O007954,C00399,R0364,2024-01-01,18:00,1988,82,Delivered
O007955,C00808,R0377,,12:00,52,95,delivered
O007956,C01280,R0442,March 3 2024,12:00,457,73,Delivered
O007957,C02443,R0475,2024-01-01,13:00,1536,96,Cancelled
O007958,C00952,R0254,,18:00,970,105,Delivered
O007959,C02222,R0090,2024-01-01,13:00,-98,-6,Delivered
O007960,C01069,R0312,01-02-2024,,675,1,
O007961,C00855,R0020,,22:00,959,37,delivered
O007962,C02587,R0077,,,142,3,Delivered
O007963,C00745,R0220,01-02-2024,13:00,1754,42,Delivered
O007964,C02769,R0162,,22:00,1341,34,delivered
O007965,C02098,R0497,2024-01-01,12:00,293,1,delivered
O007966,C00243,R0343,01-02-2024,,500,89,Cancelled
O007967,C01164,R0394,2024-01-01,13:00,735,72,delivered
O007968,C02645,R0115,,,299,33,Delivered
O007969,C01620,R0094,,18:00,907,10,
O007970,C00276,R0406,,13:00,666,55,Cancelled
O007971,C00008,R0133,,22:00,332,90,delivered
O007972,C00715,R0172,2024-01-01,20:00,299,10,delivered
O007973,C01959,R0114,,,925,15,delivered
O007974,C02081,R0009,01-02-2024,,228,6,Cancelled
O007975,C00810,R0299,01-02-2024,18:00,534,-7,Cancelled
O007976,C01473,R0260,March 3 2024,22:00,1671,28,delivered
O007977,C00928,R0170,01-02-2024,,1512,4,Cancelled
O007978,C00862,R0321,March 3 2024,20:00,-23,22,
O007979,C00037,R0098,01-02-2024,,231,79,Delivered
O007980,C02082,R0169,01-02-2024,18:00,49,36,
O007981,C00455,R0448,,20:00,1904,119,Delivered
O007982,C00444,R0311,01-02-2024,12:00,1428,79,Cancelled
O007983,C00212,R0218,,12:00,49,55,delivered
O007984,C02750,R0402,,,1508,70,Cancelled
O007985,C02656,R0400,01-02-2024,13:00,261,7,
O007986,C01730,R0343,2024-01-01,13:00,1616,70,
O007987,C00982,R0430,,13:00,-6,2,Cancelled
O007988,C02409,R0420,01-02-2024,13:00,1518,60,delivered
O007989,C02352,R0346,2024-01-01,,532,47,delivered
O007990,C00296,R0450,01-02-2024,20:00,1950,54,Delivered
O007991,C00152,R0044,01-02-2024,18:00,-88,93,
O007992,C01970,R0500,2024-01-01,18:00,63,31,Delivered
O007993,C01220,R0261,01-02-2024,13:00,516,84,Cancelled
O007994,C00600,R0285,,12:00,1268,89,Delivered
O007995,C01323,R0126,March 3 2024,22:00,65,78,delivered
O007996,C01553,R0260,March 3 2024,13:00,1668,98,
O007997,C01512,R0495,01-02-2024,13:00,560,103,delivered
O007998,C02259,R0355,March 3 2024,,1046,29,Delivered
O007999,C00232,R0214,March 3 2024,12:00,366,83,Cancelled
O008000,C02918,R0305,March 3 2024,22:00,415,91,Delivered
O008001,C02743,R0200,,20:00,619,10,delivered
O008002,C00367,R0236,,20:00,71,72,
O008003,C00481,R0341,March 3 2024,22:00,1308,100,Delivered
O008004,C00572,R0136,2024-01-01,22:00,1369,31,
O008005,C01203,R0378,2024-01-01,20:00,1073,26,
O008006,C01508,R0436,2024-01-01,13:00,1659,118,Delivered
O008007,C01613,R0116,,13:00,470,66,delivered
O008008,C01571,R0453,,,704,102,Cancelled
O008009,C00930,R0405,,12:00,1074,28,delivered
O008010,C01040,R0155,,22:00,12,36,Delivered
O008011,C02514,R0422,March 3 2024,13:00,1155,45,
O008012,C01426,R0389,,13:00,1841,99,delivered
O008013,C02342,R0341,March 3 2024,12:00,1297,60,Cancelled
O008014,C00171,R0317,2024-01-01,22:00,597,99,
O008015,C01056,R0392,March 3 2024,12:00,1674,54,Cancelled
O008016,C02311,R0342,2024-01-01,12:00,1170,-7,
O008017,C01239,R0018,,20:00,255,50,Cancelled
O008018,C02007,R0388,2024-01-01,12:00,138,94,Cancelled
O008019,C02606,R0004,2024-01-01,22:00,412,75,Delivered
O008020,C00189,R0165,March 3 2024,13:00,923,89,Delivered
O008021,C00786,R0127,2024-01-01,13:00,1100,118,
O008022,C00583,R0399,01-02-2024,20:00,1329,40,Delivered
O008023,C00395,R0422,2024-01-01,22:00,828,53,Delivered
O008024,C01832,R0411,,13:00,1717,52,Cancelled
O008025,C00600,R0213,2024-01-01,12:00,-74,18,
O008026,C00846,R0048,01-02-2024,18:00,1341,32,Cancelled
O008027,C02030,R0046,March 3 2024,18:00,491,59,Delivered
O008028,C01206,R0046,2024-01-01,18:00,1385,28,Delivered
O008029,C02390,R0048,01-02-2024,18:00,466,12,delivered
O008030,C00954,R0187,,12:00,146,-10,Cancelled
O008031,C02070,R0120,,13:00,1423,50,Delivered
O008032,C01098,R0132,March 3 2024,20:00,1156,14,
O008033,C01626,R0459,,12:00,858,98,
O008034,C01871,R0019,01-02-2024,13:00,885,97,Delivered
O008035,C00166,R0441,2024-01-01,22:00,1673,-10,Delivered
O008036,C02025,R0275,01-02-2024,13:00,991,29,Delivered
O008037,C00234,R0475,March 3 2024,13:00,1910,10,
O008038,C01399,R0232,2024-01-01,13:00,646,55,Delivered
O008039,C01457,R0042,01-02-2024,12:00,1474,6,Cancelled
O008040,C00641,R0092,March 3 2024,13:00,1578,113,delivered
O008041,C01358,R0261,March 3 2024,13:00,244,80,delivered
O008042,C01828,R0048,2024-01-01,22:00,1999,102,delivered
O008043,C00607,R0409,2024-01-01,22:00,491,115,Cancelled
O008044,C00540,R0451,,18:00,592,-1,Delivered
O008045,C01468,R0282,,,1063,36,delivered
O008046,C02366,R0074,2024-01-01,12:00,308,-2,
O008047,C00343,R0216,,13:00,1204,35,Delivered
O008048,C02464,R0446,2024-01-01,18:00,304,106,
O008049,C00637,R0221,,18:00,1646,92,delivered
O008050,C00079,R0109,01-02-2024,12:00,1779,113,Cancelled
O008051,C02941,R0135,March 3 2024,,546,57,delivered
O008052,C02621,R0428,2024-01-01,18:00,1383,98,delivered
O008053,C02497,R0343,2024-01-01,18:00,962,57,Delivered
O008054,C02330,R0238,2024-01-01,12:00,764,94,Delivered
O008055,C02723,R0155,01-02-2024,20:00,1484,118,delivered
O008056,C02105,R0426,March 3 2024,18:00,116,48,Cancelled
O008057,C00191,R0329,,22:00,642,14,
O008058,C00644,R0492,,18:00,317,71,
O008059,C01487,R0056,March 3 2024,12:00,555,45,Cancelled
O008060,C02090,R0387,,12:00,763,38,Delivered
O008061,C01510,R0382,2024-01-01,,1442,54,delivered
O008062,C02727,R0397,March 3 2024,20:00,195,-2,delivered
O008063,C02550,R0198,01-02-2024,20:00,349,101,delivered
O008064,C01217,R0315,March 3 2024,,1151,85,
O008065,C00790,R0038,2024-01-01,,1015,74,Cancelled
O008066,C02798,R0341,March 3 2024,22:00,1622,25,Cancelled
O008067,C00742,R0339,01-02-2024,22:00,1426,72,delivered
O008068,C02213,R0217,01-02-2024,18:00,163,51,delivered
O008069,C02803,R0231,March 3 2024,20:00,1199,52,Cancelled
O008070,C00090,R0452,March 3 2024,22:00,686,108,
O008071,C01715,R0342,,18:00,792,65,Delivered
O008072,C00987,R0453,,13:00,135,58,delivered
O008073,C00648,R0257,2024-01-01,18:00,1365,83,Cancelled
O008074,C02798,R0434,,22:00,1501,52,
O008075,C00819,R0209,2024-01-01,18:00,974,50,Delivered
O008076,C00243,R0201,2024-01-01,13:00,250,88,Cancelled
O008077,C02711,R0137,March 3 2024,22:00,316,26,delivered
O008078,C02906,R0128,,18:00,643,-7,Cancelled
O008079,C01900,R0053,01-02-2024,22:00,905,45,
O008080,C00219,R0344,01-02-2024,,-88,32,delivered
O008081,C00009,R0394,March 3 2024,,1750,10,Cancelled
O008082,C00430,R0084,01-02-2024,18:00,705,47,Cancelled
O008083,C00013,R0209,01-02-2024,12:00,169,42,delivered
O008084,C01799,R0333,March 3 2024,22:00,883,7,delivered
O008085,C02955,R0285,01-02-2024,22:00,1888,46,
O008086,C01928,R0036,March 3 2024,,673,84,delivered
O008087,C00690,R0215,2024-01-01,,1859,112,
O008088,C01783,R0027,,22:00,1662,21,Cancelled
O008089,C00677,R0146,01-02-2024,22:00,1188,101,delivered
O008090,C02232,R0018,March 3 2024,,916,8,
O008091,C01005,R0118,01-02-2024,18:00,386,73,Cancelled
O008092,C00208,R0137,,20:00,303,37,Delivered
O008093,C02576,R0067,01-02-2024,18:00,289,63,Cancelled
O008094,C01324,R0391,2024-01-01,13:00,507,99,delivered
O008095,C02866,R0314,March 3 2024,12:00,22,71,
O008096,C01003,R0463,,18:00,-64,4,Delivered
O008097,C02503,R0030,2024-01-01,18:00,1703,20,
O008098,C01766,R0073,01-02-2024,22:00,609,91,
O008099,C02950,R0123,01-02-2024,13:00,666,4,Delivered
O008100,C01554,R0445,01-02-2024,22:00,402,54,Delivered
O008101,C01683,R0489,,,-9,94,
O008102,C02292,R0475,March 3 2024,22:00,-1,64,delivered
O008103,C01986,R0228,,20:00,585,91,Delivered
O008104,C00771,R0338,2024-01-01,12:00,1650,19,delivered
O008105,C00238,R0479,March 3 2024,20:00,293,30,Delivered
O008106,C02393,R0273,,22:00,493,56,
O008107,C02358,R0246,01-02-2024,12:00,785,6,Delivered
O008108,C01585,R0437,2024-01-01,18:00,404,15,
O008109,C01308,R0390,01-02-2024,13:00,1040,107,Delivered
O008110,C02086,R0039,,20:00,1677,62,Delivered
O008111,C01820,R0409,2024-01-01,13:00,241,90,Delivered
O008112,C00032,R0170,March 3 2024,22:00,33,84,Cancelled
O008113,C00292,R0426,March 3 2024,12:00,111,47,Delivered
O008114,C00292,R0315,,,484,84,Cancelled
O008115,C01643,R0102,,18:00,1336,91,delivered
O008116,C02806,R0294,March 3 2024,12:00,256,109,delivered
O008117,C01406,R0415,March 3 2024,,1000,115,Delivered
O008118,C00578,R0243,,13:00,1650,102,delivered
O008119,C01162,R0157,March 3 2024,13:00,1600,91,Delivered
O008120,C01224,R0360,2024-01-01,18:00,1609,46,Cancelled
O008121,C02653,R0265,,,436,21,delivered
O008122,C00447,R0257,2024-01-01,,50,86,
O008123,C00278,R0464,01-02-2024,18:00,1655,25,Delivered
O008124,C00355,R0358,2024-01-01,12:00,787,46,Delivered
O008125,C02580,R0343,,20:00,642,79,delivered
O008126,C01825,R0123,01-02-2024,12:00,1508,98,delivered
O008127,C01423,R0456,March 3 2024,13:00,1335,15,delivered
O008128,C00984,R0047,2024-01-01,12:00,1141,2,Delivered
O008129,C02650,R0332,2024-01-01,22:00,107,61,
O008130,C02610,R0010,,12:00,1208,36,Delivered
O008131,C02639,R0144,March 3 2024,12:00,1554,114,Delivered
O008132,C01573,R0431,,,1565,117,Cancelled
O008133,C00059,R0299,March 3 2024,22:00,888,20,Delivered
O008134,C00459,R0152,,13:00,780,105,Delivered
O008135,C00104,R0487,March 3 2024,18:00,106,45,Delivered
O008136,C00831,R0136,01-02-2024,12:00,1549,63,
O008137,C00789,R0075,,20:00,1274,25,delivered
O008138,C02152,R0361,01-02-2024,,1024,85,Delivered
O008139,C00742,R0026,,,1393,69,Cancelled
O008140,C01573,R0007,,18:00,428,37,Cancelled
O008141,C02349,R0079,,20:00,1400,47,delivered
O008142,C02702,R0015,2024-01-01,12:00,1171,4,Cancelled
O008143,C00555,R0432,,20:00,1319,53,Cancelled
O008144,C00628,R0387,March 3 2024,,1499,41,
O008145,C01108,R0400,2024-01-01,18:00,-23,8,Delivered
O008146,C02977,R0207,March 3 2024,20:00,1635,114,Delivered
O008147,C02408,R0089,March 3 2024,20:00,-60,75,Delivered
O008148,C02135,R0097,March 3 2024,18:00,1104,27,Delivered
O008149,C00428,R0398,March 3 2024,18:00,189,33,Delivered
O008150,C02415,R0216,March 3 2024,18:00,1048,24,Cancelled
O008151,C02391,R0459,01-02-2024,,1391,100,
O008152,C02395,R0259,2024-01-01,18:00,1158,91,Delivered
O008153,C01827,R0329,March 3 2024,22:00,1423,70,Cancelled
O008154,C01945,R0454,01-02-2024,12:00,610,13,delivered
O008155,C02144,R0287,01-02-2024,,860,97,Cancelled
O008156,C01878,R0375,March 3 2024,18:00,722,46,
O008157,C01160,R0464,,13:00,-96,112,Delivered
O008158,C01272,R0075,March 3 2024,20:00,723,45,Delivered
O008159,C00884,R0242,01-02-2024,18:00,17,75,Delivered
O008160,C00486,R0017,March 3 2024,18:00,560,55,
O008161,C01426,R0177,01-02-2024,12:00,1237,67,delivered
O008162,C00604,R0259,March 3 2024,18:00,1124,81,delivered
O008163,C00412,R0123,01-02-2024,,1466,66,Cancelled
O008164,C01995,R0467,March 3 2024,22:00,566,91,Cancelled
O008165,C01932,R0472,,13:00,1633,70,Delivered
O008166,C02496,R0311,,13:00,1343,62,Delivered
O008167,C00247,R0111,01-02-2024,18:00,985,51,Delivered
O008168,C02818,R0256,,12:00,915,3,Cancelled
O008169,C02747,R0234,,,1085,10,Delivered
O008170,C02469,R0456,2024-01-01,,936,19,Cancelled
O008171,C02172,R0497,March 3 2024,18:00,316,14,Cancelled
O008172,C02989,R0356,March 3 2024,20:00,1047,88,
O008173,C02925,R0040,,,769,101,Delivered
O008174,C01623,R0122,,,515,100,Delivered
O008175,C02061,R0450,01-02-2024,,926,118,Cancelled
O008176,C00800,R0215,March 3 2024,13:00,833,54,Cancelled
O008177,C00945,R0296,2024-01-01,,661,15,Cancelled
O008178,C02248,R0286,2024-01-01,20:00,1688,7,
O008179,C01266,R0281,,22:00,1646,29,
O008180,C01263,R0007,01-02-2024,13:00,170,19,Cancelled
O008181,C02351,R0092,01-02-2024,13:00,1473,67,
O008182,C01189,R0361,March 3 2024,22:00,1905,63,
O008183,C02786,R0434,,20:00,626,20,delivered
O008184,C00176,R0123,,18:00,333,68,Delivered
O008185,C01053,R0337,01-02-2024,12:00,421,37,Cancelled
O008186,C02725,R0096,2024-01-01,20:00,709,67,delivered
O008187,C02583,R0001,2024-01-01,22:00,1122,100,delivered
O008188,C01318,R0091,March 3 2024,,335,76,
O008189,C00477,R0428,,,1433,6,Cancelled
O008190,C02431,R0484,,22:00,1987,16,
O008191,C02604,R0433,2024-01-01,,597,97,delivered
O008192,C01716,R0007,,22:00,1412,115,delivered
O008193,C01675,R0120,,13:00,691,118,delivered
O008194,C00334,R0387,01-02-2024,18:00,1172,13,Delivered
O008195,C01272,R0350,March 3 2024,13:00,952,-3,Cancelled
O008196,C01265,R0129,March 3 2024,13:00,1984,19,Delivered
O008197,C02946,R0179,March 3 2024,13:00,1581,115,delivered
O008198,C00931,R0098,01-02-2024,22:00,1936,7,delivered
O008199,C00685,R0422,March 3 2024,20:00,1864,66,delivered
O008200,C00561,R0043,March 3 2024,12:00,321,111,Delivered
O008201,C00123,R0183,2024-01-01,12:00,858,115,
O008202,C01059,R0185,2024-01-01,18:00,1256,100,Cancelled
O008203,C02666,R0053,March 3 2024,18:00,1583,72,
O008204,C02751,R0228,01-02-2024,22:00,1376,113,
O008205,C00840,R0161,01-02-2024,12:00,1946,87,delivered
O008206,C00416,R0235,01-02-2024,20:00,494,42,Delivered
O008207,C00708,R0464,,22:00,1072,84,
O008208,C02685,R0446,,18:00,1248,111,Delivered
O008209,C00347,R0358,01-02-2024,22:00,127,95,Delivered
O008210,C02085,R0395,2024-01-01,18:00,-96,60,Delivered
O008211,C01724,R0200,,12:00,51,93,Cancelled
O008212,C02560,R0436,01-02-2024,22:00,56,104,
O008213,C00849,R0001,,13:00,904,110,delivered
O008214,C00535,R0014,,,780,43,delivered
O008215,C02958,R0478,,18:00,882,87,Cancelled
O008216,C02821,R0213,,13:00,894,38,
O008217,C01730,R0378,01-02-2024,18:00,1636,93,delivered
O008218,C01902,R0277,,13:00,1522,101,Delivered
O008219,C00664,R0034,March 3 2024,12:00,1853,22,delivered
O008220,C01042,R0486,01-02-2024,12:00,512,87,
O008221,C00027,R0474,01-02-2024,20:00,1891,111,Delivered
O008222,C02584,R0361,01-02-2024,20:00,1825,-9,Cancelled
O008223,C01053,R0270,,20:00,1506,54,delivered
O008224,C01675,R0168,01-02-2024,22:00,72,24,delivered
O008225,C02706,R0378,2024-01-01,18:00,1092,57,Cancelled
O008226,C01659,R0419,March 3 2024,22:00,1026,24,
O008227,C00640,R0170,2024-01-01,20:00,127,61,Delivered
O008228,C01742,R0082,March 3 2024,18:00,1886,18,delivered
O008229,C00042,R0404,March 3 2024,22:00,1134,67,
O008230,C01715,R0316,,12:00,1032,31,Delivered
O008231,C02261,R0137,March 3 2024,18:00,420,102,delivered
O008232,C01987,R0233,March 3 2024,20:00,325,83,
O008233,C02884,R0115,2024-01-01,12:00,242,103,
O008234,C00702,R0252,March 3 2024,18:00,270,-4,Cancelled
O008235,C01455,R0493,01-02-2024,22:00,121,11,delivered
O008236,C02128,R0289,01-02-2024,,539,46,Delivered
O008237,C01390,R0049,March 3 2024,,1435,-9,delivered
O008238,C01252,R0452,01-02-2024,20:00,1258,46,Cancelled
O008239,C02950,R0004,,22:00,930,107,Delivered
O008240,C02472,R0379,01-02-2024,12:00,636,73,
O008241,C01997,R0176,,12:00,1312,64,Cancelled
O008242,C00919,R0272,March 3 2024,12:00,1039,23,Delivered
O008243,C02564,R0431,,18:00,637,33,Delivered
O008244,C00165,R0026,,20:00,464,58,delivered
O008245,C01450,R0070,March 3 2024,,926,42,
O008246,C00716,R0293,March 3 2024,12:00,1753,83,Cancelled
O008247,C02770,R0406,,22:00,443,22,
O008248,C02941,R0234,2024-01-01,20:00,1003,65,Cancelled
O008249,C01066,R0231,March 3 2024,,748,58,delivered
O008250,C01821,R0263,March 3 2024,22:00,295,118,Delivered
O008251,C02789,R0426,2024-01-01,22:00,288,14,delivered
O008252,C02803,R0286,01-02-2024,12:00,1235,62,Cancelled
O008253,C02464,R0074,2024-01-01,20:00,1434,107,
O008254,C00336,R0121,01-02-2024,13:00,-56,102,Delivered
O008255,C01925,R0463,2024-01-01,18:00,1879,104,Cancelled
O008256,C00881,R0006,,13:00,1764,114,Delivered
O008257,C01454,R0024,March 3 2024,18:00,1707,83,Delivered
O008258,C00972,R0194,2024-01-01,20:00,248,116,delivered
O008259,C02733,R0168,March 3 2024,,625,29,Cancelled
O008260,C02789,R0377,01-02-2024,12:00,703,64,
O008261,C00030,R0500,,20:00,1969,4,delivered
O008262,C01541,R0399,March 3 2024,13:00,284,105,delivered
O008263,C00575,R0437,2024-01-01,22:00,944,97,delivered
O008264,C00221,R0341,2024-01-01,18:00,1611,24,Cancelled
O008265,C00827,R0210,,18:00,390,-4,Cancelled
O008266,C02014,R0133,01-02-2024,13:00,1390,27,Delivered
O008267,C02642,R0345,,12:00,1379,53,Delivered
O008268,C01518,R0292,,20:00,1603,46,Delivered
O008269,C00754,R0458,March 3 2024,13:00,120,97,Delivered
O008270,C01277,R0499,01-02-2024,20:00,1912,113,delivered
O008271,C01588,R0174,,12:00,490,72,
O008272,C01021,R0151,March 3 2024,22:00,1421,70,Delivered
O008273,C01489,R0088,March 3 2024,20:00,712,-9,Cancelled
O008274,C01962,R0301,01-02-2024,12:00,42,3,Delivered
O008275,C01863,R0266,01-02-2024,13:00,1749,59,Cancelled
O008276,C02540,R0310,March 3 2024,,-56,65,
O008277,C00438,R0070,01-02-2024,22:00,350,67,delivered
O008278,C00479,R0205,March 3 2024,22:00,1159,2,
O008279,C00783,R0341,01-02-2024,22:00,903,62,
O008280,C02997,R0032,01-02-2024,18:00,581,103,delivered
O008281,C01008,R0043,01-02-2024,,1217,95,Cancelled
O008282,C00072,R0118,2024-01-01,12:00,1896,-1,
O008283,C00582,R0377,01-02-2024,20:00,692,16,delivered
O008284,C00220,R0015,2024-01-01,13:00,1394,3,Cancelled
O008285,C01028,R0322,March 3 2024,22:00,972,-2,Cancelled
O008286,C00290,R0399,,22:00,-84,94,Cancelled
O008287,C00380,R0115,,22:00,48,24,delivered
O008288,C02852,R0337,,12:00,1478,98,Delivered
O008289,C01379,R0020,March 3 2024,13:00,1135,95,delivered
O008290,C02791,R0178,01-02-2024,12:00,1639,110,
O008291,C01959,R0262,2024-01-01,13:00,915,56,delivered
O008292,C02128,R0079,March 3 2024,20:00,616,19,delivered
O008293,C00066,R0381,,18:00,1459,18,
O008294,C02184,R0401,,13:00,1468,73,delivered
O008295,C00399,R0120,,,1886,57,delivered
O008296,C00347,R0026,,12:00,1410,3,
O008297,C01985,R0022,2024-01-01,12:00,379,98,Delivered
O008298,C02107,R0201,,12:00,1611,28,Delivered
O008299,C00778,R0064,2024-01-01,18:00,-57,10,Cancelled
O008300,C02567,R0460,,13:00,774,60,Delivered
O008301,C01904,R0214,March 3 2024,13:00,1623,-5,delivered
O008302,C02762,R0314,2024-01-01,13:00,935,29,
O008303,C01945,R0471,2024-01-01,13:00,255,78,Cancelled
O008304,C00079,R0293,March 3 2024,22:00,373,11,delivered
O008305,C01582,R0078,,22:00,1936,45,Cancelled
O008306,C01779,R0216,,,1739,35,
O008307,C02163,R0456,01-02-2024,12:00,1543,109,delivered
O008308,C00986,R0474,01-02-2024,22:00,1401,79,Cancelled
O008309,C01486,R0224,2024-01-01,13:00,714,105,Cancelled
O008310,C01650,R0377,01-02-2024,13:00,990,93,Delivered
O008311,C02174,R0028,March 3 2024,22:00,300,4,Cancelled
O008312,C01626,R0480,March 3 2024,20:00,1223,99,Delivered
O008313,C02621,R0470,March 3 2024,,-96,13,Delivered
O008314,C00965,R0305,2024-01-01,12:00,1158,69,
O008315,C02548,R0201,March 3 2024,18:00,1934,33,Delivered
O008316,C00829,R0067,2024-01-01,,1770,62,Cancelled
O008317,C02674,R0473,2024-01-01,12:00,1945,99,Delivered
O008318,C01198,R0359,March 3 2024,12:00,1986,69,Delivered
O008319,C02500,R0126,March 3 2024,12:00,99,104,Cancelled
O008320,C01719,R0460,2024-01-01,,1605,14,
O008321,C02433,R0349,March 3 2024,,1968,12,
O008322,C01229,R0195,01-02-2024,22:00,524,26,Cancelled
O008323,C02411,R0425,2024-01-01,12:00,1025,-8,delivered
O008324,C01841,R0174,,13:00,1551,49,delivered
O008325,C00498,R0087,2024-01-01,12:00,591,48,Cancelled
O008326,C00537,R0343,March 3 2024,13:00,713,22,Delivered
O008327,C02064,R0311,March 3 2024,22:00,1527,28,Cancelled
O008328,C00892,R0466,2024-01-01,22:00,420,52,Cancelled
O008329,C01165,R0395,2024-01-01,12:00,1971,78,delivered
O008330,C01972,R0484,,,195,92,delivered
O008331,C02668,R0154,,13:00,1054,74,Cancelled
O008332,C00300,R0456,2024-01-01,13:00,432,38,Delivered
O008333,C02387,R0476,March 3 2024,13:00,931,92,
O008334,C00303,R0210,2024-01-01,13:00,787,98,Cancelled
O008335,C00592,R0013,01-02-2024,18:00,1329,60,Cancelled
O008336,C00076,R0164,01-02-2024,22:00,1946,80,
O008337,C00914,R0490,March 3 2024,13:00,422,66,delivered
O008338,C00780,R0488,2024-01-01,18:00,734,76,Delivered
O008339,C00921,R0255,2024-01-01,18:00,1277,-3,delivered
O008340,C01524,R0384,01-02-2024,22:00,410,2,
O008341,C01750,R0492,2024-01-01,20:00,111,15,
O008342,C02036,R0064,March 3 2024,12:00,826,80,
O008343,C02414,R0307,March 3 2024,22:00,244,45,
O008344,C02701,R0076,,20:00,235,95,Delivered
O008345,C01006,R0022,March 3 2024,,1263,20,Cancelled
O008346,C01702,R0060,2024-01-01,12:00,1797,6,Cancelled
O008347,C02444,R0386,2024-01-01,12:00,1807,26,
O008348,C00804,R0056,01-02-2024,12:00,1601,114,Delivered
O008349,C01052,R0168,01-02-2024,18:00,504,36,
O008350,C02893,R0412,March 3 2024,13:00,195,40,Delivered
O008351,C00872,R0205,,12:00,287,103,Cancelled
O008352,C00115,R0353,2024-01-01,13:00,1725,47,Delivered
O008353,C00373,R0259,,12:00,1396,33,Cancelled
O008354,C00850,R0191,2024-01-01,18:00,1467,87,Delivered
O008355,C02138,R0482,March 3 2024,,1837,0,delivered
O008356,C00757,R0407,March 3 2024,12:00,1254,1,Delivered
O008357,C01322,R0055,01-02-2024,22:00,1875,43,
O008358,C00031,R0416,,20:00,-64,23,delivered
O008359,C01853,R0340,01-02-2024,12:00,82,89,delivered
O008360,C02406,R0284,March 3 2024,20:00,1445,11,delivered
O008361,C02518,R0380,,20:00,-31,-6,delivered
O008362,C01806,R0264,2024-01-01,18:00,136,9,delivered
O008363,C02318,R0259,01-02-2024,,363,107,delivered
O008364,C01437,R0350,March 3 2024,20:00,1041,38,delivered
O008365,C02257,R0089,2024-01-01,18:00,90,108,Delivered
O008366,C00690,R0437,March 3 2024,,829,-4,
O008367,C01215,R0222,2024-01-01,12:00,1786,69,Delivered
O008368,C00457,R0413,01-02-2024,13:00,1814,-1,delivered
O008369,C00449,R0495,2024-01-01,18:00,216,96,delivered
O008370,C00068,R0350,,20:00,617,13,delivered
O008371,C01863,R0482,2024-01-01,20:00,557,77,Delivered
O008372,C01803,R0089,March 3 2024,12:00,1112,44,
O008373,C01806,R0465,2024-01-01,18:00,657,87,
O008374,C00874,R0059,01-02-2024,12:00,1340,14,Delivered
O008375,C00467,R0152,March 3 2024,18:00,1883,18,Cancelled
O008376,C00128,R0422,March 3 2024,13:00,1985,53,Cancelled
O008377,C01800,R0028,March 3 2024,22:00,1376,118,
O008378,C00733,R0225,March 3 2024,12:00,1130,113,Cancelled
O008379,C01268,R0318,,20:00,1873,98,Delivered
O008380,C01929,R0484,March 3 2024,12:00,1283,15,
O008381,C01043,R0051,March 3 2024,18:00,1912,74,
O008382,C01420,R0263,March 3 2024,12:00,929,39,Delivered
O008383,C00368,R0279,01-02-2024,13:00,897,89,Delivered
O008384,C02106,R0046,01-02-2024,18:00,1396,69,Delivered
O008385,C02605,R0474,March 3 2024,,1527,18,delivered
O008386,C02096,R0334,,20:00,-18,51,Cancelled
O008387,C02610,R0106,2024-01-01,20:00,1300,60,Cancelled
O008388,C02641,R0284,,18:00,558,116,
O008389,C00812,R0024,March 3 2024,,1211,23,Cancelled
O008390,C00059,R0007,March 3 2024,13:00,954,106,
O008391,C00161,R0368,,12:00,1237,-3,
O008392,C00103,R0484,March 3 2024,22:00,1814,32,delivered
O008393,C00846,R0487,2024-01-01,20:00,1476,63,
O008394,C00412,R0335,01-02-2024,13:00,842,-10,delivered
O008395,C00786,R0433,2024-01-01,13:00,593,27,Cancelled
O008396,C00183,R0003,2024-01-01,13:00,131,-4,delivered
O008397,C02465,R0496,2024-01-01,12:00,1044,70,Delivered
O008398,C02047,R0258,,13:00,1752,13,delivered
O008399,C02447,R0263,,13:00,287,24,
O008400,C00957,R0121,2024-01-01,18:00,1850,31,Cancelled
O008401,C02827,R0208,,18:00,763,33,
O008402,C02703,R0021,March 3 2024,13:00,1149,-7,Cancelled
O008403,C00437,R0393,01-02-2024,13:00,1547,97,
O008404,C02366,R0140,,18:00,1118,108,delivered
O008405,C01840,R0477,,12:00,708,66,
O008406,C00606,R0280,2024-01-01,18:00,949,13,Delivered
O008407,C02959,R0289,01-02-2024,18:00,1887,60,Delivered
O008408,C01471,R0206,March 3 2024,18:00,436,112,Cancelled
O008409,C00497,R0043,March 3 2024,18:00,610,80,Cancelled
O008410,C01367,R0338,01-02-2024,22:00,1187,83,delivered
O008411,C02475,R0118,March 3 2024,20:00,1438,62,
O008412,C02866,R0005,01-02-2024,12:00,1394,92,Delivered
O008413,C01852,R0207,2024-01-01,,267,92,delivered
O008414,C01023,R0123,March 3 2024,12:00,311,74,Cancelled
O008415,C02288,R0327,March 3 2024,13:00,253,91,delivered
O008416,C02845,R0345,01-02-2024,22:00,1465,34,Cancelled
O008417,C02251,R0142,March 3 2024,13:00,1482,78,Cancelled
O008418,C01773,R0372,,12:00,1238,59,delivered
O008419,C01490,R0232,2024-01-01,12:00,681,38,
O008420,C01320,R0164,March 3 2024,,228,108,delivered
O008421,C02335,R0035,March 3 2024,,1393,73,Cancelled
O008422,C02121,R0364,March 3 2024,13:00,1386,29,Delivered
O008423,C02774,R0434,01-02-2024,20:00,637,7,
O008424,C00337,R0472,2024-01-01,13:00,1171,36,
O008425,C00203,R0335,2024-01-01,20:00,1094,-10,Delivered
O008426,C00231,R0011,March 3 2024,20:00,647,28,
O008427,C02952,R0408,March 3 2024,18:00,1694,101,Cancelled
O008428,C02692,R0075,01-02-2024,12:00,1202,12,delivered
O008429,C02963,R0300,2024-01-01,18:00,42,3,Cancelled
O008430,C02328,R0435,,12:00,875,26,
O008431,C00809,R0401,March 3 2024,18:00,-30,60,Delivered
O008432,C01329,R0381,,20:00,1852,65,
O008433,C00466,R0198,,18:00,537,112,Cancelled
O008434,C02785,R0341,2024-01-01,22:00,366,-4,
O008435,C01198,R0264,,18:00,-60,98,
O008436,C00804,R0335,March 3 2024,,670,110,Cancelled
O008437,C00266,R0374,March 3 2024,,1067,3,
O008438,C02295,R0500,01-02-2024,18:00,1606,44,Cancelled
O008439,C02126,R0224,2024-01-01,18:00,178,46,Delivered
O008440,C01671,R0122,2024-01-01,22:00,-43,-7,
O008441,C02902,R0074,,12:00,67,38,Delivered
O008442,C02301,R0028,March 3 2024,18:00,1553,70,delivered
O008443,C02523,R0463,March 3 2024,12:00,-19,24,
O008444,C00176,R0396,01-02-2024,,1793,99,delivered
O008445,C01445,R0171,,13:00,33,91,Delivered
O008446,C02370,R0466,March 3 2024,20:00,1408,110,Delivered
O008447,C01596,R0376,2024-01-01,13:00,969,-1,Cancelled
O008448,C00254,R0421,01-02-2024,22:00,161,102,delivered
O008449,C01544,R0364,2024-01-01,22:00,1839,-9,delivered
O008450,C00903,R0383,01-02-2024,12:00,-82,52,Cancelled
O008451,C02155,R0216,2024-01-01,12:00,476,109,delivered
O008452,C01195,R0319,,18:00,1935,5,Delivered
O008453,C02106,R0101,March 3 2024,13:00,568,7,Delivered
O008454,C01361,R0246,2024-01-01,12:00,1588,31,Delivered
O008455,C02990,R0093,,,1170,113,Delivered
O008456,C00084,R0063,2024-01-01,12:00,1634,39,
O008457,C01141,R0266,,,1225,-8,Cancelled
O008458,C00712,R0206,01-02-2024,12:00,1963,61,
O008459,C01558,R0080,,20:00,519,105,
O008460,C01762,R0037,2024-01-01,12:00,1799,114,delivered
O008461,C01941,R0011,March 3 2024,20:00,901,116,Cancelled
O008462,C01807,R0115,01-02-2024,22:00,340,-6,
O008463,C00901,R0090,01-02-2024,18:00,480,73,
O008464,C00657,R0232,,13:00,275,12,Cancelled
O008465,C02504,R0019,2024-01-01,12:00,1885,62,Delivered
O008466,C00659,R0052,,20:00,1381,86,Cancelled
O008467,C02821,R0374,01-02-2024,12:00,1707,63,Cancelled
O008468,C02839,R0274,March 3 2024,12:00,628,16,Cancelled
O008469,C00851,R0094,,20:00,1793,51,Delivered
O008470,C02574,R0032,2024-01-01,12:00,79,-4,Cancelled
O008471,C02314,R0151,,13:00,1868,-1,Delivered
O008472,C00141,R0140,,,1659,16,
O008473,C02943,R0058,,,1378,57,
O008474,C02454,R0461,March 3 2024,,891,37,Delivered
O008475,C02341,R0021,2024-01-01,,1797,96,delivered
O008476,C01930,R0149,2024-01-01,22:00,1363,56,Cancelled
O008477,C01055,R0221,01-02-2024,18:00,1812,78,
O008478,C02403,R0221,01-02-2024,12:00,1882,60,
O008479,C02253,R0242,,20:00,1079,35,Delivered
O008480,C01502,R0219,01-02-2024,13:00,1382,87,delivered
O008481,C00355,R0029,2024-01-01,12:00,1594,81,delivered
O008482,C02339,R0463,,22:00,335,0,delivered
O008483,C00111,R0047,01-02-2024,22:00,1637,21,Delivered
O008484,C01092,R0396,March 3 2024,20:00,1501,61,Delivered
O008485,C01719,R0058,01-02-2024,12:00,-55,115,Cancelled
O008486,C02421,R0425,March 3 2024,,1695,2,
O008487,C00196,R0275,01-02-2024,12:00,1841,111,
O008488,C00126,R0140,2024-01-01,12:00,1864,87,Delivered
O008489,C00262,R0023,01-02-2024,22:00,143,86,
O008490,C02935,R0389,March 3 2024,12:00,55,45,Cancelled
O008491,C00924,R0378,March 3 2024,,861,113,Delivered
O008492,C01822,R0410,01-02-2024,12:00,844,35,
O008493,C02203,R0373,,12:00,1178,106,delivered
O008494,C01605,R0063,March 3 2024,12:00,1285,94,Delivered
O008495,C00108,R0052,2024-01-01,,1636,86,
O008496,C02083,R0266,01-02-2024,,1862,44,
O008497,C00655,R0342,March 3 2024,20:00,52,43,Cancelled
O008498,C02771,R0167,01-02-2024,22:00,1363,114,Cancelled
O008499,C02014,R0151,01-02-2024,18:00,139,54,delivered
O008500,C00998,R0011,,20:00,330,40,delivered
O008501,C02464,R0476,01-02-2024,,399,117,delivered
O008502,C02983,R0095,01-02-2024,12:00,196,80,Cancelled
O008503,C00285,R0072,01-02-2024,18:00,982,21,
O008504,C01471,R0384,2024-01-01,13:00,1329,92,Delivered
O008505,C02566,R0487,01-02-2024,18:00,426,46,Delivered
O008506,C00027,R0048,2024-01-01,20:00,1655,18,Cancelled
O008507,C02275,R0348,01-02-2024,22:00,1708,76,Cancelled
O008508,C01592,R0272,,20:00,1110,111,Cancelled
O008509,C01392,R0430,,22:00,948,68,Cancelled
O008510,C00848,R0431,March 3 2024,22:00,198,96,Delivered
O008511,C01129,R0500,01-02-2024,,472,41,delivered
O008512,C00018,R0095,,22:00,1054,78,Delivered
O008513,C02091,R0233,,13:00,1684,20,Cancelled
O008514,C02137,R0048,01-02-2024,18:00,575,73,delivered
O008515,C02634,R0208,March 3 2024,20:00,951,28,Delivered
O008516,C00157,R0453,2024-01-01,20:00,1303,45,Cancelled
O008517,C01290,R0227,,22:00,328,36,Cancelled
O008518,C02182,R0409,,,397,-5,
O008519,C02512,R0077,2024-01-01,13:00,750,98,
O008520,C01625,R0349,,13:00,958,24,Cancelled
O008521,C01772,R0219,2024-01-01,12:00,843,60,Delivered
O008522,C01156,R0360,2024-01-01,13:00,1681,26,
O008523,C02789,R0081,March 3 2024,22:00,825,112,Delivered
O008524,C01058,R0037,2024-01-01,22:00,388,-2,Delivered
O008525,C02131,R0102,2024-01-01,18:00,303,64,
O008526,C02977,R0191,2024-01-01,22:00,673,49,Cancelled
O008527,C01156,R0029,2024-01-01,18:00,1146,40,
O008528,C02914,R0314,,13:00,302,35,Delivered
O008529,C00204,R0253,2024-01-01,12:00,1701,60,delivered
O008530,C01823,R0251,,,83,53,
O008531,C01360,R0226,01-02-2024,20:00,794,104,delivered
O008532,C00962,R0094,01-02-2024,22:00,1492,10,Cancelled
O008533,C02545,R0415,2024-01-01,13:00,1416,-6,
O008534,C00442,R0086,March 3 2024,22:00,-40,-5,delivered
O008535,C02876,R0110,March 3 2024,18:00,1608,32,Cancelled
O008536,C01316,R0217,,13:00,889,15,Delivered
O008537,C01149,R0196,,20:00,1847,82,Cancelled
O008538,C01687,R0483,01-02-2024,18:00,45,43,Cancelled
O008539,C00871,R0297,,13:00,1449,117,Delivered
O008540,C01199,R0434,March 3 2024,,82,14,Cancelled
O008541,C01908,R0044,01-02-2024,,214,54,
O008542,C01516,R0393,2024-01-01,20:00,558,-7,Cancelled
O008543,C02917,R0443,,,895,116,delivered
O008544,C00080,R0090,2024-01-01,18:00,551,98,Cancelled
O008545,C02860,R0475,,20:00,1583,5,delivered
O008546,C02963,R0155,March 3 2024,13:00,792,91,Cancelled
O008547,C01329,R0466,,18:00,1983,102,
O008548,C01368,R0478,March 3 2024,,1902,63,Delivered
O008549,C00570,R0109,March 3 2024,12:00,964,42,Delivered
O008550,C01115,R0059,2024-01-01,22:00,68,107,delivered
O008551,C02910,R0110,,,70,52,Cancelled
O008552,C02217,R0479,2024-01-01,12:00,638,34,Cancelled
O008553,C02284,R0106,March 3 2024,20:00,1217,51,
O008554,C00399,R0387,March 3 2024,13:00,1187,70,Cancelled
O008555,C02636,R0221,March 3 2024,22:00,1885,62,delivered
O008556,C00821,R0263,March 3 2024,13:00,47,5,delivered
O008557,C02525,R0082,01-02-2024,20:00,340,86,
O008558,C00845,R0272,March 3 2024,13:00,261,93,delivered
O008559,C02633,R0049,,18:00,557,53,delivered
O008560,C02663,R0377,March 3 2024,18:00,7,59,
O008561,C02654,R0032,01-02-2024,,1138,119,delivered
O008562,C00769,R0486,,,475,70,delivered
O008563,C02826,R0089,01-02-2024,,199,84,Delivered
O008564,C01277,R0428,01-02-2024,,1792,112,
O008565,C00358,R0480,,20:00,1285,27,Delivered
O008566,C01423,R0019,01-02-2024,13:00,123,31,Cancelled
O008567,C00521,R0003,March 3 2024,,1297,98,
O008568,C02573,R0378,2024-01-01,20:00,1031,70,Cancelled
O008569,C00393,R0060,2024-01-01,22:00,1274,-4,delivered
O008570,C01667,R0419,2024-01-01,,1315,45,Delivered
O008571,C01396,R0242,,13:00,1758,50,delivered
O008572,C02201,R0029,,18:00,140,54,Delivered
O008573,C00893,R0075,,12:00,1599,82,Delivered
O008574,C00984,R0070,2024-01-01,18:00,1962,74,Delivered
O008575,C02528,R0083,2024-01-01,13:00,564,14,Delivered
O008576,C00583,R0357,,13:00,395,-5,delivered
O008577,C01956,R0173,2024-01-01,13:00,1364,-3,delivered
O008578,C02905,R0411,01-02-2024,13:00,449,42,delivered
O008579,C00020,R0197,01-02-2024,,1984,8,Delivered
O008580,C02641,R0346,2024-01-01,22:00,1707,-2,Cancelled
O008581,C01974,R0419,,12:00,1098,-3,delivered
O008582,C02276,R0147,March 3 2024,,335,27,delivered
O008583,C00019,R0273,March 3 2024,18:00,200,12,
O008584,C02492,R0035,2024-01-01,22:00,1597,76,Cancelled
O008585,C02416,R0495,March 3 2024,20:00,1262,118,delivered
O008586,C02947,R0113,,13:00,946,-4,delivered
O008587,C01643,R0461,01-02-2024,18:00,989,96,
O008588,C00889,R0206,01-02-2024,20:00,1318,101,Delivered
O008589,C01884,R0158,,12:00,469,13,Cancelled
O008590,C00726,R0253,March 3 2024,18:00,-72,119,Cancelled
O008591,C00147,R0122,2024-01-01,22:00,540,72,
O008592,C01717,R0048,01-02-2024,,14,95,Cancelled
O008593,C01528,R0185,March 3 2024,20:00,1001,89,delivered
O008594,C02478,R0491,March 3 2024,18:00,579,45,Cancelled
O008595,C00848,R0273,01-02-2024,,-20,81,
O008596,C01464,R0101,01-02-2024,,1885,21,Delivered
O008597,C02246,R0015,2024-01-01,,620,66,
O008598,C00716,R0128,,22:00,-29,59,Cancelled
O008599,C01311,R0210,March 3 2024,13:00,1929,82,
O008600,C00565,R0112,2024-01-01,18:00,373,-1,
O008601,C00369,R0270,01-02-2024,,920,112,Cancelled
O008602,C01264,R0142,,13:00,70,63,Delivered
O008603,C02850,R0173,,,1987,23,delivered
O008604,C01311,R0353,March 3 2024,20:00,1779,73,
O008605,C02748,R0166,,20:00,1145,100,Delivered
O008606,C00164,R0447,01-02-2024,20:00,697,22,Delivered
O008607,C02566,R0119,01-02-2024,13:00,1351,77,
O008608,C01819,R0203,01-02-2024,13:00,1823,86,Cancelled
O008609,C02823,R0011,2024-01-01,,1371,46,Cancelled
O008610,C02609,R0249,01-02-2024,22:00,544,21,
O008611,C01888,R0304,2024-01-01,18:00,221,114,Cancelled
O008612,C00060,R0248,01-02-2024,22:00,968,97,Cancelled
O008613,C00545,R0154,01-02-2024,13:00,223,-9,Delivered
O008614,C02351,R0323,,18:00,1142,48,delivered
O008615,C01268,R0025,March 3 2024,20:00,1994,22,delivered
O008616,C01708,R0465,01-02-2024,22:00,544,85,Cancelled
O008617,C01231,R0445,,22:00,1611,94,Cancelled
O008618,C02331,R0342,,22:00,740,3,
O008619,C02526,R0221,March 3 2024,13:00,202,48,Cancelled
O008620,C01046,R0110,,18:00,1846,4,
O008621,C00559,R0410,,20:00,671,18,delivered
O008622,C02397,R0418,March 3 2024,13:00,883,101,Delivered
O008623,C01513,R0090,2024-01-01,20:00,763,98,
O008624,C01968,R0265,March 3 2024,12:00,235,112,Delivered
O008625,C00670,R0040,March 3 2024,12:00,1778,36,delivered
O008626,C00258,R0459,01-02-2024,20:00,1752,47,Delivered
O008627,C02703,R0263,01-02-2024,12:00,559,82,delivered
O008628,C01071,R0158,2024-01-01,18:00,1900,74,Delivered
O008629,C01051,R0118,March 3 2024,18:00,511,42,Delivered
O008630,C01051,R0450,March 3 2024,13:00,1042,75,Cancelled
O008631,C02005,R0256,2024-01-01,20:00,803,53,delivered
O008632,C00145,R0414,01-02-2024,13:00,936,71,
O008633,C02635,R0196,March 3 2024,18:00,868,-9,delivered
O008634,C02570,R0314,2024-01-01,18:00,1856,49,Cancelled
O008635,C00801,R0311,01-02-2024,18:00,649,73,
O008636,C01486,R0014,,22:00,1199,37,Cancelled
O008637,C02430,R0461,2024-01-01,12:00,203,107,delivered
O008638,C02824,R0118,2024-01-01,13:00,1760,15,delivered
O008639,C00673,R0217,March 3 2024,13:00,-65,73,Cancelled
O008640,C00327,R0205,,18:00,321,9,
O008641,C01415,R0077,01-02-2024,22:00,1425,82,delivered
O008642,C00630,R0421,,13:00,527,37,Cancelled
O008643,C02020,R0380,March 3 2024,,1333,110,delivered
O008644,C02132,R0172,March 3 2024,13:00,362,84,Cancelled
O008645,C02194,R0390,01-02-2024,22:00,-20,50,delivered
O008646,C02029,R0026,01-02-2024,18:00,1402,50,delivered
O008647,C01195,R0128,01-02-2024,22:00,1309,69,Delivered
O008648,C02025,R0374,March 3 2024,12:00,319,8,
O008649,C01358,R0142,01-02-2024,13:00,1982,2,delivered
O008650,C02472,R0392,01-02-2024,12:00,694,119,
O008651,C01550,R0024,01-02-2024,13:00,1630,64,Cancelled
O008652,C02709,R0470,2024-01-01,12:00,83,-10,Delivered
O008653,C02811,R0232,01-02-2024,13:00,457,-8,Cancelled
O008654,C00569,R0423,March 3 2024,,1071,-3,
O008655,C02395,R0177,2024-01-01,18:00,1942,69,Cancelled
O008656,C01946,R0341,March 3 2024,,1187,96,Cancelled
O008657,C00347,R0235,,20:00,739,29,Cancelled
O008658,C00408,R0319,2024-01-01,22:00,1782,108,
O008659,C00133,R0026,01-02-2024,13:00,181,-3,delivered
O008660,C00614,R0266,2024-01-01,22:00,514,63,Cancelled
O008661,C02751,R0461,March 3 2024,13:00,473,16,
O008662,C00106,R0362,2024-01-01,20:00,316,84,Delivered
O008663,C02219,R0117,,18:00,216,-5,Delivered
O008664,C02688,R0058,01-02-2024,18:00,991,-1,
O008665,C00262,R0270,01-02-2024,22:00,882,18,Cancelled
O008666,C00494,R0329,,,1403,68,delivered
O008667,C01475,R0455,March 3 2024,20:00,576,55,Delivered
O008668,C02951,R0295,2024-01-01,22:00,1024,1,delivered
O008669,C00290,R0122,March 3 2024,18:00,1013,2,
O008670,C01869,R0159,March 3 2024,12:00,1872,97,Delivered
O008671,C01338,R0178,March 3 2024,22:00,26,91,Cancelled
O008672,C02133,R0144,01-02-2024,13:00,518,80,Delivered
O008673,C01439,R0328,2024-01-01,18:00,733,51,Cancelled
O008674,C01353,R0368,01-02-2024,13:00,1322,-2,delivered
O008675,C00045,R0307,01-02-2024,20:00,655,114,Delivered
O008676,C00815,R0399,01-02-2024,,675,8,
O008677,C02381,R0089,2024-01-01,,1536,79,Delivered
O008678,C00465,R0239,,18:00,-28,76,Cancelled
O008679,C00200,R0038,01-02-2024,18:00,278,7,delivered
O008680,C00329,R0361,01-02-2024,,391,93,
O008681,C02288,R0079,01-02-2024,22:00,583,115,Cancelled
O008682,C01908,R0345,2024-01-01,,1875,38,Cancelled
O008683,C00798,R0327,2024-01-01,,203,91,
O008684,C00702,R0346,March 3 2024,22:00,1852,63,
O008685,C02631,R0252,01-02-2024,13:00,1869,74,delivered
O008686,C02705,R0328,01-02-2024,22:00,1160,27,Cancelled
O008687,C02022,R0466,2024-01-01,12:00,930,1,Cancelled
O008688,C01925,R0149,2024-01-01,18:00,1630,41,delivered
O008689,C02769,R0016,01-02-2024,,155,94,Delivered
O008690,C02408,R0367,,20:00,1094,81,
O008691,C01402,R0323,March 3 2024,18:00,133,13,delivered
O008692,C02433,R0321,March 3 2024,,1618,20,
O008693,C02847,R0269,01-02-2024,13:00,392,71,delivered
O008694,C02413,R0118,March 3 2024,,1914,12,delivered
O008695,C02120,R0192,March 3 2024,22:00,128,60,Cancelled
O008696,C02552,R0317,01-02-2024,18:00,244,61,
O008697,C01438,R0288,March 3 2024,22:00,1690,107,delivered
O008698,C00127,R0396,2024-01-01,,164,27,Cancelled
O008699,C01511,R0351,01-02-2024,13:00,643,80,delivered
O008700,C01621,R0297,2024-01-01,22:00,1572,116,
O008701,C00482,R0194,01-02-2024,20:00,328,10,delivered
O008702,C01336,R0489,2024-01-01,,1156,16,Cancelled
O008703,C00283,R0392,March 3 2024,13:00,353,45,Cancelled
O008704,C02122,R0443,,18:00,248,114,Delivered
O008705,C02821,R0281,2024-01-01,18:00,321,95,
O008706,C02395,R0389,2024-01-01,20:00,585,10,Delivered
O008707,C02045,R0301,,12:00,481,3,Cancelled
O008708,C02372,R0386,,22:00,1156,96,Delivered
O008709,C00239,R0426,2024-01-01,,62,59,
O008710,C01421,R0250,2024-01-01,18:00,929,17,Cancelled
O008711,C02385,R0422,2024-01-01,,1224,102,Delivered
O008712,C00341,R0231,01-02-2024,20:00,1781,91,Delivered
O008713,C02994,R0003,2024-01-01,22:00,0,56,Cancelled
O008714,C00892,R0174,2024-01-01,13:00,315,113,delivered
O008715,C01487,R0240,,,863,22,Cancelled
O008716,C00462,R0486,,20:00,1283,1,Delivered
O008717,C01317,R0406,01-02-2024,13:00,1054,92,
O008718,C00798,R0104,01-02-2024,13:00,943,1,Delivered
O008719,C00733,R0289,March 3 2024,13:00,1646,8,Cancelled
O008720,C00162,R0244,2024-01-01,22:00,295,84,Delivered
O008721,C02496,R0288,2024-01-01,12:00,1368,48,Cancelled
O008722,C01479,R0367,,,247,106,Delivered
O008723,C02313,R0273,March 3 2024,13:00,1188,2,Delivered
O008724,C01010,R0120,2024-01-01,18:00,664,8,delivered
O008725,C00132,R0338,March 3 2024,22:00,-57,2,Cancelled
O008726,C01858,R0440,01-02-2024,22:00,-26,73,delivered
O008727,C02168,R0259,2024-01-01,13:00,-48,33,delivered
O008728,C01916,R0070,2024-01-01,18:00,-63,65,Delivered
O008729,C01243,R0433,01-02-2024,20:00,665,98,Cancelled
O008730,C00672,R0183,2024-01-01,22:00,610,70,
O008731,C00505,R0461,01-02-2024,13:00,647,110,Delivered
O008732,C02157,R0247,01-02-2024,,1392,41,Cancelled
O008733,C01262,R0118,March 3 2024,13:00,978,92,delivered
O008734,C00293,R0031,,,15,106,Delivered
O008735,C02011,R0465,,,178,79,
O008736,C02751,R0149,01-02-2024,12:00,353,72,Delivered
O008737,C00828,R0016,March 3 2024,12:00,507,2,delivered
O008738,C00187,R0273,01-02-2024,20:00,972,109,delivered
O008739,C01060,R0352,March 3 2024,20:00,268,84,Cancelled
O008740,C02304,R0385,March 3 2024,,269,58,
O008741,C01459,R0368,,20:00,200,-6,Delivered
O008742,C01643,R0102,,20:00,616,60,delivered
O008743,C01032,R0072,March 3 2024,13:00,1846,93,Cancelled
O008744,C02796,R0193,,13:00,870,45,
O008745,C01202,R0322,March 3 2024,13:00,1275,40,
O008746,C02089,R0111,2024-01-01,18:00,94,45,Cancelled
O008747,C02805,R0293,01-02-2024,,1228,23,delivered
O008748,C02161,R0408,,20:00,157,89,
O008749,C02816,R0347,01-02-2024,18:00,1879,42,Delivered
O008750,C00854,R0340,,22:00,1373,-8,delivered
O008751,C02126,R0367,01-02-2024,,1794,63,delivered
O008752,C00719,R0318,01-02-2024,22:00,1495,96,Cancelled
O008753,C01847,R0277,,13:00,1457,88,
O008754,C00878,R0106,,22:00,1780,26,Cancelled
O008755,C00402,R0037,,13:00,686,34,
O008756,C02881,R0291,,,428,-8,Cancelled
O008757,C00064,R0422,March 3 2024,,397,9,delivered
O008758,C02700,R0181,,20:00,1710,50,Cancelled
O008759,C02934,R0143,,18:00,1413,63,delivered
O008760,C01449,R0114,,13:00,219,46,delivered
O008761,C00373,R0238,2024-01-01,12:00,513,59,Cancelled
O008762,C00306,R0426,01-02-2024,12:00,529,100,
O008763,C02257,R0094,,20:00,1345,79,delivered
O008764,C02515,R0260,,18:00,144,119,Cancelled
O008765,C00932,R0107,01-02-2024,13:00,769,38,delivered
O008766,C01991,R0244,01-02-2024,20:00,1359,83,delivered
O008767,C01416,R0423,March 3 2024,18:00,-87,98,Cancelled
O008768,C02695,R0335,01-02-2024,12:00,570,49,delivered
O008769,C00362,R0023,01-02-2024,13:00,540,87,delivered
O008770,C01288,R0361,2024-01-01,18:00,585,70,Cancelled
O008771,C02769,R0271,March 3 2024,22:00,831,31,Delivered
O008772,C00716,R0474,2024-01-01,13:00,1609,62,Cancelled
O008773,C01646,R0140,01-02-2024,22:00,1874,16,
O008774,C00543,R0466,,,831,70,Delivered
O008775,C01548,R0454,March 3 2024,,911,6,delivered
O008776,C01663,R0384,01-02-2024,,1284,102,
O008777,C02242,R0082,01-02-2024,20:00,-58,119,Delivered
O008778,C00652,R0377,,18:00,810,4,Cancelled
O008779,C01051,R0498,,,1217,107,delivered
O008780,C01070,R0438,,18:00,1268,62,Delivered
O008781,C00647,R0344,March 3 2024,18:00,919,3,Cancelled
O008782,C01853,R0422,2024-01-01,18:00,466,-3,Delivered
O008783,C00123,R0156,March 3 2024,13:00,1365,65,Cancelled
O008784,C01082,R0335,,22:00,6,56,
O008785,C00949,R0019,March 3 2024,22:00,1236,-8,
O008786,C00961,R0069,,20:00,1107,113,delivered
O008787,C02097,R0448,2024-01-01,,-52,3,Cancelled
O008788,C00803,R0132,March 3 2024,20:00,152,119,Delivered
O008789,C02655,R0256,2024-01-01,18:00,1300,91,delivered
O008790,C01681,R0209,2024-01-01,12:00,1468,105,delivered
O008791,C01608,R0010,,12:00,1455,35,Cancelled
O008792,C01403,R0140,March 3 2024,18:00,640,20,
O008793,C02058,R0453,March 3 2024,,599,80,delivered
O008794,C02722,R0135,2024-01-01,22:00,602,24,Delivered
O008795,C00726,R0255,,20:00,1107,51,delivered
O008796,C02564,R0300,2024-01-01,13:00,192,54,Cancelled
O008797,C02272,R0407,2024-01-01,12:00,855,79,
O008798,C01405,R0258,2024-01-01,20:00,773,33,Cancelled
O008799,C00203,R0094,2024-01-01,12:00,401,88,delivered
O008800,C00942,R0372,March 3 2024,22:00,1720,40,Delivered
O008801,C00589,R0241,01-02-2024,22:00,548,97,delivered
O008802,C00571,R0237,March 3 2024,18:00,-15,77,delivered
O008803,C00206,R0165,,18:00,195,22,
O008804,C00196,R0325,01-02-2024,12:00,1279,90,Cancelled
O008805,C01346,R0148,2024-01-01,12:00,1383,47,
O008806,C00418,R0218,March 3 2024,20:00,178,104,delivered
O008807,C01643,R0428,01-02-2024,18:00,151,15,Delivered
O008808,C01366,R0108,2024-01-01,22:00,931,106,Delivered
O008809,C00009,R0231,March 3 2024,,485,64,
O008810,C00532,R0070,01-02-2024,20:00,1243,82,Delivered
O008811,C00149,R0221,March 3 2024,20:00,1074,46,Delivered
O008812,C02431,R0074,01-02-2024,13:00,504,59,Delivered
O008813,C01553,R0179,,,491,62,delivered
O008814,C01036,R0080,March 3 2024,22:00,1675,-3,Delivered
O008815,C00476,R0354,March 3 2024,20:00,1967,80,
O008816,C01618,R0159,01-02-2024,,-89,115,Delivered
O008817,C02627,R0356,,13:00,1892,23,delivered
O008818,C01980,R0169,March 3 2024,,21,58,delivered
O008819,C01077,R0314,,18:00,324,-1,Delivered
O008820,C00206,R0389,,22:00,777,11,
O008821,C02179,R0161,March 3 2024,18:00,685,-5,Delivered
O008822,C02963,R0427,2024-01-01,13:00,1976,99,Cancelled
O008823,C00745,R0403,01-02-2024,22:00,1475,-4,
O008824,C00913,R0032,March 3 2024,12:00,0,86,
O008825,C00054,R0121,,12:00,275,99,
O008826,C00395,R0215,01-02-2024,12:00,545,2,
O008827,C01604,R0003,March 3 2024,,1764,52,
O008828,C01827,R0385,01-02-2024,20:00,620,13,Delivered
O008829,C00344,R0228,01-02-2024,,1523,83,Delivered
O008830,C01193,R0425,,,1923,86,
O008831,C01933,R0476,2024-01-01,,370,73,
O008832,C01185,R0048,2024-01-01,,1852,8,Cancelled
O008833,C00703,R0167,01-02-2024,12:00,945,72,delivered
O008834,C02575,R0389,,20:00,1997,77,delivered
O008835,C01311,R0333,,20:00,625,58,
O008836,C01899,R0011,March 3 2024,13:00,1914,49,
O008837,C02460,R0238,01-02-2024,12:00,283,11,delivered
O008838,C02617,R0278,March 3 2024,22:00,1674,81,Delivered
O008839,C00199,R0241,,,602,84,Cancelled
O008840,C02823,R0471,01-02-2024,20:00,1996,18,Cancelled
O008841,C00389,R0192,2024-01-01,13:00,218,-7,
O008842,C00474,R0012,2024-01-01,20:00,-80,93,Delivered
O008843,C01405,R0053,March 3 2024,22:00,491,107,Delivered
O008844,C00765,R0055,01-02-2024,22:00,-92,5,Delivered
O008845,C01655,R0309,,12:00,1360,69,Delivered
O008846,C00592,R0021,March 3 2024,20:00,1811,75,
O008847,C01849,R0019,2024-01-01,22:00,196,64,delivered
O008848,C01096,R0453,,18:00,1152,30,
O008849,C00982,R0344,01-02-2024,22:00,1170,49,Cancelled
O008850,C00355,R0350,2024-01-01,22:00,181,47,Cancelled
O008851,C00168,R0456,,20:00,156,101,
O008852,C00284,R0322,2024-01-01,,1016,29,Cancelled
O008853,C02872,R0315,01-02-2024,22:00,1729,47,delivered
O008854,C01199,R0433,March 3 2024,13:00,452,66,delivered
O008855,C01244,R0482,,,1420,37,
O008856,C00891,R0059,,22:00,1470,79,Cancelled
O008857,C02182,R0151,01-02-2024,18:00,1766,0,delivered
O008858,C01655,R0259,2024-01-01,22:00,1560,45,delivered
O008859,C00122,R0440,2024-01-01,12:00,208,12,Cancelled
O008860,C00833,R0372,2024-01-01,20:00,-40,22,Delivered
O008861,C01923,R0058,,18:00,998,105,Cancelled
O008862,C01022,R0216,,13:00,1883,17,
O008863,C01994,R0062,2024-01-01,22:00,1194,104,Delivered
O008864,C00895,R0146,,22:00,944,41,
O008865,C01516,R0445,March 3 2024,13:00,97,-2,delivered
O008866,C00289,R0382,01-02-2024,22:00,1076,7,Delivered
O008867,C01077,R0239,01-02-2024,12:00,1991,71,
O008868,C01372,R0293,,,1933,55,
O008869,C01075,R0182,March 3 2024,,1468,11,
O008870,C00839,R0369,March 3 2024,18:00,770,69,Delivered
O008871,C02960,R0095,2024-01-01,22:00,409,90,
O008872,C00040,R0078,01-02-2024,13:00,195,85,Delivered
O008873,C02298,R0449,01-02-2024,13:00,1788,63,Delivered
O008874,C02266,R0142,01-02-2024,18:00,475,94,
O008875,C00179,R0105,,12:00,814,5,delivered
O008876,C00183,R0261,March 3 2024,18:00,884,38,Cancelled
O008877,C01760,R0095,2024-01-01,22:00,695,87,Cancelled
O008878,C01188,R0223,,,1893,90,Delivered
O008879,C01770,R0478,2024-01-01,12:00,1658,52,
O008880,C01401,R0484,,12:00,747,45,Cancelled
O008881,C00705,R0190,01-02-2024,13:00,1291,87,Cancelled
O008882,C00497,R0129,2024-01-01,12:00,1521,97,
O008883,C00597,R0319,March 3 2024,22:00,261,66,Cancelled
O008884,C02509,R0195,March 3 2024,22:00,375,26,
O008885,C00474,R0020,,22:00,203,82,Cancelled
O008886,C00685,R0299,01-02-2024,,1337,87,delivered
O008887,C01061,R0240,,20:00,301,21,
O008888,C01623,R0235,2024-01-01,12:00,1651,97,Cancelled
O008889,C01665,R0085,March 3 2024,12:00,777,63,Delivered
O008890,C00319,R0094,March 3 2024,22:00,1513,61,
O008891,C01436,R0042,March 3 2024,13:00,1245,10,Cancelled
O008892,C02404,R0364,March 3 2024,,806,92,delivered
O008893,C01695,R0350,2024-01-01,12:00,245,87,Cancelled
O008894,C02665,R0453,March 3 2024,20:00,995,51,Delivered
O008895,C01989,R0074,,12:00,1706,27,
O008896,C00229,R0472,March 3 2024,18:00,1800,87,delivered
O008897,C00729,R0365,2024-01-01,20:00,1576,99,Cancelled
O008898,C01288,R0115,01-02-2024,13:00,107,29,Delivered
O008899,C01511,R0423,01-02-2024,20:00,1265,8,Delivered
O008900,C00561,R0190,March 3 2024,20:00,956,18,Delivered
O008901,C01376,R0432,01-02-2024,12:00,1305,98,Cancelled
O008902,C01466,R0125,2024-01-01,20:00,1309,74,delivered
O008903,C02683,R0006,March 3 2024,22:00,888,-1,Cancelled
O008904,C02507,R0458,2024-01-01,,61,105,delivered
O008905,C00025,R0379,01-02-2024,20:00,1963,97,
O008906,C01155,R0042,01-02-2024,12:00,145,-4,delivered
O008907,C00370,R0058,March 3 2024,22:00,969,8,Delivered
O008908,C01460,R0427,01-02-2024,13:00,971,99,Delivered
O008909,C01012,R0010,March 3 2024,18:00,1627,22,Delivered
O008910,C00611,R0089,March 3 2024,20:00,1377,12,Cancelled
O008911,C01376,R0334,,22:00,1112,75,
O008912,C01826,R0111,,22:00,1654,89,delivered
O008913,C02036,R0039,,13:00,1380,99,Delivered
O008914,C01221,R0397,2024-01-01,13:00,1687,71,
O008915,C02157,R0459,01-02-2024,18:00,872,91,
O008916,C01884,R0167,01-02-2024,18:00,1712,80,Cancelled
O008917,C01947,R0011,,12:00,15,26,delivered
O008918,C00720,R0110,March 3 2024,18:00,-88,38,
O008919,C01106,R0497,March 3 2024,18:00,1175,28,delivered
O008920,C01561,R0016,March 3 2024,22:00,815,19,Cancelled
O008921,C02480,R0033,March 3 2024,20:00,792,32,delivered
O008922,C01921,R0233,2024-01-01,20:00,116,21,Cancelled
O008923,C00636,R0489,01-02-2024,,193,115,Delivered
O008924,C01173,R0188,,18:00,1089,84,delivered
O008925,C01754,R0224,2024-01-01,,1066,-9,Cancelled
O008926,C02415,R0059,01-02-2024,,397,36,
O008927,C02973,R0458,2024-01-01,12:00,876,88,Delivered
O008928,C02462,R0051,March 3 2024,12:00,649,12,
O008929,C01927,R0271,2024-01-01,20:00,603,74,Delivered
O008930,C00356,R0464,2024-01-01,13:00,168,30,Delivered
O008931,C02059,R0043,March 3 2024,22:00,1460,31,delivered
O008932,C01440,R0027,March 3 2024,18:00,911,61,
O008933,C01595,R0056,,22:00,1043,101,
O008934,C01676,R0121,,18:00,1148,39,Delivered
O008935,C01871,R0113,01-02-2024,18:00,662,64,Delivered
O008936,C01146,R0316,,,622,-10,Delivered
O008937,C02113,R0115,,20:00,1305,-10,Cancelled
O008938,C00125,R0109,01-02-2024,22:00,1958,16,delivered
O008939,C00312,R0480,2024-01-01,22:00,338,98,Delivered
O008940,C00775,R0454,2024-01-01,13:00,214,114,delivered
O008941,C00395,R0175,2024-01-01,13:00,800,12,Delivered
O008942,C02921,R0112,March 3 2024,22:00,491,98,Cancelled
O008943,C01474,R0100,01-02-2024,13:00,1391,89,Delivered
O008944,C01832,R0008,2024-01-01,13:00,544,91,delivered
O008945,C00694,R0447,,18:00,94,20,Delivered
O008946,C01183,R0473,,20:00,1337,44,delivered
O008947,C01377,R0135,,18:00,1809,51,
O008948,C01844,R0251,01-02-2024,,-100,85,delivered
O008949,C00990,R0337,01-02-2024,13:00,267,29,Cancelled
O008950,C02847,R0240,,18:00,1846,91,Delivered
O008951,C02722,R0222,March 3 2024,18:00,189,6,
O008952,C01753,R0386,March 3 2024,12:00,699,88,delivered
O008953,C02960,R0145,2024-01-01,18:00,134,1,
O008954,C02454,R0377,2024-01-01,18:00,1153,2,Cancelled
O008955,C00164,R0004,2024-01-01,20:00,1353,83,
O008956,C01717,R0282,2024-01-01,22:00,95,95,
O008957,C01627,R0334,2024-01-01,12:00,1390,8,delivered
O008958,C02685,R0328,01-02-2024,12:00,689,46,Cancelled
O008959,C00890,R0197,01-02-2024,12:00,253,81,Delivered
O008960,C01379,R0389,March 3 2024,,712,49,Delivered
O008961,C00489,R0128,March 3 2024,12:00,1608,93,Delivered
O008962,C02287,R0261,01-02-2024,20:00,734,116,Delivered
O008963,C00180,R0091,March 3 2024,22:00,1431,90,Delivered
O008964,C01443,R0325,,,304,57,
O008965,C01708,R0259,March 3 2024,20:00,1625,76,Delivered
O008966,C02365,R0422,,12:00,-11,97,
O008967,C01268,R0094,,22:00,1305,110,delivered
O008968,C00232,R0257,2024-01-01,20:00,866,-2,delivered
O008969,C01813,R0136,March 3 2024,22:00,1224,66,Cancelled
O008970,C01613,R0013,,,1365,52,Delivered
O008971,C01327,R0468,March 3 2024,20:00,1517,108,
O008972,C00331,R0198,March 3 2024,22:00,1308,82,Delivered
O008973,C00561,R0498,01-02-2024,20:00,1425,119,
O008974,C02997,R0178,01-02-2024,12:00,1172,27,delivered
O008975,C00248,R0112,2024-01-01,12:00,1595,-4,Cancelled
O008976,C00283,R0264,March 3 2024,12:00,652,93,Cancelled
O008977,C01311,R0414,01-02-2024,,615,66,Cancelled
O008978,C00940,R0369,,20:00,1849,-10,Delivered
O008979,C02080,R0424,,22:00,1072,26,
O008980,C01524,R0079,2024-01-01,22:00,374,83,Delivered
O008981,C00530,R0378,,13:00,1551,55,Cancelled
O008982,C00381,R0256,March 3 2024,18:00,1955,89,Delivered
O008983,C00063,R0074,,12:00,602,65,Delivered
O008984,C00128,R0383,2024-01-01,12:00,1987,-6,Delivered
O008985,C01552,R0161,2024-01-01,12:00,176,45,Delivered
O008986,C02211,R0201,,13:00,1211,31,
O008987,C02169,R0369,March 3 2024,13:00,82,38,
O008988,C00295,R0308,01-02-2024,13:00,838,35,Cancelled
O008989,C00179,R0377,March 3 2024,12:00,1522,60,Cancelled
O008990,C00229,R0033,March 3 2024,22:00,-17,-9,delivered
O008991,C00883,R0073,March 3 2024,12:00,-15,56,
O008992,C00394,R0462,,13:00,1642,51,Delivered
O008993,C02740,R0352,01-02-2024,13:00,1210,101,
O008994,C00072,R0293,March 3 2024,18:00,840,69,Delivered
O008995,C00318,R0198,01-02-2024,20:00,936,16,Delivered
O008996,C00595,R0325,2024-01-01,18:00,1300,75,delivered
O008997,C00379,R0388,01-02-2024,18:00,624,56,delivered
O008998,C00907,R0316,,12:00,1553,102,delivered
O008999,C00136,R0240,2024-01-01,20:00,517,111,delivered
O009000,C02778,R0464,2024-01-01,20:00,1962,60,Delivered
O009001,C01402,R0074,March 3 2024,12:00,624,46,Delivered
O009002,C01143,R0031,01-02-2024,22:00,87,19,
O009003,C00906,R0479,2024-01-01,,1808,103,Delivered
O009004,C00530,R0014,2024-01-01,12:00,1699,111,
O009005,C02983,R0205,01-02-2024,22:00,634,93,
O009006,C02714,R0316,01-02-2024,22:00,416,92,delivered
O009007,C00523,R0068,2024-01-01,20:00,1038,63,
O009008,C00387,R0128,2024-01-01,12:00,103,87,Cancelled
O009009,C02622,R0494,01-02-2024,12:00,1847,3,Cancelled
O009010,C02631,R0026,,20:00,1245,119,Delivered
O009011,C00573,R0408,01-02-2024,18:00,260,44,Cancelled
O009012,C00644,R0184,,12:00,1049,15,delivered
O009013,C02621,R0137,2024-01-01,,1043,33,delivered
O009014,C02918,R0291,March 3 2024,,113,58,
O009015,C01293,R0106,01-02-2024,13:00,1748,27,Delivered
O009016,C00547,R0463,2024-01-01,13:00,541,69,Cancelled
O009017,C01510,R0024,2024-01-01,12:00,505,1,Delivered
O009018,C02486,R0415,March 3 2024,22:00,265,94,
O009019,C01587,R0339,01-02-2024,,1128,97,delivered
O009020,C00555,R0450,2024-01-01,,798,6,
O009021,C01764,R0194,,20:00,86,14,Cancelled
O009022,C02159,R0169,March 3 2024,,1184,77,delivered
O009023,C02575,R0036,,22:00,-11,-8,Cancelled
O009024,C02225,R0101,01-02-2024,13:00,888,72,Delivered
O009025,C02722,R0034,,13:00,1073,59,delivered
O009026,C01575,R0377,March 3 2024,20:00,1367,76,Delivered
O009027,C00624,R0039,2024-01-01,13:00,192,60,delivered
O009028,C01989,R0211,March 3 2024,18:00,1389,100,Cancelled
O009029,C00944,R0230,2024-01-01,13:00,530,97,Cancelled
O009030,C00473,R0279,2024-01-01,,69,-2,
O009031,C01587,R0080,,22:00,1233,117,
O009032,C00994,R0238,March 3 2024,22:00,1349,111,delivered
O009033,C02927,R0172,March 3 2024,18:00,789,36,delivered
O009034,C01122,R0326,2024-01-01,22:00,990,53,delivered
O009035,C01435,R0442,March 3 2024,22:00,50,98,
O009036,C00170,R0059,01-02-2024,22:00,1238,101,Cancelled
O009037,C01014,R0410,01-02-2024,12:00,883,36,Delivered
O009038,C00056,R0022,,18:00,1719,64,Delivered
O009039,C01757,R0365,,18:00,876,114,delivered
O009040,C02373,R0367,March 3 2024,13:00,1953,31,Delivered
O009041,C00658,R0344,,,88,38,Delivered
O009042,C00957,R0238,March 3 2024,18:00,1528,19,Delivered
O009043,C00260,R0296,,20:00,1086,-3,
O009044,C00641,R0341,01-02-2024,18:00,614,74,
O009045,C02610,R0094,2024-01-01,20:00,1247,-3,Delivered
O009046,C02388,R0244,2024-01-01,22:00,1116,117,Cancelled
O009047,C00404,R0011,01-02-2024,,1288,0,Cancelled
O009048,C02580,R0117,2024-01-01,20:00,566,110,
O009049,C00795,R0265,March 3 2024,,487,110,Cancelled
O009050,C01562,R0012,March 3 2024,,672,60,delivered
O009051,C01184,R0154,01-02-2024,12:00,753,85,delivered
O009052,C02642,R0038,01-02-2024,,1064,90,Cancelled
O009053,C02665,R0499,01-02-2024,22:00,757,11,Delivered
O009054,C02700,R0131,01-02-2024,20:00,398,2,Cancelled
O009055,C00714,R0382,2024-01-01,,548,71,Delivered
O009056,C02392,R0225,2024-01-01,22:00,699,2,Delivered
O009057,C01397,R0143,2024-01-01,12:00,750,115,Cancelled
O009058,C01958,R0431,March 3 2024,22:00,959,84,delivered
O009059,C02094,R0389,,22:00,887,0,Delivered
O009060,C01753,R0054,March 3 2024,18:00,548,52,Delivered
O009061,C00904,R0024,,13:00,427,91,
O009062,C02103,R0395,01-02-2024,20:00,1685,40,Cancelled
O009063,C01102,R0121,01-02-2024,13:00,1427,36,
O009064,C01695,R0119,2024-01-01,12:00,1953,-7,Delivered
O009065,C00856,R0161,2024-01-01,12:00,483,-4,Delivered
O009066,C01296,R0471,,22:00,123,76,
O009067,C00660,R0074,,13:00,1801,20,Cancelled
O009068,C00111,R0185,2024-01-01,20:00,1750,107,
O009069,C01039,R0436,01-02-2024,20:00,907,75,
O009070,C02126,R0192,2024-01-01,22:00,959,19,Delivered
O009071,C00501,R0427,01-02-2024,20:00,445,32,delivered
O009072,C02636,R0220,01-02-2024,18:00,1821,74,delivered
O009073,C00418,R0487,March 3 2024,13:00,424,93,delivered
O009074,C01864,R0121,March 3 2024,12:00,1637,101,Cancelled
O009075,C00275,R0209,,20:00,980,52,
O009076,C01221,R0384,01-02-2024,20:00,1921,-7,Cancelled
O009077,C01755,R0300,2024-01-01,20:00,1366,79,delivered
O009078,C02329,R0346,01-02-2024,22:00,1238,111,Cancelled
O009079,C01721,R0473,,12:00,1230,-8,Cancelled
O009080,C01769,R0164,01-02-2024,13:00,670,70,Cancelled
O009081,C01134,R0268,01-02-2024,20:00,1590,72,delivered
O009082,C02242,R0440,,18:00,1641,71,Cancelled
O009083,C01543,R0003,01-02-2024,,209,106,Cancelled
O009084,C01968,R0050,March 3 2024,22:00,-7,40,delivered
O009085,C02903,R0413,,13:00,978,24,delivered
O009086,C00799,R0364,March 3 2024,20:00,-84,115,Cancelled
O009087,C01964,R0472,,13:00,1258,69,
O009088,C02349,R0211,01-02-2024,22:00,1496,4,Cancelled
O009089,C01351,R0461,March 3 2024,,1880,13,Delivered
O009090,C02616,R0016,March 3 2024,18:00,455,-9,delivered
O009091,C02720,R0168,2024-01-01,20:00,1250,34,
O009092,C02197,R0283,March 3 2024,18:00,1051,84,Delivered
O009093,C00769,R0379,March 3 2024,22:00,158,83,Delivered
O009094,C01485,R0326,01-02-2024,18:00,734,112,Delivered
O009095,C00139,R0298,March 3 2024,22:00,1547,26,
O009096,C00861,R0185,March 3 2024,,766,107,Delivered
O009097,C01860,R0138,March 3 2024,18:00,803,74,delivered
O009098,C02340,R0125,01-02-2024,13:00,787,111,
O009099,C00335,R0422,,13:00,42,106,delivered
O009100,C02747,R0392,01-02-2024,22:00,1824,61,
O009101,C01859,R0402,March 3 2024,13:00,1282,89,delivered
O009102,C01208,R0480,,,1014,-4,
O009103,C02355,R0401,01-02-2024,18:00,1621,-8,Delivered
O009104,C00925,R0058,01-02-2024,18:00,-82,-7,delivered
O009105,C00981,R0362,,20:00,1302,-3,delivered
O009106,C02946,R0066,2024-01-01,22:00,544,34,delivered
O009107,C01286,R0428,March 3 2024,13:00,1604,58,Cancelled
O009108,C02975,R0340,2024-01-01,,357,24,Delivered
O009109,C01334,R0202,March 3 2024,22:00,1966,6,delivered
O009110,C00344,R0009,March 3 2024,13:00,1176,65,delivered
O009111,C00657,R0432,2024-01-01,20:00,1116,111,
O009112,C01797,R0423,2024-01-01,18:00,1580,68,Delivered
O009113,C01850,R0105,March 3 2024,18:00,578,80,Delivered
O009114,C00261,R0089,,,1508,103,delivered
O009115,C01386,R0089,,12:00,996,11,Cancelled
O009116,C00169,R0344,2024-01-01,22:00,526,36,delivered
O009117,C00660,R0006,2024-01-01,13:00,1190,-8,Cancelled
O009118,C00200,R0158,01-02-2024,12:00,521,20,Delivered
O009119,C01409,R0379,,22:00,1091,2,Delivered
O009120,C00582,R0330,,13:00,627,-9,Cancelled
O009121,C00566,R0103,March 3 2024,20:00,799,100,Delivered
O009122,C02443,R0223,01-02-2024,22:00,1515,-4,
O009123,C02399,R0402,March 3 2024,13:00,597,18,Cancelled
O009124,C00028,R0171,01-02-2024,18:00,1884,77,
O009125,C01899,R0033,,22:00,1502,116,delivered
O009126,C00632,R0181,March 3 2024,13:00,-5,-3,delivered
O009127,C02428,R0184,01-02-2024,,1826,31,
O009128,C01626,R0403,March 3 2024,18:00,1598,73,Delivered
O009129,C02576,R0087,01-02-2024,18:00,1080,58,
O009130,C02037,R0069,2024-01-01,12:00,1923,88,Delivered
O009131,C01311,R0380,March 3 2024,13:00,692,30,
O009132,C02951,R0026,2024-01-01,12:00,1975,43,
O009133,C01766,R0413,01-02-2024,,822,110,Delivered
O009134,C00807,R0408,March 3 2024,12:00,1381,32,
O009135,C02275,R0006,01-02-2024,20:00,641,58,Cancelled
O009136,C02075,R0256,01-02-2024,12:00,803,104,Delivered
O009137,C01141,R0182,2024-01-01,12:00,1933,89,delivered
O009138,C00089,R0295,March 3 2024,20:00,1345,5,delivered
O009139,C02667,R0260,,20:00,274,12,
O009140,C01759,R0384,01-02-2024,22:00,1572,78,delivered
O009141,C00122,R0314,2024-01-01,12:00,523,73,Cancelled
O009142,C01918,R0304,,18:00,948,36,delivered
O009143,C00866,R0316,2024-01-01,20:00,505,107,delivered
O009144,C00033,R0234,2024-01-01,13:00,1544,24,Delivered
O009145,C00603,R0282,2024-01-01,22:00,1314,-6,
O009146,C00696,R0207,01-02-2024,22:00,177,-7,delivered
O009147,C02936,R0077,,12:00,1957,47,
O009148,C00525,R0168,01-02-2024,,1064,96,Delivered
O009149,C01048,R0342,01-02-2024,18:00,-73,112,delivered
O009150,C01349,R0379,March 3 2024,,1110,51,delivered
O009151,C02082,R0461,,,748,111,Delivered
O009152,C00247,R0056,March 3 2024,20:00,160,21,Delivered
O009153,C02097,R0295,2024-01-01,13:00,-63,37,delivered
O009154,C01963,R0081,,12:00,989,15,Cancelled
O009155,C02960,R0484,,18:00,1398,111,
O009156,C02228,R0167,01-02-2024,12:00,366,17,
O009157,C01394,R0176,2024-01-01,12:00,1103,54,
O009158,C01908,R0281,01-02-2024,22:00,1912,108,Cancelled
O009159,C02024,R0418,March 3 2024,,1710,-5,
O009160,C00738,R0383,2024-01-01,13:00,203,39,Delivered
O009161,C01969,R0149,01-02-2024,13:00,996,38,Delivered
O009162,C02638,R0256,01-02-2024,13:00,846,35,delivered
O009163,C02544,R0281,01-02-2024,13:00,1066,79,Cancelled
O009164,C02479,R0345,2024-01-01,20:00,113,85,Cancelled
O009165,C01437,R0278,March 3 2024,20:00,1337,14,delivered
O009166,C00364,R0279,,13:00,1652,85,Cancelled
O009167,C02358,R0409,01-02-2024,18:00,244,114,
O009168,C00982,R0206,2024-01-01,20:00,643,94,delivered
O009169,C01303,R0462,,20:00,1521,52,
O009170,C00227,R0410,01-02-2024,18:00,1604,72,
O009171,C01267,R0488,2024-01-01,13:00,1822,55,delivered
O009172,C02058,R0030,March 3 2024,12:00,1048,69,Delivered
O009173,C01416,R0218,01-02-2024,20:00,1159,22,delivered
O009174,C02096,R0422,2024-01-01,12:00,556,39,Cancelled
O009175,C01648,R0470,01-02-2024,12:00,516,84,
O009176,C02252,R0231,2024-01-01,18:00,675,70,
O009177,C00277,R0359,March 3 2024,13:00,1569,86,Cancelled
O009178,C02942,R0162,March 3 2024,,1907,26,delivered
O009179,C00157,R0217,2024-01-01,12:00,401,89,Delivered
O009180,C02903,R0228,,13:00,1559,52,Cancelled
O009181,C02074,R0333,March 3 2024,22:00,506,52,Delivered
O009182,C02469,R0221,01-02-2024,,329,8,
O009183,C01702,R0234,March 3 2024,,904,28,delivered
O009184,C00761,R0073,01-02-2024,,1169,93,delivered
O009185,C00774,R0399,March 3 2024,13:00,1512,72,
O009186,C02312,R0095,March 3 2024,18:00,-7,94,Cancelled
O009187,C01553,R0428,01-02-2024,18:00,1163,49,
O009188,C02636,R0475,March 3 2024,22:00,1520,71,Cancelled
O009189,C00958,R0095,01-02-2024,18:00,115,81,
O009190,C02518,R0394,01-02-2024,13:00,269,111,Delivered
O009191,C00254,R0243,March 3 2024,,871,113,delivered
O009192,C01570,R0373,March 3 2024,13:00,880,86,Delivered
O009193,C02788,R0293,01-02-2024,,1458,80,Cancelled
O009194,C00118,R0263,2024-01-01,13:00,1992,91,Cancelled
O009195,C00550,R0124,March 3 2024,18:00,513,90,
O009196,C00911,R0288,,13:00,183,114,Delivered
O009197,C00870,R0500,March 3 2024,20:00,1820,26,delivered
O009198,C00808,R0267,2024-01-01,,1934,6,Cancelled
O009199,C01673,R0432,2024-01-01,,1714,26,
O009200,C00821,R0109,March 3 2024,22:00,1135,-8,delivered
O009201,C01782,R0348,March 3 2024,20:00,571,93,
O009202,C01222,R0452,,13:00,1382,110,Cancelled
O009203,C01602,R0048,March 3 2024,18:00,1251,34,delivered
O009204,C02612,R0301,2024-01-01,22:00,-87,88,
O009205,C02462,R0095,,20:00,655,2,Cancelled
O009206,C00880,R0477,March 3 2024,13:00,68,46,
O009207,C00993,R0033,,18:00,1034,62,
O009208,C00001,R0118,,13:00,628,72,
O009209,C00167,R0132,2024-01-01,,139,74,delivered
O009210,C02064,R0251,2024-01-01,20:00,169,1,delivered
O009211,C02705,R0303,01-02-2024,20:00,1209,86,Cancelled
O009212,C00112,R0122,2024-01-01,22:00,1489,54,
O009213,C01126,R0218,01-02-2024,18:00,342,38,delivered
O009214,C02642,R0053,2024-01-01,12:00,624,116,delivered
O009215,C01430,R0126,2024-01-01,13:00,807,17,
O009216,C02006,R0159,01-02-2024,18:00,1426,39,Cancelled
O009217,C02044,R0159,01-02-2024,12:00,1043,1,Delivered
O009218,C00507,R0283,01-02-2024,18:00,-26,72,
O009219,C01635,R0089,,13:00,-31,7,Cancelled
O009220,C00671,R0176,01-02-2024,13:00,644,96,Delivered
O009221,C01691,R0292,,22:00,31,100,Cancelled
O009222,C02807,R0433,,20:00,1021,100,Delivered
O009223,C02545,R0159,01-02-2024,20:00,1,57,Delivered
O009224,C00965,R0491,01-02-2024,20:00,1090,65,Cancelled
O009225,C00281,R0249,01-02-2024,22:00,1028,12,delivered
O009226,C00351,R0357,2024-01-01,20:00,1889,29,Cancelled
O009227,C02382,R0122,2024-01-01,18:00,497,87,Delivered
O009228,C01950,R0237,01-02-2024,20:00,1472,37,
O009229,C01967,R0428,March 3 2024,20:00,1365,81,Delivered
O009230,C02809,R0125,01-02-2024,,571,46,Delivered
O009231,C01548,R0315,March 3 2024,13:00,534,18,Cancelled
O009232,C01307,R0279,2024-01-01,22:00,823,79,Delivered
O009233,C01965,R0355,2024-01-01,22:00,1909,113,
O009234,C00728,R0324,March 3 2024,20:00,1357,87,delivered
O009235,C00823,R0092,2024-01-01,,1278,-3,
O009236,C01438,R0426,01-02-2024,12:00,1308,82,delivered
O009237,C02062,R0105,March 3 2024,13:00,1198,96,
O009238,C01080,R0042,March 3 2024,20:00,1819,93,delivered
O009239,C02390,R0397,,12:00,1611,81,Cancelled
O009240,C00199,R0129,2024-01-01,18:00,-52,76,delivered
O009241,C01884,R0460,March 3 2024,,343,82,Cancelled
O009242,C00678,R0491,March 3 2024,,71,73,
O009243,C02706,R0053,March 3 2024,13:00,829,70,Delivered
O009244,C01465,R0168,2024-01-01,,1747,28,Cancelled
O009245,C00078,R0090,March 3 2024,22:00,-95,22,delivered
O009246,C02160,R0247,March 3 2024,12:00,1127,67,Cancelled
O009247,C00535,R0174,01-02-2024,20:00,621,20,Cancelled
O009248,C01399,R0494,01-02-2024,12:00,830,10,Cancelled
O009249,C01166,R0372,,22:00,978,117,Cancelled
O009250,C00666,R0087,March 3 2024,18:00,1092,79,Delivered
O009251,C01221,R0369,2024-01-01,12:00,1435,47,Cancelled
O009252,C00790,R0150,,20:00,312,21,
O009253,C01564,R0249,,12:00,738,48,Cancelled
O009254,C01323,R0115,,,1995,92,Cancelled
O009255,C01100,R0180,March 3 2024,18:00,926,70,Delivered
O009256,C02578,R0120,,12:00,584,50,
O009257,C02148,R0028,2024-01-01,18:00,1599,29,Delivered
O009258,C01503,R0309,01-02-2024,18:00,-41,71,Delivered
O009259,C02329,R0117,01-02-2024,13:00,489,102,
O009260,C01492,R0191,March 3 2024,13:00,1934,78,
O009261,C01660,R0145,2024-01-01,20:00,989,1,Cancelled
O009262,C01901,R0320,2024-01-01,20:00,954,96,
O009263,C01316,R0262,2024-01-01,20:00,881,-2,Cancelled
O009264,C00125,R0142,March 3 2024,18:00,1673,78,Delivered
O009265,C00519,R0114,2024-01-01,18:00,676,100,Cancelled
O009266,C02071,R0384,01-02-2024,13:00,47,38,Cancelled
O009267,C00162,R0273,2024-01-01,,-54,3,
O009268,C02677,R0038,2024-01-01,18:00,1167,115,Delivered
O009269,C02554,R0197,March 3 2024,13:00,1401,37,
O009270,C00882,R0013,,12:00,1518,46,Delivered
O009271,C01045,R0112,,20:00,1564,82,delivered
O009272,C01788,R0437,March 3 2024,20:00,1922,49,Delivered
O009273,C01862,R0137,March 3 2024,22:00,109,70,Delivered
O009274,C00483,R0172,March 3 2024,,86,32,Delivered
O009275,C01526,R0127,March 3 2024,13:00,948,71,Delivered
O009276,C01967,R0362,2024-01-01,22:00,1087,80,Cancelled
O009277,C02357,R0410,2024-01-01,20:00,-66,53,
O009278,C00874,R0333,,22:00,1943,-9,Delivered
O009279,C01577,R0019,March 3 2024,12:00,1176,-10,Cancelled
O009280,C02251,R0432,March 3 2024,22:00,374,107,
O009281,C02688,R0465,2024-01-01,12:00,658,53,Cancelled
O009282,C00142,R0208,March 3 2024,20:00,369,61,Delivered
O009283,C01880,R0158,01-02-2024,18:00,163,74,
O009284,C01004,R0160,2024-01-01,13:00,1028,13,Delivered
O009285,C02663,R0334,01-02-2024,22:00,666,119,delivered
O009286,C02155,R0240,2024-01-01,,306,48,Cancelled
O009287,C02015,R0376,2024-01-01,12:00,1129,91,Delivered
O009288,C00529,R0079,2024-01-01,,1139,45,
O009289,C02624,R0332,,20:00,771,103,
O009290,C00969,R0357,,,-63,-6,Cancelled
O009291,C01773,R0331,2024-01-01,,659,98,delivered
O009292,C02736,R0197,2024-01-01,20:00,564,113,Delivered
O009293,C02339,R0120,2024-01-01,18:00,1921,108,
O009294,C00805,R0248,2024-01-01,,121,25,delivered
O009295,C01335,R0139,March 3 2024,,1265,61,
O009296,C00668,R0226,March 3 2024,,669,83,Cancelled
O009297,C00385,R0083,March 3 2024,20:00,372,74,
O009298,C01609,R0410,,,478,41,delivered
O009299,C02749,R0026,01-02-2024,20:00,134,0,
O009300,C00013,R0128,2024-01-01,18:00,548,94,delivered
O009301,C01811,R0401,March 3 2024,20:00,1608,115,Cancelled
O009302,C02208,R0223,March 3 2024,,-85,102,Cancelled
O009303,C01308,R0339,March 3 2024,12:00,1298,19,Cancelled
O009304,C02613,R0044,2024-01-01,,263,112,
O009305,C02056,R0084,2024-01-01,22:00,643,77,Cancelled
O009306,C00072,R0407,01-02-2024,22:00,369,14,Cancelled
O009307,C02940,R0025,,12:00,1303,19,Cancelled
O009308,C02146,R0220,01-02-2024,22:00,211,63,delivered
O009309,C02135,R0293,2024-01-01,,434,113,Cancelled
O009310,C01866,R0204,01-02-2024,20:00,127,62,
O009311,C00101,R0368,March 3 2024,,888,101,
O009312,C00281,R0193,01-02-2024,22:00,1331,-6,Cancelled
O009313,C00883,R0002,March 3 2024,22:00,1098,65,
O009314,C01313,R0202,01-02-2024,20:00,1830,9,Cancelled
O009315,C02797,R0354,March 3 2024,22:00,-86,89,Cancelled
O009316,C02244,R0032,01-02-2024,20:00,113,14,
O009317,C02439,R0089,,18:00,502,99,Delivered
O009318,C00609,R0202,01-02-2024,,-49,116,
O009319,C00450,R0439,2024-01-01,18:00,829,58,delivered
O009320,C01285,R0178,2024-01-01,22:00,-44,80,delivered
O009321,C01536,R0193,March 3 2024,18:00,1212,-9,Delivered
O009322,C00121,R0160,2024-01-01,22:00,431,17,delivered
O009323,C02380,R0293,March 3 2024,18:00,1536,33,
O009324,C01076,R0204,,22:00,599,74,
O009325,C00318,R0241,2024-01-01,13:00,956,32,delivered
O009326,C02723,R0115,2024-01-01,,1466,44,Cancelled
O009327,C00702,R0210,March 3 2024,12:00,573,113,delivered
O009328,C02741,R0222,,,1209,53,Delivered
O009329,C01017,R0397,,18:00,416,106,delivered
O009330,C00021,R0182,01-02-2024,20:00,580,1,Delivered
O009331,C02447,R0259,March 3 2024,12:00,1608,30,Delivered
O009332,C01739,R0469,March 3 2024,22:00,626,33,
O009333,C02250,R0426,,12:00,168,0,delivered
O009334,C02514,R0462,March 3 2024,20:00,1943,8,Cancelled
O009335,C00896,R0040,2024-01-01,20:00,1687,114,Delivered
O009336,C01183,R0330,2024-01-01,,617,49,delivered
O009337,C02358,R0322,2024-01-01,22:00,620,110,delivered
O009338,C02552,R0060,March 3 2024,,43,3,
O009339,C02074,R0493,01-02-2024,18:00,680,53,Cancelled
O009340,C00066,R0485,01-02-2024,18:00,791,119,Cancelled
O009341,C00263,R0011,,13:00,529,84,delivered
O009342,C00472,R0120,March 3 2024,,1533,1,Cancelled
O009343,C02215,R0385,,20:00,334,47,Delivered
O009344,C02848,R0410,March 3 2024,13:00,1468,83,
O009345,C00343,R0042,01-02-2024,20:00,1529,31,delivered
O009346,C00718,R0190,2024-01-01,13:00,1373,-10,Cancelled
O009347,C02461,R0123,March 3 2024,,379,95,delivered
O009348,C01695,R0189,01-02-2024,18:00,1066,61,Cancelled
O009349,C01239,R0252,01-02-2024,20:00,1969,27,Delivered
O009350,C02735,R0461,01-02-2024,,460,65,delivered
O009351,C02845,R0092,2024-01-01,,1315,41,
O009352,C02026,R0484,01-02-2024,18:00,1903,100,Cancelled
O009353,C02531,R0213,,12:00,20,69,
O009354,C01056,R0318,01-02-2024,18:00,1361,73,
O009355,C00015,R0202,01-02-2024,20:00,650,97,Delivered
O009356,C01870,R0268,March 3 2024,12:00,688,87,Delivered
O009357,C00017,R0494,March 3 2024,13:00,1024,75,Cancelled
O009358,C02582,R0155,March 3 2024,22:00,794,51,delivered
O009359,C01780,R0195,01-02-2024,20:00,906,-8,Cancelled
O009360,C01950,R0028,01-02-2024,22:00,86,70,Cancelled
O009361,C00081,R0194,,22:00,1082,115,Delivered
O009362,C02704,R0412,2024-01-01,12:00,417,80,Cancelled
O009363,C02484,R0499,01-02-2024,13:00,1103,92,Cancelled
O009364,C01019,R0223,2024-01-01,18:00,1847,99,delivered
O009365,C02727,R0107,01-02-2024,12:00,900,84,Cancelled
O009366,C00780,R0149,2024-01-01,13:00,539,20,delivered
O009367,C01825,R0135,March 3 2024,18:00,1731,47,Cancelled
O009368,C02234,R0498,01-02-2024,18:00,629,32,Delivered
O009369,C02470,R0095,,13:00,552,72,Cancelled
O009370,C02514,R0270,2024-01-01,18:00,332,116,delivered
O009371,C02131,R0423,March 3 2024,20:00,0,34,
O009372,C02615,R0374,,20:00,1021,-1,delivered
O009373,C02691,R0126,March 3 2024,12:00,747,63,Cancelled
O009374,C00325,R0359,01-02-2024,18:00,1778,81,Cancelled
O009375,C02099,R0329,,18:00,1066,1,Cancelled
O009376,C01051,R0471,2024-01-01,13:00,1784,7,delivered
O009377,C00677,R0318,2024-01-01,20:00,1514,17,delivered
O009378,C02030,R0012,,22:00,329,3,Delivered
O009379,C00892,R0477,2024-01-01,12:00,962,-3,Cancelled
O009380,C02012,R0294,March 3 2024,,1271,89,
O009381,C00793,R0442,,20:00,328,-8,delivered
O009382,C02705,R0440,2024-01-01,13:00,1209,36,delivered
O009383,C01195,R0295,March 3 2024,12:00,354,52,delivered
O009384,C02165,R0342,2024-01-01,22:00,1247,66,delivered
O009385,C00905,R0004,March 3 2024,,418,75,
O009386,C00502,R0304,01-02-2024,12:00,1738,110,Delivered
O009387,C00799,R0391,March 3 2024,20:00,1226,2,
O009388,C02905,R0316,2024-01-01,22:00,109,49,
O009389,C01124,R0168,March 3 2024,,490,64,delivered
O009390,C01143,R0008,2024-01-01,13:00,793,5,delivered
O009391,C02117,R0124,,12:00,766,74,Cancelled
O009392,C02712,R0372,,20:00,75,44,Delivered
O009393,C02840,R0314,01-02-2024,13:00,660,67,Delivered
O009394,C00221,R0185,March 3 2024,22:00,116,44,Delivered
O009395,C02271,R0035,01-02-2024,12:00,1329,-2,Cancelled
O009396,C02725,R0073,,18:00,1330,-5,Delivered
O009397,C02259,R0371,March 3 2024,20:00,503,91,
O009398,C00931,R0013,March 3 2024,20:00,1352,13,delivered
O009399,C00886,R0039,01-02-2024,18:00,1642,40,
O009400,C02930,R0084,01-02-2024,13:00,719,6,
O009401,C00262,R0021,March 3 2024,20:00,1634,10,Delivered
O009402,C02566,R0253,March 3 2024,13:00,961,72,delivered
O009403,C01272,R0303,March 3 2024,22:00,84,51,Delivered
O009404,C00798,R0467,01-02-2024,18:00,501,80,Delivered
O009405,C01281,R0258,2024-01-01,13:00,1209,106,delivered
O009406,C02588,R0300,,22:00,1271,64,Cancelled
O009407,C00417,R0488,,12:00,429,106,Cancelled
O009408,C02101,R0030,01-02-2024,20:00,912,43,Cancelled
O009409,C01788,R0471,March 3 2024,18:00,1754,110,delivered
O009410,C00038,R0128,,12:00,-94,110,
O009411,C02356,R0311,,12:00,87,42,
O009412,C00846,R0040,,12:00,1523,29,delivered
O009413,C00898,R0461,,13:00,1039,-2,Delivered
O009414,C00053,R0097,March 3 2024,20:00,-38,65,Delivered
O009415,C00606,R0224,01-02-2024,18:00,340,65,delivered
O009416,C00452,R0092,March 3 2024,,1267,119,Delivered
O009417,C00461,R0280,March 3 2024,,486,59,Delivered
O009418,C00775,R0170,,20:00,278,-7,Cancelled
O009419,C01859,R0284,,20:00,1606,50,delivered
O009420,C01161,R0222,March 3 2024,20:00,1155,115,Cancelled
O009421,C01396,R0117,March 3 2024,22:00,636,25,
O009422,C02443,R0248,March 3 2024,22:00,773,30,
O009423,C01061,R0361,2024-01-01,22:00,603,92,
O009424,C01678,R0349,,22:00,-2,71,
O009425,C02695,R0354,01-02-2024,20:00,313,37,Delivered
O009426,C02311,R0435,01-02-2024,20:00,213,86,Delivered
O009427,C02680,R0406,01-02-2024,,1685,14,Cancelled
O009428,C01283,R0089,2024-01-01,18:00,1332,-7,delivered
O009429,C01347,R0078,2024-01-01,,322,7,Delivered
O009430,C02578,R0458,01-02-2024,,129,109,delivered
O009431,C02349,R0074,01-02-2024,18:00,1494,86,Cancelled
O009432,C01889,R0392,01-02-2024,18:00,576,73,
O009433,C00485,R0014,March 3 2024,,615,62,Delivered
O009434,C00092,R0045,,,1848,54,
O009435,C01188,R0038,2024-01-01,,237,100,Cancelled
O009436,C01359,R0416,2024-01-01,18:00,145,16,delivered
O009437,C02363,R0245,March 3 2024,18:00,457,77,Delivered
O009438,C01938,R0062,2024-01-01,22:00,103,39,delivered
O009439,C02993,R0493,01-02-2024,20:00,1116,98,delivered
O009440,C02286,R0096,2024-01-01,18:00,1477,78,
O009441,C01710,R0323,March 3 2024,13:00,573,75,Delivered
O009442,C02131,R0252,,18:00,635,93,Cancelled
O009443,C02717,R0468,01-02-2024,18:00,1535,99,Delivered
O009444,C01990,R0061,2024-01-01,20:00,472,109,delivered
O009445,C00178,R0269,01-02-2024,,81,77,
O009446,C00250,R0119,,22:00,1494,45,delivered
O009447,C00765,R0087,2024-01-01,12:00,873,79,delivered
O009448,C02715,R0083,01-02-2024,,840,27,Delivered
O009449,C02951,R0080,March 3 2024,,1146,94,delivered
O009450,C00091,R0228,March 3 2024,20:00,107,12,Delivered
O009451,C00339,R0483,,22:00,1093,72,Delivered
O009452,C01662,R0303,,13:00,38,77,delivered
O009453,C01873,R0111,,12:00,153,42,
O009454,C00169,R0370,2024-01-01,22:00,1089,-7,delivered
O009455,C02626,R0310,,,468,94,
O009456,C00780,R0071,2024-01-01,22:00,1558,10,delivered
O009457,C00170,R0436,01-02-2024,20:00,325,43,Cancelled
O009458,C02410,R0485,March 3 2024,22:00,1060,115,Cancelled
O009459,C02292,R0328,01-02-2024,18:00,1329,98,Cancelled
O009460,C00138,R0025,March 3 2024,22:00,833,41,delivered
O009461,C00519,R0279,,12:00,868,33,delivered
O009462,C01422,R0202,01-02-2024,22:00,661,96,
O009463,C02381,R0414,01-02-2024,13:00,468,102,Cancelled
O009464,C00057,R0225,,18:00,130,80,Delivered
O009465,C02611,R0267,01-02-2024,12:00,894,80,Cancelled
O009466,C02474,R0419,2024-01-01,12:00,1556,18,Cancelled
O009467,C01160,R0283,March 3 2024,,1723,46,Delivered
O009468,C02689,R0117,,20:00,689,44,Cancelled
O009469,C00709,R0067,2024-01-01,20:00,1315,60,Cancelled
O009470,C01291,R0047,2024-01-01,18:00,1800,42,
O009471,C02036,R0241,,12:00,1193,3,Cancelled
O009472,C00107,R0178,01-02-2024,,936,10,Delivered
O009473,C02608,R0008,March 3 2024,13:00,242,93,Delivered
O009474,C02186,R0183,2024-01-01,22:00,1512,3,Cancelled
O009475,C02663,R0077,01-02-2024,22:00,238,42,delivered
O009476,C02095,R0426,,22:00,1971,104,Cancelled
O009477,C02013,R0067,,20:00,1897,85,Delivered
O009478,C01689,R0148,March 3 2024,12:00,1845,116,Delivered
O009479,C02416,R0494,,12:00,485,74,Delivered
O009480,C00006,R0173,March 3 2024,13:00,1409,83,delivered
O009481,C00523,R0035,,20:00,321,100,delivered
O009482,C02577,R0077,,13:00,1213,90,delivered
O009483,C01679,R0404,2024-01-01,12:00,1213,-9,Cancelled
O009484,C00066,R0280,01-02-2024,22:00,942,11,Delivered
O009485,C02468,R0185,2024-01-01,20:00,1551,117,Cancelled
O009486,C02982,R0055,March 3 2024,20:00,1077,85,Cancelled
O009487,C00498,R0393,2024-01-01,20:00,1638,112,delivered
O009488,C01493,R0094,,,1566,69,Cancelled
O009489,C02379,R0473,,,27,25,
O009490,C02816,R0144,01-02-2024,22:00,332,70,delivered
O009491,C01001,R0247,March 3 2024,,1885,38,delivered
O009492,C01663,R0439,,20:00,414,-8,Delivered
O009493,C02018,R0200,01-02-2024,,1265,12,
O009494,C02578,R0236,01-02-2024,,401,90,
O009495,C01743,R0314,,18:00,888,98,
O009496,C01625,R0320,,20:00,316,94,Delivered
O009497,C02291,R0220,March 3 2024,,-1,61,Cancelled
O009498,C02398,R0332,01-02-2024,22:00,1317,22,Cancelled
O009499,C01041,R0371,01-02-2024,,778,115,Delivered
O009500,C01490,R0216,01-02-2024,,976,57,Cancelled
O009501,C02783,R0049,March 3 2024,20:00,1914,60,
O009502,C02930,R0285,01-02-2024,,350,0,Delivered
O009503,C00363,R0463,2024-01-01,18:00,1518,9,
O009504,C01635,R0118,2024-01-01,18:00,433,51,
O009505,C00525,R0082,01-02-2024,,622,92,Delivered
O009506,C00831,R0263,2024-01-01,20:00,1289,81,delivered
O009507,C02830,R0077,2024-01-01,12:00,1247,64,Delivered
O009508,C01723,R0211,March 3 2024,12:00,763,103,Delivered
O009509,C00420,R0496,01-02-2024,13:00,1443,110,delivered
O009510,C02834,R0491,March 3 2024,18:00,718,-4,delivered
O009511,C00133,R0122,01-02-2024,12:00,1589,-7,
O009512,C02062,R0325,,13:00,1486,91,delivered
O009513,C01068,R0090,2024-01-01,12:00,1372,8,delivered
O009514,C01401,R0258,March 3 2024,20:00,145,99,
O009515,C02343,R0161,March 3 2024,,714,11,
O009516,C01420,R0176,,18:00,292,92,
O009517,C02493,R0293,,12:00,62,118,
O009518,C01845,R0089,2024-01-01,20:00,365,102,Delivered
O009519,C02460,R0127,2024-01-01,13:00,411,-4,
O009520,C00630,R0473,01-02-2024,20:00,1070,66,Delivered
O009521,C00321,R0359,01-02-2024,13:00,1867,12,
O009522,C01155,R0286,,12:00,747,79,Delivered
O009523,C01835,R0297,2024-01-01,,1042,7,Delivered
O009524,C02866,R0260,2024-01-01,22:00,373,106,Delivered
O009525,C01223,R0339,,,627,60,Delivered
O009526,C00905,R0475,,20:00,487,55,delivered
O009527,C00036,R0244,March 3 2024,22:00,1389,42,Delivered
O009528,C02839,R0111,,18:00,1089,14,delivered
O009529,C02634,R0423,March 3 2024,22:00,379,22,delivered
O009530,C02354,R0024,01-02-2024,,1306,28,Delivered
O009531,C01591,R0050,,18:00,-40,111,
O009532,C02941,R0037,,12:00,1740,101,delivered
O009533,C00012,R0181,,12:00,1202,97,Delivered
O009534,C02131,R0253,March 3 2024,20:00,487,102,Cancelled
O009535,C01432,R0025,,22:00,108,48,delivered
O009536,C01987,R0349,,18:00,-64,109,
O009537,C01768,R0125,2024-01-01,18:00,1057,66,Cancelled
O009538,C01435,R0031,2024-01-01,22:00,634,3,delivered
O009539,C00957,R0237,2024-01-01,,1320,43,Delivered
O009540,C00713,R0227,,12:00,1426,81,Delivered
O009541,C02043,R0348,2024-01-01,,406,116,Delivered
O009542,C01280,R0038,01-02-2024,12:00,1514,118,Delivered
O009543,C00241,R0383,2024-01-01,18:00,1167,119,
O009544,C02946,R0058,,20:00,729,61,
O009545,C01956,R0236,2024-01-01,12:00,872,40,delivered
O009546,C02013,R0181,2024-01-01,13:00,1290,115,Delivered
O009547,C00896,R0114,2024-01-01,18:00,349,-9,Cancelled
O009548,C02955,R0306,01-02-2024,22:00,19,-1,delivered
O009549,C01476,R0132,01-02-2024,22:00,533,107,Cancelled
O009550,C02804,R0348,March 3 2024,,111,19,Delivered
O009551,C01025,R0180,,,964,54,Delivered
O009552,C00601,R0415,01-02-2024,18:00,1346,98,Delivered
O009553,C02330,R0471,01-02-2024,,1432,33,delivered
O009554,C02699,R0078,01-02-2024,,1733,31,Cancelled
O009555,C00599,R0220,,18:00,1553,-8,Delivered
O009556,C02464,R0142,March 3 2024,12:00,966,100,Delivered
O009557,C01885,R0385,,18:00,1151,17,Delivered
O009558,C01143,R0043,2024-01-01,18:00,545,40,delivered
O009559,C01012,R0480,March 3 2024,,1256,104,delivered
O009560,C02948,R0118,2024-01-01,13:00,835,114,Delivered
O009561,C01529,R0059,01-02-2024,22:00,1022,2,Cancelled
O009562,C01104,R0061,,,960,29,Delivered
O009563,C01647,R0041,2024-01-01,12:00,1409,93,delivered
O009564,C01701,R0274,March 3 2024,20:00,1837,27,Delivered
O009565,C02942,R0188,2024-01-01,12:00,610,94,
O009566,C00957,R0453,2024-01-01,22:00,893,99,Cancelled
O009567,C00219,R0490,01-02-2024,20:00,1279,5,
O009568,C00727,R0335,2024-01-01,18:00,-46,99,delivered
O009569,C01731,R0187,2024-01-01,13:00,1540,44,
O009570,C01490,R0426,01-02-2024,13:00,1656,116,Cancelled
O009571,C01818,R0464,March 3 2024,22:00,1963,69,Cancelled
O009572,C00518,R0228,01-02-2024,,1332,41,
O009573,C00812,R0164,2024-01-01,22:00,1976,38,Delivered
O009574,C02550,R0424,,13:00,675,37,
O009575,C02106,R0286,01-02-2024,20:00,1903,63,delivered
O009576,C01361,R0102,01-02-2024,20:00,255,71,
O009577,C00814,R0471,2024-01-01,,463,27,
O009578,C00614,R0267,,12:00,821,6,delivered
O009579,C00426,R0124,March 3 2024,18:00,1426,30,
O009580,C01584,R0153,,,-76,43,
O009581,C01435,R0429,01-02-2024,20:00,-9,29,delivered
O009582,C01812,R0179,,18:00,1812,20,
O009583,C00883,R0427,March 3 2024,22:00,1461,79,
O009584,C01699,R0066,,20:00,501,65,Cancelled
O009585,C00432,R0099,,20:00,1610,24,delivered
O009586,C01401,R0431,,20:00,241,112,Cancelled
O009587,C00948,R0024,01-02-2024,12:00,1371,109,delivered
O009588,C01389,R0333,2024-01-01,,441,45,Delivered
O009589,C01668,R0249,2024-01-01,22:00,1330,106,Cancelled
O009590,C02983,R0490,,13:00,1053,19,Delivered
O009591,C02453,R0165,01-02-2024,12:00,1646,64,
O009592,C02540,R0384,01-02-2024,12:00,1072,41,Delivered
O009593,C02114,R0440,01-02-2024,20:00,1928,44,
O009594,C00912,R0094,2024-01-01,12:00,1199,23,Delivered
O009595,C00391,R0459,01-02-2024,,308,96,
O009596,C00083,R0343,,,782,26,
O009597,C01003,R0124,2024-01-01,,1559,24,Delivered
O009598,C00481,R0302,01-02-2024,13:00,-30,74,Cancelled
O009599,C00777,R0156,,12:00,1122,21,delivered
O009600,C02833,R0349,2024-01-01,,444,-3,Cancelled
O009601,C01755,R0249,01-02-2024,12:00,718,12,Delivered
O009602,C01249,R0436,March 3 2024,20:00,501,82,
O009603,C01137,R0271,,22:00,1388,8,Delivered
O009604,C02700,R0429,March 3 2024,,1891,34,delivered
O009605,C01536,R0058,2024-01-01,13:00,784,25,Delivered
O009606,C01912,R0195,01-02-2024,20:00,1711,45,Cancelled
O009607,C00523,R0201,,12:00,1634,53,
O009608,C01933,R0072,,,851,51,Cancelled
O009609,C01695,R0495,,13:00,1491,48,
O009610,C02253,R0247,March 3 2024,18:00,1672,-10,Cancelled
O009611,C00742,R0481,01-02-2024,,-100,86,Cancelled
O009612,C02367,R0098,01-02-2024,,1090,66,Delivered
O009613,C00278,R0329,01-02-2024,12:00,448,-6,delivered
O009614,C02950,R0081,March 3 2024,22:00,1709,47,Cancelled
O009615,C00148,R0425,2024-01-01,12:00,867,46,Delivered
O009616,C00778,R0065,March 3 2024,22:00,1165,62,
O009617,C01107,R0424,2024-01-01,18:00,768,74,
O009618,C00419,R0005,March 3 2024,20:00,1702,11,Cancelled
O009619,C02586,R0478,01-02-2024,20:00,995,42,
O009620,C02440,R0459,01-02-2024,,420,46,delivered
O009621,C01157,R0284,01-02-2024,20:00,808,115,Delivered
O009622,C00940,R0294,March 3 2024,13:00,1822,92,Cancelled
O009623,C02020,R0081,,22:00,1886,101,delivered
O009624,C01628,R0498,March 3 2024,12:00,1630,40,Delivered
O009625,C00242,R0087,2024-01-01,13:00,1737,-6,Delivered
O009626,C00999,R0402,March 3 2024,13:00,400,103,Cancelled
O009627,C01224,R0293,2024-01-01,12:00,1925,53,
O009628,C01243,R0411,March 3 2024,18:00,1722,15,Delivered
O009629,C02291,R0281,,20:00,1231,14,Delivered
O009630,C00041,R0197,,18:00,150,58,
O009631,C01818,R0252,01-02-2024,18:00,1526,-3,
O009632,C01853,R0083,,20:00,1127,-2,Cancelled
O009633,C00684,R0027,March 3 2024,18:00,1955,43,Cancelled
O009634,C01412,R0333,,13:00,1668,9,Delivered
O009635,C02636,R0182,01-02-2024,,1777,101,
O009636,C01233,R0135,March 3 2024,12:00,1296,116,Cancelled
O009637,C00617,R0090,2024-01-01,,285,23,Cancelled
O009638,C02028,R0206,March 3 2024,13:00,1848,57,
O009639,C02074,R0027,01-02-2024,,82,62,
O009640,C02911,R0378,,13:00,1102,14,Delivered
O009641,C02127,R0059,,22:00,914,70,
O009642,C01012,R0072,March 3 2024,20:00,1527,41,Cancelled
O009643,C02018,R0415,2024-01-01,20:00,1791,66,
O009644,C00128,R0227,2024-01-01,,935,57,delivered
O009645,C00413,R0091,2024-01-01,13:00,1173,17,Delivered
O009646,C02185,R0068,2024-01-01,20:00,1371,70,
O009647,C01358,R0362,March 3 2024,22:00,-64,86,Delivered
O009648,C02596,R0260,,,320,-3,
O009649,C02436,R0146,2024-01-01,12:00,19,111,delivered
O009650,C00571,R0063,March 3 2024,18:00,643,79,Cancelled
O009651,C02469,R0343,March 3 2024,20:00,1353,119,Cancelled
O009652,C00141,R0480,March 3 2024,13:00,637,8,Cancelled
O009653,C01940,R0460,2024-01-01,20:00,1318,16,Delivered
O009654,C00051,R0180,2024-01-01,13:00,1343,5,Cancelled
O009655,C02180,R0468,March 3 2024,,351,-9,Cancelled
O009656,C02977,R0111,March 3 2024,,1941,-1,Delivered
O009657,C01429,R0191,March 3 2024,18:00,1685,95,Delivered
O009658,C01361,R0429,,20:00,1195,6,Cancelled
O009659,C02710,R0396,,18:00,1209,-4,
O009660,C00366,R0392,01-02-2024,13:00,962,35,delivered
O009661,C02956,R0246,01-02-2024,22:00,1479,-1,Delivered
O009662,C01935,R0278,2024-01-01,22:00,864,5,delivered
O009663,C00787,R0347,,12:00,1411,-10,delivered
O009664,C02004,R0425,01-02-2024,13:00,271,2,Delivered
O009665,C02902,R0372,March 3 2024,13:00,902,19,delivered
O009666,C00258,R0297,March 3 2024,13:00,1179,61,
O009667,C00045,R0337,2024-01-01,,304,0,Cancelled
O009668,C00269,R0123,2024-01-01,,1454,102,
O009669,C01335,R0057,01-02-2024,22:00,1318,64,delivered
O009670,C00672,R0160,March 3 2024,22:00,480,37,Cancelled
O009671,C01302,R0127,2024-01-01,22:00,1972,-4,Delivered
O009672,C02905,R0225,2024-01-01,20:00,526,-10,
O009673,C02193,R0095,,20:00,1721,76,Cancelled
O009674,C01990,R0311,01-02-2024,22:00,1196,21,Delivered
O009675,C00235,R0006,2024-01-01,18:00,240,51,
O009676,C02739,R0423,01-02-2024,20:00,111,81,
O009677,C02768,R0265,March 3 2024,,1546,67,
O009678,C01469,R0234,01-02-2024,20:00,1899,66,
O009679,C02401,R0288,2024-01-01,20:00,1313,23,delivered
O009680,C01418,R0420,,20:00,909,107,Delivered
O009681,C00994,R0384,01-02-2024,12:00,812,13,Cancelled
O009682,C00275,R0016,01-02-2024,20:00,1802,17,Delivered
O009683,C00910,R0140,March 3 2024,18:00,-46,0,delivered
O009684,C00440,R0297,,12:00,1527,27,delivered
O009685,C01087,R0195,01-02-2024,,780,118,Cancelled
O009686,C01897,R0186,,,1873,110,Cancelled
O009687,C01751,R0475,2024-01-01,20:00,1902,98,Delivered
O009688,C00872,R0475,,13:00,1699,54,
O009689,C00651,R0393,2024-01-01,12:00,1222,53,Cancelled
O009690,C02991,R0125,March 3 2024,,1533,-2,Delivered
O009691,C00034,R0017,March 3 2024,20:00,624,21,Cancelled
O009692,C02753,R0366,March 3 2024,18:00,1951,43,delivered
O009693,C00867,R0389,2024-01-01,22:00,1215,114,delivered
O009694,C01594,R0026,01-02-2024,,1312,15,
O009695,C00832,R0213,2024-01-01,20:00,652,51,
O009696,C01111,R0385,,13:00,1454,98,
O009697,C00462,R0001,,18:00,325,107,
O009698,C02129,R0291,2024-01-01,,298,19,Cancelled
O009699,C00322,R0265,March 3 2024,12:00,203,92,Delivered
O009700,C00415,R0343,March 3 2024,18:00,1636,14,delivered
O009701,C01875,R0038,,20:00,3,6,Delivered
O009702,C00666,R0233,,,263,97,delivered
O009703,C02238,R0260,01-02-2024,,1005,16,Cancelled
O009704,C01257,R0308,01-02-2024,13:00,1754,68,Cancelled
O009705,C02440,R0403,01-02-2024,,466,26,
O009706,C00168,R0485,,18:00,1671,101,Cancelled
O009707,C01174,R0261,01-02-2024,,1008,95,delivered
O009708,C02712,R0476,,18:00,1142,109,
O009709,C01410,R0238,,22:00,1797,48,Cancelled
O009710,C02429,R0106,2024-01-01,22:00,624,-1,Cancelled
O009711,C01833,R0247,01-02-2024,20:00,614,-10,Cancelled
O009712,C02025,R0304,2024-01-01,12:00,1735,41,Delivered
O009713,C01641,R0343,2024-01-01,12:00,1165,76,Cancelled
O009714,C00898,R0447,01-02-2024,13:00,1102,-6,Delivered
O009715,C02912,R0038,,20:00,1888,117,
O009716,C02110,R0308,,12:00,-9,91,Delivered
O009717,C02576,R0343,,,1423,107,delivered
O009718,C00862,R0046,01-02-2024,18:00,1573,106,Cancelled
O009719,C00150,R0210,,20:00,1429,92,
O009720,C02164,R0093,2024-01-01,18:00,523,82,delivered
O009721,C00824,R0220,March 3 2024,13:00,68,37,Cancelled
O009722,C02113,R0256,01-02-2024,,1219,22,Delivered
O009723,C01453,R0137,March 3 2024,20:00,1384,92,delivered
O009724,C02358,R0231,2024-01-01,,769,14,Delivered
O009725,C02754,R0306,March 3 2024,,1379,33,Cancelled
O009726,C02902,R0202,2024-01-01,,874,80,delivered
O009727,C01454,R0066,March 3 2024,13:00,260,110,Cancelled
O009728,C00306,R0461,March 3 2024,22:00,-58,100,delivered
O009729,C01385,R0038,,13:00,1782,55,Cancelled
O009730,C01575,R0155,March 3 2024,,1220,117,Delivered
O009731,C00873,R0105,2024-01-01,22:00,1479,12,
O009732,C00169,R0255,2024-01-01,20:00,1808,89,Delivered
O009733,C01483,R0404,2024-01-01,18:00,1684,76,
O009734,C01604,R0488,01-02-2024,18:00,1825,109,delivered
O009735,C01031,R0446,2024-01-01,18:00,1815,110,Cancelled
O009736,C01735,R0458,01-02-2024,13:00,156,17,Cancelled
O009737,C02636,R0016,2024-01-01,20:00,1140,-3,Delivered
O009738,C02810,R0079,01-02-2024,20:00,649,101,
O009739,C00347,R0013,March 3 2024,22:00,556,4,
O009740,C01390,R0370,March 3 2024,20:00,633,26,delivered
O009741,C00735,R0102,2024-01-01,18:00,127,96,Cancelled
O009742,C01277,R0404,01-02-2024,20:00,1159,109,
O009743,C02458,R0152,,22:00,86,74,
O009744,C00543,R0489,,20:00,1460,107,Cancelled
O009745,C00355,R0178,,20:00,1428,81,Delivered
O009746,C00713,R0391,March 3 2024,18:00,750,25,Cancelled
O009747,C00584,R0087,March 3 2024,20:00,1244,69,
O009748,C00511,R0088,01-02-2024,13:00,1116,1,Delivered
O009749,C02581,R0029,2024-01-01,22:00,478,17,delivered
O009750,C02576,R0389,March 3 2024,22:00,213,22,Cancelled
O009751,C00947,R0363,2024-01-01,22:00,330,64,Cancelled
O009752,C01199,R0493,,20:00,1279,68,Delivered
O009753,C02872,R0419,,13:00,1315,68,
O009754,C00078,R0321,2024-01-01,,1597,39,Delivered
O009755,C00440,R0100,01-02-2024,,1699,18,Cancelled
O009756,C01776,R0115,,22:00,1142,47,Delivered
O009757,C02597,R0210,01-02-2024,12:00,1902,15,Delivered
O009758,C02448,R0454,,,1515,12,delivered
O009759,C01217,R0343,March 3 2024,,1498,6,
O009760,C02749,R0074,,18:00,889,48,Delivered
O009761,C01291,R0135,01-02-2024,12:00,355,92,Cancelled
O009762,C00126,R0428,March 3 2024,12:00,1186,83,Delivered
O009763,C01739,R0456,,22:00,1392,-6,
O009764,C02882,R0269,March 3 2024,12:00,509,15,
O009765,C02592,R0350,March 3 2024,12:00,1741,101,Cancelled
O009766,C00502,R0466,,,838,115,
O009767,C02872,R0078,2024-01-01,13:00,1584,75,Cancelled
O009768,C00387,R0459,2024-01-01,18:00,1544,98,
O009769,C00412,R0380,01-02-2024,20:00,1122,-9,Delivered
O009770,C01370,R0490,01-02-2024,22:00,1985,33,Cancelled
O009771,C02007,R0125,,,39,95,
O009772,C01118,R0038,March 3 2024,,1694,98,delivered
O009773,C02376,R0269,March 3 2024,22:00,1582,33,delivered
O009774,C02148,R0310,2024-01-01,12:00,326,38,Cancelled
O009775,C02509,R0106,2024-01-01,20:00,1917,80,delivered
O009776,C01339,R0044,March 3 2024,,1118,70,Delivered
O009777,C02073,R0225,March 3 2024,20:00,114,71,Delivered
O009778,C01942,R0242,01-02-2024,20:00,1812,32,
O009779,C02542,R0397,March 3 2024,22:00,440,33,Delivered
O009780,C00353,R0153,March 3 2024,22:00,1352,55,Cancelled
O009781,C00869,R0024,,,1617,34,Delivered
O009782,C02247,R0124,March 3 2024,,1328,8,
O009783,C01303,R0285,2024-01-01,,1211,-7,Delivered
O009784,C00847,R0484,2024-01-01,13:00,646,86,
O009785,C01103,R0454,01-02-2024,22:00,653,87,Cancelled
O009786,C01448,R0402,01-02-2024,22:00,383,85,delivered
O009787,C00526,R0348,,13:00,287,90,Delivered
O009788,C02589,R0261,01-02-2024,22:00,1688,37,
O009789,C01680,R0146,March 3 2024,12:00,444,7,Cancelled
O009790,C02525,R0191,March 3 2024,12:00,480,29,delivered
O009791,C01879,R0381,,13:00,1061,54,delivered
O009792,C00010,R0165,2024-01-01,,30,103,delivered
O009793,C01284,R0071,March 3 2024,13:00,1558,42,Delivered
O009794,C02572,R0439,March 3 2024,12:00,265,51,delivered
O009795,C02858,R0201,,20:00,320,115,delivered
O009796,C02820,R0355,2024-01-01,22:00,323,103,delivered
O009797,C01620,R0012,01-02-2024,18:00,1708,50,Delivered
O009798,C01884,R0052,March 3 2024,18:00,1678,38,Cancelled
O009799,C02908,R0441,2024-01-01,13:00,-6,79,delivered
O009800,C01059,R0256,,18:00,1085,57,Cancelled
O009801,C02223,R0302,,20:00,734,60,delivered
O009802,C02490,R0360,2024-01-01,18:00,1719,84,delivered
O009803,C01171,R0300,,12:00,1039,115,Delivered
O009804,C01593,R0487,01-02-2024,13:00,362,11,delivered
O009805,C01928,R0408,2024-01-01,,830,92,
O009806,C02294,R0009,01-02-2024,18:00,580,29,delivered
O009807,C00675,R0140,,22:00,1253,42,Cancelled
O009808,C01879,R0100,01-02-2024,13:00,556,19,
O009809,C02162,R0485,01-02-2024,20:00,1105,112,Delivered
O009810,C01012,R0137,01-02-2024,12:00,355,109,
O009811,C00794,R0359,01-02-2024,18:00,818,50,
O009812,C00233,R0366,2024-01-01,12:00,174,62,
O009813,C01702,R0372,,20:00,1984,35,
O009814,C00060,R0022,,,774,47,
O009815,C01346,R0145,March 3 2024,18:00,-33,18,Cancelled
O009816,C02174,R0161,01-02-2024,,1333,42,
O009817,C00511,R0249,01-02-2024,,1930,21,Cancelled
O009818,C01508,R0175,March 3 2024,13:00,259,-2,Cancelled
O009819,C02329,R0088,March 3 2024,,847,26,Cancelled
O009820,C00798,R0399,01-02-2024,13:00,1801,-3,Delivered
O009821,C00188,R0477,,,474,57,
O009822,C02951,R0480,March 3 2024,22:00,995,41,delivered
O009823,C01307,R0033,01-02-2024,20:00,1888,35,Delivered
O009824,C02699,R0477,,18:00,189,6,delivered
O009825,C00392,R0271,2024-01-01,12:00,1974,10,
O009826,C00382,R0283,March 3 2024,12:00,1285,37,
O009827,C02264,R0226,March 3 2024,18:00,1488,-2,delivered
O009828,C02590,R0445,,20:00,1677,-6,Cancelled
O009829,C00606,R0452,2024-01-01,20:00,1378,-5,
O009830,C00116,R0497,,,704,35,delivered
O009831,C00509,R0112,March 3 2024,12:00,511,86,Delivered
O009832,C02319,R0082,2024-01-01,18:00,371,101,delivered
O009833,C01464,R0213,01-02-2024,,1869,90,Delivered
O009834,C01048,R0304,March 3 2024,18:00,268,112,Delivered
O009835,C00776,R0008,,12:00,309,92,
O009836,C01067,R0134,,18:00,1525,5,Delivered
O009837,C01194,R0447,,18:00,60,81,
O009838,C00340,R0118,,,1636,111,delivered
O009839,C00169,R0084,,13:00,1657,-4,Cancelled
O009840,C01839,R0258,March 3 2024,13:00,-88,88,Delivered
O009841,C01562,R0243,2024-01-01,22:00,1886,101,
O009842,C02710,R0237,,,1778,87,Cancelled
O009843,C02191,R0150,,22:00,338,118,Delivered
O009844,C00575,R0374,01-02-2024,20:00,320,8,delivered
O009845,C01629,R0021,01-02-2024,13:00,1575,76,Delivered
O009846,C01743,R0134,2024-01-01,13:00,1199,-7,delivered
O009847,C00475,R0379,March 3 2024,13:00,930,119,delivered
O009848,C02359,R0096,March 3 2024,13:00,399,12,delivered
O009849,C00531,R0454,2024-01-01,20:00,145,96,delivered
O009850,C00991,R0013,2024-01-01,12:00,245,71,
O009851,C02121,R0001,2024-01-01,20:00,1675,70,
O009852,C01418,R0150,,12:00,379,47,
O009853,C00869,R0117,March 3 2024,22:00,1017,1,Cancelled
O009854,C02442,R0152,2024-01-01,13:00,1233,110,delivered
O009855,C01782,R0064,01-02-2024,,1852,-7,Delivered
O009856,C02529,R0425,,,69,17,Cancelled
O009857,C02521,R0478,,12:00,18,22,Cancelled
O009858,C00313,R0150,,20:00,657,63,Cancelled
O009859,C01462,R0317,,12:00,1657,-6,Cancelled
O009860,C00952,R0364,2024-01-01,18:00,8,-1,Delivered
O009861,C02372,R0012,,22:00,645,6,delivered
O009862,C01013,R0090,01-02-2024,22:00,1416,49,Delivered
O009863,C00965,R0388,01-02-2024,13:00,1523,22,delivered
O009864,C02135,R0083,2024-01-01,13:00,316,100,Cancelled
O009865,C00359,R0464,,20:00,1248,20,Cancelled
O009866,C00695,R0250,01-02-2024,12:00,609,-7,
O009867,C02245,R0384,March 3 2024,18:00,517,112,
O009868,C02804,R0396,,22:00,151,7,Cancelled
O009869,C01945,R0033,2024-01-01,12:00,637,71,Cancelled
O009870,C01409,R0149,March 3 2024,18:00,1336,23,delivered
O009871,C01142,R0128,,,497,37,Cancelled
O009872,C00498,R0100,March 3 2024,12:00,1476,52,delivered
O009873,C00908,R0457,,13:00,1341,3,Cancelled
O009874,C02979,R0487,,,1408,79,Delivered
O009875,C00462,R0362,01-02-2024,,583,76,Cancelled
O009876,C01618,R0493,March 3 2024,22:00,1820,22,delivered
O009877,C01928,R0328,March 3 2024,18:00,1595,70,delivered
O009878,C02282,R0212,2024-01-01,13:00,974,117,Delivered
O009879,C00417,R0074,2024-01-01,,1553,101,delivered
O009880,C01491,R0096,March 3 2024,20:00,1519,88,
O009881,C01506,R0092,01-02-2024,20:00,1775,104,Delivered
O009882,C01389,R0330,01-02-2024,13:00,1913,39,Cancelled
O009883,C02201,R0328,,18:00,170,105,Cancelled
O009884,C00272,R0436,2024-01-01,18:00,984,60,Cancelled
O009885,C00392,R0175,2024-01-01,22:00,1789,52,delivered
O009886,C02595,R0225,2024-01-01,13:00,528,59,Cancelled
O009887,C00725,R0315,,20:00,1059,93,Cancelled
O009888,C01747,R0175,01-02-2024,13:00,901,-10,Cancelled
O009889,C01675,R0056,2024-01-01,12:00,1179,114,
O009890,C02237,R0497,,18:00,1467,103,
O009891,C02860,R0269,March 3 2024,,1177,25,
O009892,C00395,R0428,01-02-2024,12:00,1937,35,Cancelled
O009893,C00662,R0035,March 3 2024,20:00,1822,111,Cancelled
O009894,C00853,R0119,2024-01-01,18:00,693,71,delivered
O009895,C02642,R0371,,20:00,930,33,delivered
O009896,C02238,R0413,01-02-2024,20:00,759,82,delivered
O009897,C02282,R0056,2024-01-01,20:00,338,57,delivered
O009898,C01712,R0389,01-02-2024,22:00,450,65,Cancelled
O009899,C02280,R0451,,20:00,1951,66,delivered
O009900,C02406,R0309,,20:00,1465,67,Delivered
O009901,C02526,R0357,2024-01-01,12:00,577,75,Cancelled
O009902,C02031,R0376,01-02-2024,12:00,361,-2,Cancelled
O009903,C00237,R0316,,12:00,1471,103,Delivered
O009904,C01057,R0105,01-02-2024,18:00,1422,70,delivered
O009905,C02261,R0390,01-02-2024,22:00,1134,77,Delivered
O009906,C01596,R0176,March 3 2024,18:00,1036,58,delivered
O009907,C02427,R0106,2024-01-01,22:00,16,95,Delivered
O009908,C01026,R0080,2024-01-01,22:00,1239,54,Cancelled
O009909,C00909,R0163,01-02-2024,13:00,462,16,delivered
O009910,C00450,R0402,March 3 2024,,1356,-5,delivered
O009911,C00569,R0267,01-02-2024,13:00,23,42,delivered
O009912,C02861,R0051,2024-01-01,13:00,55,106,Cancelled
O009913,C01674,R0377,2024-01-01,22:00,308,86,delivered
O009914,C02327,R0279,01-02-2024,22:00,365,117,Delivered
O009915,C00214,R0303,01-02-2024,18:00,653,43,delivered
O009916,C01775,R0075,01-02-2024,22:00,1087,21,delivered
O009917,C01309,R0443,2024-01-01,20:00,671,40,Cancelled
O009918,C00718,R0441,01-02-2024,20:00,1200,54,Delivered
O009919,C00970,R0349,01-02-2024,22:00,903,74,Delivered
O009920,C02919,R0127,,20:00,293,2,Delivered
O009921,C01666,R0246,2024-01-01,22:00,1997,-3,delivered
O009922,C02486,R0312,01-02-2024,13:00,1701,-3,
O009923,C02719,R0234,March 3 2024,22:00,43,47,
O009924,C00904,R0155,2024-01-01,13:00,65,113,delivered
O009925,C01451,R0073,01-02-2024,12:00,943,80,Cancelled
O009926,C01456,R0419,01-02-2024,20:00,-32,92,Cancelled
O009927,C02940,R0439,,12:00,-76,76,delivered
O009928,C02437,R0137,,20:00,-89,50,Delivered
O009929,C00135,R0274,2024-01-01,,476,65,Delivered
O009930,C00532,R0044,,,133,103,delivered
O009931,C02268,R0247,,,816,91,Delivered
O009932,C00333,R0149,2024-01-01,12:00,1621,96,Delivered
O009933,C01154,R0056,March 3 2024,,490,83,
O009934,C01626,R0176,01-02-2024,22:00,1567,63,
O009935,C01449,R0356,01-02-2024,,1198,7,delivered
O009936,C01322,R0257,,12:00,1746,102,
O009937,C01528,R0411,01-02-2024,20:00,1752,-9,
O009938,C01709,R0301,,18:00,1635,19,Cancelled
O009939,C02405,R0063,2024-01-01,20:00,512,36,delivered
O009940,C00401,R0314,2024-01-01,18:00,51,32,Cancelled
O009941,C02012,R0424,2024-01-01,22:00,558,0,
O009942,C02944,R0063,01-02-2024,20:00,209,8,
O009943,C02474,R0294,,12:00,48,-7,Delivered
O009944,C02757,R0029,,22:00,1402,100,Cancelled
O009945,C01479,R0040,01-02-2024,20:00,1104,40,Cancelled
O009946,C01915,R0147,2024-01-01,22:00,1719,93,delivered
O009947,C01058,R0088,March 3 2024,18:00,363,72,Delivered
O009948,C02296,R0056,,22:00,873,26,Delivered
O009949,C02994,R0300,,12:00,226,48,Delivered
O009950,C00042,R0193,01-02-2024,20:00,48,97,
O009951,C00801,R0100,March 3 2024,18:00,1200,94,
O009952,C02171,R0215,2024-01-01,22:00,-66,7,
O009953,C00027,R0141,,13:00,1801,14,Cancelled
O009954,C02619,R0414,01-02-2024,18:00,-100,14,Cancelled
O009955,C01171,R0049,March 3 2024,18:00,1567,73,delivered
O009956,C02544,R0499,01-02-2024,12:00,1840,40,Delivered
O009957,C02534,R0115,March 3 2024,12:00,920,-1,
O009958,C02947,R0229,01-02-2024,22:00,-9,114,
O009959,C00711,R0252,March 3 2024,13:00,493,81,Delivered
O009960,C02424,R0075,,18:00,1488,115,
O009961,C02019,R0191,March 3 2024,22:00,1776,102,
O009962,C00665,R0199,2024-01-01,,885,103,Cancelled
O009963,C00783,R0163,,13:00,868,35,Cancelled
O009964,C02899,R0139,2024-01-01,22:00,861,59,
O009965,C01980,R0049,,18:00,1886,0,
O009966,C02048,R0363,March 3 2024,22:00,145,72,Cancelled
O009967,C01107,R0367,,12:00,178,119,Delivered
O009968,C01559,R0115,01-02-2024,12:00,752,47,Delivered
O009969,C01723,R0168,March 3 2024,20:00,330,74,
O009970,C01652,R0496,01-02-2024,13:00,1184,68,delivered
O009971,C02722,R0277,01-02-2024,,1178,66,delivered
O009972,C01127,R0047,01-02-2024,18:00,706,60,
O009973,C01779,R0259,01-02-2024,13:00,168,105,Delivered
O009974,C02410,R0414,2024-01-01,12:00,1988,56,delivered
O009975,C00684,R0216,March 3 2024,,1098,4,Cancelled
O009976,C01280,R0230,01-02-2024,18:00,332,73,delivered
O009977,C02295,R0127,2024-01-01,20:00,702,-8,Cancelled
O009978,C02011,R0323,,12:00,1938,47,delivered
O009979,C01216,R0318,01-02-2024,12:00,830,16,Delivered
O009980,C01650,R0421,01-02-2024,,799,-8,
O009981,C02583,R0225,2024-01-01,13:00,1203,54,
O009982,C01894,R0150,,22:00,1017,0,
O009983,C00314,R0287,,13:00,1128,14,Cancelled
O009984,C01397,R0046,2024-01-01,12:00,467,-7,
O009985,C00444,R0460,01-02-2024,13:00,642,72,delivered
O009986,C01672,R0301,March 3 2024,22:00,582,43,Delivered
O009987,C02917,R0014,2024-01-01,20:00,1749,49,
O009988,C01814,R0121,March 3 2024,18:00,1314,69,Cancelled
O009989,C00582,R0396,01-02-2024,12:00,1201,48,Cancelled
O009990,C02919,R0375,01-02-2024,13:00,1695,35,Delivered
O009991,C01384,R0191,,12:00,795,82,Delivered
O009992,C00548,R0475,01-02-2024,18:00,831,94,Cancelled
O009993,C01132,R0333,,13:00,380,35,Delivered
O009994,C00465,R0344,,20:00,1374,15,delivered
O009995,C01046,R0166,01-02-2024,18:00,190,-10,delivered
O009996,C02550,R0117,,22:00,1874,101,
O009997,C02899,R0431,01-02-2024,22:00,1300,79,
O009998,C01865,R0124,,12:00,89,28,Cancelled
O009999,C00716,R0054,,22:00,1118,16,Cancelled
O010000,C00892,R0439,01-02-2024,13:00,1499,5,delivered
