payment_id,order_id,payment_method,payment_status
P000001,O000001,Credit Card,
P000002,O000002,UPI,Completed
P000003,O000003,Debit Card,Failed
P000004,O000004,,completed
P000005,O000005,Credit Card,
P000006,O000006,,
P000007,O000007,Debit Card,Failed
P000008,O000008,,
P000009,O000009,Credit Card,completed
P000010,O000010,Debit Card,
P000011,O000011,Credit Card,
P000012,O000012,Credit Card,Completed
P000013,O000013,,Completed
P000014,O000014,Debit Card,completed
P000015,O000015,,Completed
P000016,O000016,Debit Card,
P000017,O000017,UPI,completed
P000018,O000018,UPI,completed
P000019,O000019,Debit Card,Failed
P000020,O000020,,Completed
P000021,O000021,Cash,Failed
P000022,O000022,Debit Card,Failed
P000023,O000023,Credit Card,Completed
P000024,O000024,UPI,Failed
P000025,O000025,Debit Card,
P000026,O000026,Debit Card,Completed
P000027,O000027,Debit Card,Completed
P000028,O000028,Credit Card,Failed
P000029,O000029,,Completed
P000030,O000030,Cash,Completed
P000031,O000031,Credit Card,Completed
P000032,O000032,Cash,
P000033,O000033,UPI,Completed
P000034,O000034,Cash,Failed
P000035,O000035,Cash,completed
P000036,O000036,UPI,Failed
P000037,O000037,Credit Card,
P000038,O000038,Credit Card,completed
P000039,O000039,UPI,completed
P000040,O000040,Credit Card,completed
P000041,O000041,,
P000042,O000042,Cash,Completed
P000043,O000043,Credit Card,completed
P000044,O000044,Cash,
P000045,O000045,Credit Card,Completed
P000046,O000046,Cash,
P000047,O000047,UPI,
P000048,O000048,UPI,
P000049,O000049,UPI,Completed
P000050,O000050,,Completed
P000051,O000051,,Failed
P000052,O000052,UPI,completed
P000053,O000053,Cash,Failed
P000054,O000054,UPI,
P000055,O000055,UPI,Completed
P000056,O000056,Debit Card,Failed
P000057,O000057,,Completed
P000058,O000058,,Failed
P000059,O000059,UPI,Completed
P000060,O000060,UPI,Completed
P000061,O000061,Debit Card,Failed
P000062,O000062,Debit Card,Completed
P000063,O000063,,
P000064,O000064,,completed
P000065,O000065,,Failed
P000066,O000066,,
P000067,O000067,Cash,Failed
P000068,O000068,UPI,Completed
P000069,O000069,Cash,Failed
P000070,O000070,Credit Card,completed
P000071,O000071,,Failed
P000072,O000072,,
P000073,O000073,UPI,
P000074,O000074,,completed
P000075,O000075,,Failed
P000076,O000076,Cash,completed
P000077,O000077,Credit Card,Failed
P000078,O000078,Cash,completed
P000079,O000079,Debit Card,Completed
P000080,O000080,,Failed
P000081,O000081,Cash,Failed
P000082,O000082,UPI,completed
P000083,O000083,Credit Card,
P000084,O000084,Credit Card,Failed
P000085,O000085,UPI,completed
P000086,O000086,UPI,
P000087,O000087,,Completed
P000088,O000088,Credit Card,
P000089,O000089,UPI,
P000090,O000090,Debit Card,
P000091,O000091,Credit Card,
P000092,O000092,UPI,completed
P000093,O000093,Cash,Failed
P000094,O000094,UPI,Completed
P000095,O000095,Credit Card,
P000096,O000096,,completed
P000097,O000097,Debit Card,
P000098,O000098,UPI,completed
P000099,O000099,Credit Card,Completed
P000100,O000100,UPI,
P000101,O000101,UPI,Failed
P000102,O000102,Credit Card,Failed
P000103,O000103,Cash,
P000104,O000104,Credit Card,
P000105,O000105,Credit Card,Failed
P000106,O000106,,Completed
P000107,O000107,UPI,
P000108,O000108,UPI,
P000109,O000109,Credit Card,completed
P000110,O000110,Cash,
P000111,O000111,,
P000112,O000112,Cash,Completed
P000113,O000113,Cash,completed
P000114,O000114,,Completed
P000115,O000115,,
P000116,O000116,Cash,
P000117,O000117,Cash,completed
P000118,O000118,Cash,completed
P000119,O000119,UPI,Completed
P000120,O000120,UPI,
P000121,O000121,UPI,
P000122,O000122,UPI,Completed
P000123,O000123,,Completed
P000124,O000124,Credit Card,completed
P000125,O000125,UPI,
P000126,O000126,Cash,
P000127,O000127,Credit Card,Completed
P000128,O000128,UPI,
P000129,O000129,Debit Card,
P000130,O000130,Debit Card,completed
P000131,O000131,,
P000132,O000132,Debit Card,completed
P000133,O000133,,
P000134,O000134,,
P000135,O000135,,
P000136,O000136,Credit Card,Completed
P000137,O000137,Credit Card,
P000138,O000138,Debit Card,
P000139,O000139,Credit Card,Failed
P000140,O000140,UPI,Failed
P000141,O000141,,completed
P000142,O000142,UPI,
P000143,O000143,Credit Card,completed
P000144,O000144,Cash,Failed
P000145,O000145,Credit Card,completed
P000146,O000146,,
P000147,O000147,Cash,Failed
P000148,O000148,Cash,
P000149,O000149,,completed
P000150,O000150,Debit Card,completed
P000151,O000151,Credit Card,Completed
P000152,O000152,Credit Card,Failed
P000153,O000153,Cash,completed
P000154,O000154,Cash,Failed
P000155,O000155,,Completed
P000156,O000156,,Failed
P000157,O000157,Debit Card,completed
P000158,O000158,Cash,Failed
P000159,O000159,Credit Card,Completed
P000160,O000160,,Failed
P000161,O000161,UPI,Failed
P000162,O000162,Credit Card,Failed
P000163,O000163,Cash,Failed
P000164,O000164,,completed
P000165,O000165,,
P000166,O000166,UPI,Failed
P000167,O000167,Debit Card,Completed
P000168,O000168,Credit Card,Failed
P000169,O000169,,Completed
P000170,O000170,Debit Card,
P000171,O000171,UPI,Completed
P000172,O000172,UPI,
P000173,O000173,Credit Card,Completed
P000174,O000174,Credit Card,Completed
P000175,O000175,,completed
P000176,O000176,,
P000177,O000177,Credit Card,Failed
P000178,O000178,Credit Card,Failed
P000179,O000179,,completed
P000180,O000180,,Failed
P000181,O000181,,completed
P000182,O000182,UPI,Completed
P000183,O000183,Cash,Failed
P000184,O000184,Credit Card,
P000185,O000185,UPI,Completed
P000186,O000186,,
P000187,O000187,Cash,
P000188,O000188,Cash,Failed
P000189,O000189,UPI,Failed
P000190,O000190,Debit Card,Failed
P000191,O000191,Debit Card,Completed
P000192,O000192,,
P000193,O000193,Debit Card,completed
P000194,O000194,,Completed
P000195,O000195,Debit Card,completed
P000196,O000196,UPI,Failed
P000197,O000197,Cash,
P000198,O000198,Credit Card,Failed
P000199,O000199,Cash,Failed
P000200,O000200,Debit Card,Failed
P000201,O000201,Cash,Completed
P000202,O000202,Debit Card,completed
P000203,O000203,,completed
P000204,O000204,Credit Card,completed
P000205,O000205,,Failed
P000206,O000206,Credit Card,Completed
P000207,O000207,,Failed
P000208,O000208,,completed
P000209,O000209,Cash,
P000210,O000210,Credit Card,Completed
P000211,O000211,Cash,
P000212,O000212,,Completed
P000213,O000213,Cash,
P000214,O000214,Debit Card,Failed
P000215,O000215,,Completed
P000216,O000216,Debit Card,Completed
P000217,O000217,,Completed
P000218,O000218,Debit Card,
P000219,O000219,Debit Card,Failed
P000220,O000220,,Failed
P000221,O000221,Debit Card,Completed
P000222,O000222,Credit Card,Failed
P000223,O000223,Debit Card,
P000224,O000224,,
P000225,O000225,Credit Card,Completed
P000226,O000226,Credit Card,completed
P000227,O000227,Credit Card,completed
P000228,O000228,Cash,Completed
P000229,O000229,Credit Card,
P000230,O000230,Cash,completed
P000231,O000231,UPI,completed
P000232,O000232,Debit Card,completed
P000233,O000233,Cash,Completed
P000234,O000234,,
P000235,O000235,Credit Card,Failed
P000236,O000236,,Completed
P000237,O000237,Credit Card,Completed
P000238,O000238,,
P000239,O000239,Debit Card,
P000240,O000240,Debit Card,Failed
P000241,O000241,UPI,Completed
P000242,O000242,,Completed
P000243,O000243,UPI,Completed
P000244,O000244,,completed
P000245,O000245,Debit Card,
P000246,O000246,UPI,Completed
P000247,O000247,Credit Card,Completed
P000248,O000248,Debit Card,Failed
P000249,O000249,Cash,completed
P000250,O000250,Debit Card,completed
P000251,O000251,Debit Card,Completed
P000252,O000252,Cash,completed
P000253,O000253,,completed
P000254,O000254,Cash,Failed
P000255,O000255,,Failed
P000256,O000256,UPI,completed
P000257,O000257,UPI,Failed
P000258,O000258,UPI,Completed
P000259,O000259,Cash,Failed
P000260,O000260,,
P000261,O000261,Credit Card,Completed
P000262,O000262,Debit Card,Failed
P000263,O000263,Cash,completed
P000264,O000264,UPI,Completed
P000265,O000265,Credit Card,Failed
P000266,O000266,,
P000267,O000267,,Failed
P000268,O000268,,Completed
P000269,O000269,Cash,Failed
P000270,O000270,Debit Card,
P000271,O000271,Debit Card,
P000272,O000272,Credit Card,completed
P000273,O000273,UPI,Completed
P000274,O000274,UPI,
P000275,O000275,UPI,
P000276,O000276,UPI,
P000277,O000277,Credit Card,completed
P000278,O000278,Credit Card,Completed
P000279,O000279,,
P000280,O000280,Cash,Completed
P000281,O000281,Debit Card,
P000282,O000282,Credit Card,
P000283,O000283,Debit Card,Completed
P000284,O000284,,Completed
P000285,O000285,,completed
P000286,O000286,Credit Card,completed
P000287,O000287,UPI,Completed
P000288,O000288,Cash,Completed
P000289,O000289,Debit Card,completed
P000290,O000290,Debit Card,Completed
P000291,O000291,,Completed
P000292,O000292,Debit Card,completed
P000293,O000293,UPI,completed
P000294,O000294,Credit Card,completed
P000295,O000295,Cash,
P000296,O000296,Cash,Failed
P000297,O000297,UPI,
P000298,O000298,Debit Card,Completed
P000299,O000299,UPI,completed
P000300,O000300,Cash,
P000301,O000301,UPI,
P000302,O000302,Cash,Completed
P000303,O000303,Debit Card,
P000304,O000304,Cash,Failed
P000305,O000305,UPI,completed
P000306,O000306,,completed
P000307,O000307,Cash,Completed
P000308,O000308,,Completed
P000309,O000309,,completed
P000310,O000310,,completed
P000311,O000311,UPI,
P000312,O000312,UPI,Completed
P000313,O000313,Debit Card,Completed
P000314,O000314,Cash,completed
P000315,O000315,Credit Card,Failed
P000316,O000316,,Completed
P000317,O000317,Cash,Completed
P000318,O000318,,Completed
P000319,O000319,Debit Card,completed
P000320,O000320,UPI,
P000321,O000321,Credit Card,completed
P000322,O000322,UPI,completed
P000323,O000323,Debit Card,Completed
P000324,O000324,Debit Card,Completed
P000325,O000325,,Failed
P000326,O000326,UPI,completed
P000327,O000327,UPI,
P000328,O000328,Credit Card,
P000329,O000329,Cash,completed
P000330,O000330,Debit Card,Completed
P000331,O000331,,Completed
P000332,O000332,Credit Card,Failed
P000333,O000333,UPI,
P000334,O000334,,Completed
P000335,O000335,Debit Card,Completed
P000336,O000336,Debit Card,Completed
P000337,O000337,Cash,Failed
P000338,O000338,UPI,
P000339,O000339,Debit Card,Failed
P000340,O000340,,Failed
P000341,O000341,,Failed
P000342,O000342,,Failed
P000343,O000343,UPI,completed
P000344,O000344,UPI,Completed
P000345,O000345,Debit Card,Failed
P000346,O000346,Cash,
P000347,O000347,Cash,Failed
P000348,O000348,Cash,Failed
P000349,O000349,Credit Card,
P000350,O000350,UPI,Failed
P000351,O000351,UPI,Completed
P000352,O000352,Debit Card,
P000353,O000353,,Completed
P000354,O000354,UPI,
P000355,O000355,Cash,completed
P000356,O000356,Credit Card,Completed
P000357,O000357,,Failed
P000358,O000358,,Failed
P000359,O000359,Credit Card,Failed
P000360,O000360,Credit Card,
P000361,O000361,UPI,Failed
P000362,O000362,Credit Card,Completed
P000363,O000363,Debit Card,Completed
P000364,O000364,,completed
P000365,O000365,,
P000366,O000366,Cash,Completed
P000367,O000367,UPI,Failed
P000368,O000368,Cash,Failed
P000369,O000369,UPI,Completed
P000370,O000370,UPI,completed
P000371,O000371,UPI,completed
P000372,O000372,Debit Card,Completed
P000373,O000373,Credit Card,Completed
P000374,O000374,Credit Card,
P000375,O000375,Debit Card,
P000376,O000376,Cash,Completed
P000377,O000377,UPI,Failed
P000378,O000378,Debit Card,Completed
P000379,O000379,Cash,
P000380,O000380,Credit Card,Completed
P000381,O000381,,completed
P000382,O000382,UPI,
P000383,O000383,UPI,completed
P000384,O000384,UPI,
P000385,O000385,Credit Card,
P000386,O000386,UPI,
P000387,O000387,UPI,Failed
P000388,O000388,Credit Card,
P000389,O000389,Debit Card,completed
P000390,O000390,Cash,
P000391,O000391,,completed
P000392,O000392,Cash,Completed
P000393,O000393,Credit Card,completed
P000394,O000394,Credit Card,completed
P000395,O000395,Cash,completed
P000396,O000396,Credit Card,
P000397,O000397,,completed
P000398,O000398,UPI,completed
P000399,O000399,Debit Card,completed
P000400,O000400,,completed
P000401,O000401,Credit Card,completed
P000402,O000402,Debit Card,Failed
P000403,O000403,Cash,Completed
P000404,O000404,UPI,completed
P000405,O000405,Cash,Completed
P000406,O000406,Debit Card,
P000407,O000407,UPI,completed
P000408,O000408,Cash,
P000409,O000409,Debit Card,Failed
P000410,O000410,UPI,
P000411,O000411,Credit Card,
P000412,O000412,UPI,
P000413,O000413,Debit Card,completed
P000414,O000414,,
P000415,O000415,Debit Card,Failed
P000416,O000416,,completed
P000417,O000417,Cash,completed
P000418,O000418,Credit Card,Completed
P000419,O000419,UPI,
P000420,O000420,Debit Card,
P000421,O000421,Credit Card,completed
P000422,O000422,,completed
P000423,O000423,,
P000424,O000424,Debit Card,Failed
P000425,O000425,,Completed
P000426,O000426,Credit Card,
P000427,O000427,Credit Card,completed
P000428,O000428,Credit Card,Completed
P000429,O000429,Debit Card,Completed
P000430,O000430,,
P000431,O000431,,completed
P000432,O000432,Cash,completed
P000433,O000433,UPI,completed
P000434,O000434,UPI,
P000435,O000435,,completed
P000436,O000436,,
P000437,O000437,Credit Card,completed
P000438,O000438,Debit Card,Completed
P000439,O000439,,Failed
P000440,O000440,Cash,Completed
P000441,O000441,Cash,completed
P000442,O000442,,Completed
P000443,O000443,UPI,Failed
P000444,O000444,Debit Card,Completed
P000445,O000445,Cash,completed
P000446,O000446,,completed
P000447,O000447,,
P000448,O000448,Credit Card,completed
P000449,O000449,Cash,Failed
P000450,O000450,Credit Card,
P000451,O000451,Debit Card,completed
P000452,O000452,Debit Card,completed
P000453,O000453,Cash,completed
P000454,O000454,Credit Card,completed
P000455,O000455,UPI,Completed
P000456,O000456,Credit Card,
P000457,O000457,Cash,
P000458,O000458,Cash,completed
P000459,O000459,Credit Card,Completed
P000460,O000460,,Failed
P000461,O000461,,Completed
P000462,O000462,UPI,Completed
P000463,O000463,UPI,Completed
P000464,O000464,UPI,
P000465,O000465,Cash,Completed
P000466,O000466,Cash,Completed
P000467,O000467,,Completed
P000468,O000468,Credit Card,Failed
P000469,O000469,Debit Card,
P000470,O000470,Credit Card,completed
P000471,O000471,,
P000472,O000472,,Failed
P000473,O000473,,Completed
P000474,O000474,,Completed
P000475,O000475,Cash,Completed
P000476,O000476,UPI,Failed
P000477,O000477,UPI,Completed
P000478,O000478,Credit Card,Failed
P000479,O000479,Credit Card,Completed
P000480,O000480,,Completed
P000481,O000481,,Failed
P000482,O000482,Debit Card,Failed
P000483,O000483,UPI,Failed
P000484,O000484,,Failed
P000485,O000485,Credit Card,
P000486,O000486,Credit Card,
P000487,O000487,Credit Card,Completed
P000488,O000488,Debit Card,Completed
P000489,O000489,,completed
P000490,O000490,,Completed
P000491,O000491,,Completed
P000492,O000492,Debit Card,Completed
P000493,O000493,,
P000494,O000494,UPI,Completed
P000495,O000495,,Completed
P000496,O000496,,completed
P000497,O000497,Credit Card,
P000498,O000498,,
P000499,O000499,Cash,Failed
P000500,O000500,Debit Card,Completed
P000501,O000501,Credit Card,Completed
P000502,O000502,Debit Card,
P000503,O000503,Cash,Failed
P000504,O000504,Credit Card,Failed
P000505,O000505,Credit Card,completed
P000506,O000506,Cash,completed
P000507,O000507,Cash,
P000508,O000508,UPI,
P000509,O000509,Credit Card,
P000510,O000510,Debit Card,
P000511,O000511,,completed
P000512,O000512,Cash,Failed
P000513,O000513,UPI,
P000514,O000514,Cash,Completed
P000515,O000515,Debit Card,Failed
P000516,O000516,,Completed
P000517,O000517,,
P000518,O000518,Cash,Failed
P000519,O000519,,
P000520,O000520,,Failed
P000521,O000521,Debit Card,Failed
P000522,O000522,Cash,Failed
P000523,O000523,UPI,Completed
P000524,O000524,UPI,Completed
P000525,O000525,Credit Card,
P000526,O000526,Debit Card,Completed
P000527,O000527,Cash,Completed
P000528,O000528,,
P000529,O000529,Debit Card,
P000530,O000530,Cash,completed
P000531,O000531,Cash,completed
P000532,O000532,Debit Card,Failed
P000533,O000533,Debit Card,Completed
P000534,O000534,Debit Card,Completed
P000535,O000535,Credit Card,Failed
P000536,O000536,,Failed
P000537,O000537,Debit Card,Failed
P000538,O000538,Credit Card,Completed
P000539,O000539,UPI,Completed
P000540,O000540,Credit Card,
P000541,O000541,,Completed
P000542,O000542,UPI,completed
P000543,O000543,Debit Card,
P000544,O000544,Debit Card,Failed
P000545,O000545,Debit Card,Completed
P000546,O000546,Debit Card,Failed
P000547,O000547,UPI,completed
P000548,O000548,Credit Card,Failed
P000549,O000549,Credit Card,
P000550,O000550,Cash,Completed
P000551,O000551,Credit Card,Failed
P000552,O000552,Credit Card,Completed
P000553,O000553,Credit Card,
P000554,O000554,Credit Card,
P000555,O000555,Credit Card,
P000556,O000556,UPI,completed
P000557,O000557,,
P000558,O000558,,completed
P000559,O000559,Cash,Completed
P000560,O000560,Credit Card,
P000561,O000561,Debit Card,
P000562,O000562,,completed
P000563,O000563,Debit Card,
P000564,O000564,Cash,Failed
P000565,O000565,Debit Card,completed
P000566,O000566,Credit Card,completed
P000567,O000567,Credit Card,completed
P000568,O000568,UPI,completed
P000569,O000569,Credit Card,Completed
P000570,O000570,,completed
P000571,O000571,Credit Card,Completed
P000572,O000572,Credit Card,Completed
P000573,O000573,Debit Card,Completed
P000574,O000574,Cash,Failed
P000575,O000575,Credit Card,Failed
P000576,O000576,,Completed
P000577,O000577,Cash,
P000578,O000578,Credit Card,Failed
P000579,O000579,Cash,completed
P000580,O000580,,
P000581,O000581,Debit Card,Failed
P000582,O000582,Debit Card,completed
P000583,O000583,UPI,
P000584,O000584,,Failed
P000585,O000585,Credit Card,
P000586,O000586,Credit Card,Completed
P000587,O000587,UPI,Completed
P000588,O000588,,Failed
P000589,O000589,Cash,completed
P000590,O000590,Cash,completed
P000591,O000591,Debit Card,Completed
P000592,O000592,Cash,completed
P000593,O000593,Cash,Completed
P000594,O000594,,Failed
P000595,O000595,,Failed
P000596,O000596,UPI,
P000597,O000597,,Failed
P000598,O000598,UPI,
P000599,O000599,UPI,Completed
P000600,O000600,Credit Card,
P000601,O000601,Cash,
P000602,O000602,,Failed
P000603,O000603,UPI,
P000604,O000604,Cash,completed
P000605,O000605,,Completed
P000606,O000606,Cash,completed
P000607,O000607,UPI,Failed
P000608,O000608,Cash,Completed
P000609,O000609,Debit Card,Completed
P000610,O000610,Cash,
P000611,O000611,Debit Card,Completed
P000612,O000612,,Failed
P000613,O000613,UPI,Completed
P000614,O000614,Cash,Completed
P000615,O000615,Cash,
P000616,O000616,Cash,Failed
P000617,O000617,UPI,Failed
P000618,O000618,Cash,
P000619,O000619,,
P000620,O000620,,completed
P000621,O000621,,completed
P000622,O000622,,
P000623,O000623,Credit Card,completed
P000624,O000624,Credit Card,Completed
P000625,O000625,,Failed
P000626,O000626,Cash,completed
P000627,O000627,,completed
P000628,O000628,Credit Card,Failed
P000629,O000629,Credit Card,Completed
P000630,O000630,UPI,Failed
P000631,O000631,UPI,Failed
P000632,O000632,Cash,
P000633,O000633,UPI,Failed
P000634,O000634,Debit Card,Completed
P000635,O000635,Debit Card,
P000636,O000636,UPI,completed
P000637,O000637,Debit Card,
P000638,O000638,Credit Card,completed
P000639,O000639,,Completed
P000640,O000640,,Failed
P000641,O000641,Debit Card,Failed
P000642,O000642,Credit Card,completed
P000643,O000643,Credit Card,completed
P000644,O000644,UPI,Failed
P000645,O000645,Credit Card,Completed
P000646,O000646,Credit Card,completed
P000647,O000647,Credit Card,Completed
P000648,O000648,,
P000649,O000649,Debit Card,Completed
P000650,O000650,UPI,
P000651,O000651,UPI,Failed
P000652,O000652,UPI,Completed
P000653,O000653,Cash,Failed
P000654,O000654,Debit Card,Completed
P000655,O000655,,completed
P000656,O000656,Debit Card,Failed
P000657,O000657,UPI,Failed
P000658,O000658,,Failed
P000659,O000659,Debit Card,
P000660,O000660,Credit Card,Failed
P000661,O000661,Debit Card,completed
P000662,O000662,Credit Card,Failed
P000663,O000663,UPI,
P000664,O000664,Credit Card,
P000665,O000665,Cash,Failed
P000666,O000666,,completed
P000667,O000667,Credit Card,Completed
P000668,O000668,,completed
P000669,O000669,Credit Card,Completed
P000670,O000670,UPI,
P000671,O000671,Debit Card,
P000672,O000672,Credit Card,
P000673,O000673,UPI,Failed
P000674,O000674,Credit Card,Failed
P000675,O000675,Cash,
P000676,O000676,,Completed
P000677,O000677,Credit Card,Failed
P000678,O000678,UPI,completed
P000679,O000679,UPI,completed
P000680,O000680,Debit Card,completed
P000681,O000681,,Completed
P000682,O000682,Debit Card,Completed
P000683,O000683,,Completed
P000684,O000684,,
P000685,O000685,Credit Card,Failed
P000686,O000686,Debit Card,
P000687,O000687,Debit Card,Completed
P000688,O000688,Debit Card,completed
P000689,O000689,UPI,Completed
P000690,O000690,Cash,completed
P000691,O000691,Credit Card,Failed
P000692,O000692,Debit Card,
P000693,O000693,,Completed
P000694,O000694,,
P000695,O000695,Credit Card,
P000696,O000696,UPI,completed
P000697,O000697,Debit Card,completed
P000698,O000698,Cash,Completed
P000699,O000699,UPI,
P000700,O000700,Credit Card,Failed
P000701,O000701,Debit Card,Completed
P000702,O000702,Credit Card,Failed
P000703,O000703,Credit Card,
P000704,O000704,Credit Card,
P000705,O000705,Credit Card,
P000706,O000706,Cash,completed
P000707,O000707,Credit Card,Completed
P000708,O000708,,Completed
P000709,O000709,Credit Card,completed
P000710,O000710,Cash,Failed
P000711,O000711,Credit Card,Completed
P000712,O000712,Debit Card,Completed
P000713,O000713,UPI,Completed
P000714,O000714,Cash,
P000715,O000715,Debit Card,Failed
P000716,O000716,Cash,
P000717,O000717,UPI,completed
P000718,O000718,,completed
P000719,O000719,UPI,
P000720,O000720,,completed
P000721,O000721,Credit Card,
P000722,O000722,Debit Card,Failed
P000723,O000723,Cash,Failed
P000724,O000724,,completed
P000725,O000725,Cash,Completed
P000726,O000726,UPI,Failed
P000727,O000727,Credit Card,completed
P000728,O000728,UPI,completed
P000729,O000729,,Completed
P000730,O000730,Debit Card,Completed
P000731,O000731,,Failed
P000732,O000732,,Failed
P000733,O000733,UPI,completed
P000734,O000734,,
P000735,O000735,Debit Card,Failed
P000736,O000736,Credit Card,
P000737,O000737,UPI,
P000738,O000738,,Completed
P000739,O000739,Cash,
P000740,O000740,Credit Card,Failed
P000741,O000741,UPI,Failed
P000742,O000742,Debit Card,
P000743,O000743,Debit Card,Failed
P000744,O000744,Credit Card,Failed
P000745,O000745,Debit Card,Completed
P000746,O000746,UPI,Failed
P000747,O000747,UPI,Completed
P000748,O000748,UPI,Failed
P000749,O000749,,
P000750,O000750,Debit Card,completed
P000751,O000751,,
P000752,O000752,Debit Card,
P000753,O000753,Debit Card,Failed
P000754,O000754,Debit Card,Completed
P000755,O000755,Cash,Completed
P000756,O000756,,completed
P000757,O000757,Credit Card,completed
P000758,O000758,,
P000759,O000759,Debit Card,
P000760,O000760,Credit Card,Completed
P000761,O000761,Credit Card,Completed
P000762,O000762,Credit Card,Failed
P000763,O000763,Cash,Completed
P000764,O000764,UPI,Completed
P000765,O000765,Debit Card,completed
P000766,O000766,Debit Card,Completed
P000767,O000767,,
P000768,O000768,Credit Card,
P000769,O000769,Cash,completed
P000770,O000770,Credit Card,Failed
P000771,O000771,,
P000772,O000772,UPI,completed
P000773,O000773,Debit Card,Failed
P000774,O000774,Credit Card,completed
P000775,O000775,Debit Card,completed
P000776,O000776,,Failed
P000777,O000777,UPI,Completed
P000778,O000778,Cash,completed
P000779,O000779,UPI,Completed
P000780,O000780,Cash,Completed
P000781,O000781,Credit Card,Completed
P000782,O000782,UPI,Failed
P000783,O000783,Credit Card,completed
P000784,O000784,UPI,completed
P000785,O000785,Credit Card,Completed
P000786,O000786,,completed
P000787,O000787,,Completed
P000788,O000788,Cash,Failed
P000789,O000789,UPI,Failed
P000790,O000790,UPI,
P000791,O000791,Cash,completed
P000792,O000792,Credit Card,Completed
P000793,O000793,UPI,Failed
P000794,O000794,Cash,
P000795,O000795,Cash,completed
P000796,O000796,UPI,Completed
P000797,O000797,Debit Card,Completed
P000798,O000798,Credit Card,
P000799,O000799,Debit Card,completed
P000800,O000800,Debit Card,
P000801,O000801,Credit Card,Completed
P000802,O000802,,completed
P000803,O000803,UPI,completed
P000804,O000804,Cash,Failed
P000805,O000805,UPI,Failed
P000806,O000806,Debit Card,
P000807,O000807,,completed
P000808,O000808,,Completed
P000809,O000809,UPI,Failed
P000810,O000810,Debit Card,Completed
P000811,O000811,Credit Card,completed
P000812,O000812,Cash,completed
P000813,O000813,,Completed
P000814,O000814,Cash,
P000815,O000815,Debit Card,Failed
P000816,O000816,UPI,Failed
P000817,O000817,Debit Card,Failed
P000818,O000818,,
P000819,O000819,UPI,Failed
P000820,O000820,Cash,Completed
P000821,O000821,,Failed
P000822,O000822,UPI,Completed
P000823,O000823,UPI,Failed
P000824,O000824,Cash,Failed
P000825,O000825,Debit Card,Completed
P000826,O000826,Debit Card,
P000827,O000827,Debit Card,Completed
P000828,O000828,,
P000829,O000829,UPI,Completed
P000830,O000830,Credit Card,completed
P000831,O000831,Credit Card,Completed
P000832,O000832,Cash,completed
P000833,O000833,UPI,Completed
P000834,O000834,,Completed
P000835,O000835,UPI,Completed
P000836,O000836,Cash,completed
P000837,O000837,Credit Card,completed
P000838,O000838,,completed
P000839,O000839,Credit Card,Completed
P000840,O000840,Debit Card,Completed
P000841,O000841,Cash,completed
P000842,O000842,Credit Card,completed
P000843,O000843,,Completed
P000844,O000844,UPI,
P000845,O000845,Cash,Failed
P000846,O000846,Credit Card,
P000847,O000847,Debit Card,completed
P000848,O000848,Credit Card,Completed
P000849,O000849,,Failed
P000850,O000850,Debit Card,Failed
P000851,O000851,Debit Card,completed
P000852,O000852,Cash,
P000853,O000853,,Completed
P000854,O000854,,Completed
P000855,O000855,Debit Card,completed
P000856,O000856,UPI,completed
P000857,O000857,UPI,Completed
P000858,O000858,Cash,Failed
P000859,O000859,Cash,completed
P000860,O000860,Cash,Completed
P000861,O000861,Cash,Failed
P000862,O000862,Debit Card,Failed
P000863,O000863,Cash,Failed
P000864,O000864,UPI,Failed
P000865,O000865,Credit Card,Failed
P000866,O000866,UPI,
P000867,O000867,Cash,Completed
P000868,O000868,Debit Card,Completed
P000869,O000869,,Failed
P000870,O000870,Credit Card,Completed
P000871,O000871,Credit Card,Completed
P000872,O000872,Cash,Completed
P000873,O000873,Cash,completed
P000874,O000874,Credit Card,Failed
P000875,O000875,Debit Card,Failed
P000876,O000876,Credit Card,
P000877,O000877,Debit Card,Completed
P000878,O000878,UPI,Completed
P000879,O000879,Cash,Completed
P000880,O000880,Debit Card,completed
P000881,O000881,Credit Card,completed
P000882,O000882,UPI,
P000883,O000883,Credit Card,Failed
P000884,O000884,UPI,Failed
P000885,O000885,,completed
P000886,O000886,UPI,completed
P000887,O000887,Debit Card,completed
P000888,O000888,,Failed
P000889,O000889,UPI,
P000890,O000890,UPI,Failed
P000891,O000891,Debit Card,Failed
P000892,O000892,Cash,
P000893,O000893,Cash,Completed
P000894,O000894,Cash,Failed
P000895,O000895,,Completed
P000896,O000896,Cash,Failed
P000897,O000897,,Failed
P000898,O000898,Cash,Failed
P000899,O000899,Debit Card,Completed
P000900,O000900,,completed
P000901,O000901,Cash,Completed
P000902,O000902,Credit Card,Failed
P000903,O000903,Cash,completed
P000904,O000904,Credit Card,Completed
P000905,O000905,Credit Card,
P000906,O000906,UPI,completed
P000907,O000907,Cash,Completed
P000908,O000908,UPI,completed
P000909,O000909,UPI,Failed
P000910,O000910,,Completed
P000911,O000911,Credit Card,
P000912,O000912,UPI,Completed
P000913,O000913,Cash,Completed
P000914,O000914,Debit Card,completed
P000915,O000915,Cash,Failed
P000916,O000916,Credit Card,
P000917,O000917,,Failed
P000918,O000918,Cash,
P000919,O000919,Cash,
P000920,O000920,UPI,
P000921,O000921,Cash,Failed
P000922,O000922,Credit Card,
P000923,O000923,Debit Card,Completed
P000924,O000924,UPI,Completed
P000925,O000925,Cash,completed
P000926,O000926,Debit Card,Completed
P000927,O000927,Cash,
P000928,O000928,,
P000929,O000929,Credit Card,
P000930,O000930,,Failed
P000931,O000931,UPI,
P000932,O000932,Debit Card,Completed
P000933,O000933,,Failed
P000934,O000934,Cash,
P000935,O000935,,
P000936,O000936,Debit Card,Failed
P000937,O000937,Cash,completed
P000938,O000938,UPI,Failed
P000939,O000939,,Failed
P000940,O000940,Credit Card,
P000941,O000941,Debit Card,completed
P000942,O000942,Credit Card,Failed
P000943,O000943,Cash,
P000944,O000944,Credit Card,completed
P000945,O000945,Debit Card,Completed
P000946,O000946,Debit Card,Completed
P000947,O000947,Credit Card,
P000948,O000948,Credit Card,Completed
P000949,O000949,Cash,Failed
P000950,O000950,Credit Card,Completed
P000951,O000951,Debit Card,
P000952,O000952,Credit Card,
P000953,O000953,UPI,Completed
P000954,O000954,Debit Card,Completed
P000955,O000955,Debit Card,
P000956,O000956,Cash,
P000957,O000957,Cash,completed
P000958,O000958,,
P000959,O000959,Cash,Failed
P000960,O000960,UPI,Failed
P000961,O000961,Cash,
P000962,O000962,,completed
P000963,O000963,Debit Card,
P000964,O000964,Cash,
P000965,O000965,,Failed
P000966,O000966,Cash,
P000967,O000967,Cash,Failed
P000968,O000968,Debit Card,Completed
P000969,O000969,,
P000970,O000970,Cash,Completed
P000971,O000971,Debit Card,Failed
P000972,O000972,,completed
P000973,O000973,Credit Card,completed
P000974,O000974,,Completed
P000975,O000975,Cash,
P000976,O000976,Cash,Completed
P000977,O000977,,
P000978,O000978,Debit Card,Failed
P000979,O000979,,completed
P000980,O000980,Cash,
P000981,O000981,Cash,completed
P000982,O000982,UPI,Completed
P000983,O000983,Debit Card,completed
P000984,O000984,UPI,completed
P000985,O000985,Cash,Completed
P000986,O000986,Debit Card,completed
P000987,O000987,Debit Card,Completed
P000988,O000988,Debit Card,completed
P000989,O000989,,
P000990,O000990,,Completed
P000991,O000991,Cash,Failed
P000992,O000992,Debit Card,completed
P000993,O000993,Debit Card,completed
P000994,O000994,Debit Card,Failed
P000995,O000995,,completed
P000996,O000996,Cash,Completed
P000997,O000997,Debit Card,completed
P000998,O000998,Debit Card,Failed
P000999,O000999,Credit Card,
P001000,O001000,UPI,Completed
P001001,O001001,,Completed
P001002,O001002,Credit Card,completed
P001003,O001003,Cash,
P001004,O001004,UPI,Failed
P001005,O001005,Cash,completed
P001006,O001006,,completed
P001007,O001007,Cash,completed
P001008,O001008,Debit Card,Failed
P001009,O001009,Debit Card,Completed
P001010,O001010,Cash,Failed
P001011,O001011,Cash,Failed
P001012,O001012,Cash,Completed
P001013,O001013,Cash,completed
P001014,O001014,Debit Card,completed
P001015,O001015,Credit Card,Failed
P001016,O001016,Credit Card,Failed
P001017,O001017,Cash,Completed
P001018,O001018,Cash,Failed
P001019,O001019,UPI,completed
P001020,O001020,Cash,Completed
P001021,O001021,Credit Card,completed
P001022,O001022,,completed
P001023,O001023,,Completed
P001024,O001024,Cash,
P001025,O001025,Cash,Completed
P001026,O001026,,completed
P001027,O001027,UPI,Completed
P001028,O001028,Credit Card,Completed
P001029,O001029,Cash,Failed
P001030,O001030,Cash,
P001031,O001031,UPI,
P001032,O001032,Credit Card,Failed
P001033,O001033,Cash,completed
P001034,O001034,Credit Card,completed
P001035,O001035,Credit Card,Completed
P001036,O001036,,
P001037,O001037,Cash,Completed
P001038,O001038,,Failed
P001039,O001039,Credit Card,Completed
P001040,O001040,Cash,completed
P001041,O001041,Debit Card,
P001042,O001042,Debit Card,Failed
P001043,O001043,UPI,completed
P001044,O001044,,completed
P001045,O001045,Credit Card,completed
P001046,O001046,Debit Card,completed
P001047,O001047,Cash,completed
P001048,O001048,Credit Card,Failed
P001049,O001049,UPI,completed
P001050,O001050,Credit Card,completed
P001051,O001051,UPI,completed
P001052,O001052,Credit Card,
P001053,O001053,Cash,completed
P001054,O001054,,Completed
P001055,O001055,Debit Card,Failed
P001056,O001056,Credit Card,Failed
P001057,O001057,Credit Card,Completed
P001058,O001058,Cash,completed
P001059,O001059,Cash,Failed
P001060,O001060,Debit Card,completed
P001061,O001061,Credit Card,
P001062,O001062,Cash,Completed
P001063,O001063,,Failed
P001064,O001064,UPI,Failed
P001065,O001065,UPI,completed
P001066,O001066,Cash,Completed
P001067,O001067,Debit Card,
P001068,O001068,Cash,
P001069,O001069,Cash,Failed
P001070,O001070,UPI,completed
P001071,O001071,Cash,completed
P001072,O001072,Debit Card,completed
P001073,O001073,UPI,
P001074,O001074,UPI,completed
P001075,O001075,UPI,Completed
P001076,O001076,,Failed
P001077,O001077,Credit Card,completed
P001078,O001078,Cash,
P001079,O001079,,Completed
P001080,O001080,Cash,Failed
P001081,O001081,Debit Card,Failed
P001082,O001082,Credit Card,completed
P001083,O001083,Cash,
P001084,O001084,Cash,
P001085,O001085,Credit Card,Failed
P001086,O001086,Debit Card,completed
P001087,O001087,Debit Card,
P001088,O001088,Cash,
P001089,O001089,Credit Card,Completed
P001090,O001090,UPI,Failed
P001091,O001091,UPI,completed
P001092,O001092,,Completed
P001093,O001093,Credit Card,completed
P001094,O001094,Debit Card,
P001095,O001095,,Failed
P001096,O001096,Debit Card,Completed
P001097,O001097,,Failed
P001098,O001098,Debit Card,
P001099,O001099,Cash,Failed
P001100,O001100,Debit Card,completed
P001101,O001101,Credit Card,
P001102,O001102,,completed
P001103,O001103,UPI,Completed
P001104,O001104,Cash,completed
P001105,O001105,Debit Card,Completed
P001106,O001106,UPI,
P001107,O001107,,
P001108,O001108,Cash,Failed
P001109,O001109,Cash,Failed
P001110,O001110,Cash,Failed
P001111,O001111,UPI,
P001112,O001112,,Failed
P001113,O001113,Debit Card,Completed
P001114,O001114,,
P001115,O001115,Cash,Completed
P001116,O001116,,
P001117,O001117,Debit Card,Failed
P001118,O001118,,completed
P001119,O001119,Cash,Failed
P001120,O001120,Cash,Completed
P001121,O001121,Debit Card,completed
P001122,O001122,Credit Card,Failed
P001123,O001123,,
P001124,O001124,Cash,
P001125,O001125,,Failed
P001126,O001126,Debit Card,Completed
P001127,O001127,UPI,Completed
P001128,O001128,UPI,
P001129,O001129,Cash,Completed
P001130,O001130,Debit Card,Completed
P001131,O001131,Debit Card,completed
P001132,O001132,,completed
P001133,O001133,Cash,Completed
P001134,O001134,UPI,
P001135,O001135,Debit Card,completed
P001136,O001136,Debit Card,Failed
P001137,O001137,UPI,completed
P001138,O001138,,Failed
P001139,O001139,,Completed
P001140,O001140,,Failed
P001141,O001141,,Completed
P001142,O001142,Cash,
P001143,O001143,,Completed
P001144,O001144,,Completed
P001145,O001145,Cash,completed
P001146,O001146,Debit Card,Failed
P001147,O001147,Credit Card,
P001148,O001148,,completed
P001149,O001149,Credit Card,Completed
P001150,O001150,UPI,completed
P001151,O001151,Credit Card,Completed
P001152,O001152,UPI,Failed
P001153,O001153,Credit Card,Completed
P001154,O001154,,Completed
P001155,O001155,Credit Card,completed
P001156,O001156,Debit Card,Completed
P001157,O001157,Credit Card,Failed
P001158,O001158,UPI,
P001159,O001159,Debit Card,Failed
P001160,O001160,Credit Card,Completed
P001161,O001161,UPI,Failed
P001162,O001162,UPI,Completed
P001163,O001163,,Completed
P001164,O001164,UPI,Failed
P001165,O001165,Debit Card,completed
P001166,O001166,Cash,
P001167,O001167,UPI,
P001168,O001168,Debit Card,Completed
P001169,O001169,Cash,completed
P001170,O001170,Credit Card,completed
P001171,O001171,UPI,
P001172,O001172,,Completed
P001173,O001173,Credit Card,Failed
P001174,O001174,,Completed
P001175,O001175,Debit Card,
P001176,O001176,Debit Card,Failed
P001177,O001177,Cash,Completed
P001178,O001178,,completed
P001179,O001179,Debit Card,Completed
P001180,O001180,,Failed
P001181,O001181,Debit Card,Failed
P001182,O001182,,Completed
P001183,O001183,Cash,
P001184,O001184,Credit Card,Failed
P001185,O001185,UPI,
P001186,O001186,Debit Card,Completed
P001187,O001187,,
P001188,O001188,Debit Card,completed
P001189,O001189,Debit Card,Completed
P001190,O001190,UPI,Completed
P001191,O001191,Cash,Failed
P001192,O001192,UPI,Completed
P001193,O001193,Credit Card,completed
P001194,O001194,Credit Card,completed
P001195,O001195,Credit Card,Completed
P001196,O001196,Credit Card,
P001197,O001197,Credit Card,Failed
P001198,O001198,,
P001199,O001199,Debit Card,completed
P001200,O001200,,Completed
P001201,O001201,,Completed
P001202,O001202,UPI,
P001203,O001203,UPI,completed
P001204,O001204,,Failed
P001205,O001205,Credit Card,Completed
P001206,O001206,Cash,
P001207,O001207,Debit Card,completed
P001208,O001208,Credit Card,Completed
P001209,O001209,UPI,
P001210,O001210,,
P001211,O001211,UPI,completed
P001212,O001212,Debit Card,
P001213,O001213,,Completed
P001214,O001214,Cash,
P001215,O001215,,
P001216,O001216,UPI,Failed
P001217,O001217,Credit Card,Failed
P001218,O001218,UPI,completed
P001219,O001219,Debit Card,Completed
P001220,O001220,Cash,
P001221,O001221,Debit Card,Failed
P001222,O001222,Debit Card,
P001223,O001223,Credit Card,
P001224,O001224,UPI,
P001225,O001225,Credit Card,completed
P001226,O001226,Credit Card,Failed
P001227,O001227,,
P001228,O001228,UPI,Failed
P001229,O001229,,
P001230,O001230,UPI,
P001231,O001231,Credit Card,Completed
P001232,O001232,Cash,Completed
P001233,O001233,,Failed
P001234,O001234,UPI,
P001235,O001235,,Failed
P001236,O001236,UPI,
P001237,O001237,,Failed
P001238,O001238,Cash,Failed
P001239,O001239,UPI,completed
P001240,O001240,Cash,completed
P001241,O001241,Cash,Failed
P001242,O001242,Cash,Completed
P001243,O001243,,Completed
P001244,O001244,Debit Card,
P001245,O001245,Credit Card,completed
P001246,O001246,Debit Card,Failed
P001247,O001247,Debit Card,Completed
P001248,O001248,,
P001249,O001249,Debit Card,
P001250,O001250,Debit Card,Failed
P001251,O001251,,
P001252,O001252,Credit Card,completed
P001253,O001253,Credit Card,completed
P001254,O001254,Debit Card,Completed
P001255,O001255,Credit Card,Failed
P001256,O001256,,completed
P001257,O001257,Cash,Completed
P001258,O001258,UPI,
P001259,O001259,,Failed
P001260,O001260,Credit Card,Failed
P001261,O001261,Debit Card,
P001262,O001262,Credit Card,completed
P001263,O001263,Debit Card,
P001264,O001264,UPI,
P001265,O001265,Cash,Completed
P001266,O001266,Cash,Failed
P001267,O001267,,
P001268,O001268,UPI,Completed
P001269,O001269,,
P001270,O001270,UPI,Failed
P001271,O001271,UPI,
P001272,O001272,Cash,Failed
P001273,O001273,UPI,Failed
P001274,O001274,UPI,Completed
P001275,O001275,Credit Card,
P001276,O001276,UPI,
P001277,O001277,Cash,
P001278,O001278,Cash,completed
P001279,O001279,Cash,Failed
P001280,O001280,Debit Card,completed
P001281,O001281,,Failed
P001282,O001282,UPI,completed
P001283,O001283,Debit Card,
P001284,O001284,Cash,Completed
P001285,O001285,Cash,Failed
P001286,O001286,Cash,Failed
P001287,O001287,UPI,completed
P001288,O001288,Debit Card,completed
P001289,O001289,Debit Card,completed
P001290,O001290,Credit Card,Completed
P001291,O001291,,Failed
P001292,O001292,Cash,Completed
P001293,O001293,Credit Card,Completed
P001294,O001294,UPI,completed
P001295,O001295,Credit Card,
P001296,O001296,Cash,completed
P001297,O001297,Credit Card,Failed
P001298,O001298,Cash,
P001299,O001299,Credit Card,Failed
P001300,O001300,Cash,Failed
P001301,O001301,Debit Card,
P001302,O001302,Credit Card,completed
P001303,O001303,Debit Card,completed
P001304,O001304,,
P001305,O001305,,Completed
P001306,O001306,,Failed
P001307,O001307,Credit Card,Completed
P001308,O001308,,Failed
P001309,O001309,Debit Card,Failed
P001310,O001310,Debit Card,Failed
P001311,O001311,,Completed
P001312,O001312,,
P001313,O001313,UPI,
P001314,O001314,UPI,Completed
P001315,O001315,Credit Card,Completed
P001316,O001316,UPI,
P001317,O001317,Debit Card,completed
P001318,O001318,Debit Card,
P001319,O001319,Credit Card,completed
P001320,O001320,Credit Card,
P001321,O001321,Cash,Completed
P001322,O001322,UPI,completed
P001323,O001323,Cash,completed
P001324,O001324,,Completed
P001325,O001325,Debit Card,Failed
P001326,O001326,Credit Card,completed
P001327,O001327,,Completed
P001328,O001328,Cash,Failed
P001329,O001329,,completed
P001330,O001330,,Completed
P001331,O001331,Credit Card,
P001332,O001332,UPI,
P001333,O001333,Credit Card,
P001334,O001334,Credit Card,
P001335,O001335,UPI,Failed
P001336,O001336,UPI,completed
P001337,O001337,Credit Card,
P001338,O001338,UPI,
P001339,O001339,Debit Card,Completed
P001340,O001340,,Completed
P001341,O001341,,completed
P001342,O001342,Cash,
P001343,O001343,Credit Card,Completed
P001344,O001344,,Failed
P001345,O001345,,Completed
P001346,O001346,,completed
P001347,O001347,UPI,
P001348,O001348,UPI,Failed
P001349,O001349,,Completed
P001350,O001350,Debit Card,Completed
P001351,O001351,UPI,
P001352,O001352,,Failed
P001353,O001353,Cash,Failed
P001354,O001354,,completed
P001355,O001355,Credit Card,Completed
P001356,O001356,,Failed
P001357,O001357,Credit Card,
P001358,O001358,Cash,Completed
P001359,O001359,Cash,
P001360,O001360,Debit Card,Completed
P001361,O001361,,Completed
P001362,O001362,UPI,completed
P001363,O001363,Debit Card,
P001364,O001364,Debit Card,
P001365,O001365,Credit Card,
P001366,O001366,Debit Card,Completed
P001367,O001367,Debit Card,completed
P001368,O001368,Debit Card,
P001369,O001369,Credit Card,
P001370,O001370,Cash,
P001371,O001371,Debit Card,Completed
P001372,O001372,Cash,completed
P001373,O001373,Cash,completed
P001374,O001374,Credit Card,Completed
P001375,O001375,Cash,
P001376,O001376,Credit Card,completed
P001377,O001377,Debit Card,completed
P001378,O001378,UPI,completed
P001379,O001379,Credit Card,Completed
P001380,O001380,UPI,
P001381,O001381,Debit Card,Failed
P001382,O001382,UPI,Failed
P001383,O001383,,Completed
P001384,O001384,,
P001385,O001385,Debit Card,
P001386,O001386,Cash,completed
P001387,O001387,Cash,
P001388,O001388,Credit Card,Completed
P001389,O001389,,
P001390,O001390,Credit Card,Failed
P001391,O001391,Debit Card,Failed
P001392,O001392,UPI,completed
P001393,O001393,,
P001394,O001394,Cash,Completed
P001395,O001395,Credit Card,Failed
P001396,O001396,UPI,Completed
P001397,O001397,Cash,Failed
P001398,O001398,Cash,Failed
P001399,O001399,Debit Card,Failed
P001400,O001400,Cash,Completed
P001401,O001401,Cash,Completed
P001402,O001402,Cash,
P001403,O001403,UPI,completed
P001404,O001404,UPI,
P001405,O001405,Cash,Completed
P001406,O001406,Debit Card,
P001407,O001407,Cash,Completed
P001408,O001408,,Failed
P001409,O001409,,completed
P001410,O001410,Credit Card,completed
P001411,O001411,,Completed
P001412,O001412,Credit Card,
P001413,O001413,Credit Card,Completed
P001414,O001414,Credit Card,Completed
P001415,O001415,Credit Card,Completed
P001416,O001416,Cash,Completed
P001417,O001417,UPI,completed
P001418,O001418,,completed
P001419,O001419,,
P001420,O001420,,completed
P001421,O001421,Credit Card,Failed
P001422,O001422,Debit Card,Failed
P001423,O001423,UPI,Completed
P001424,O001424,Debit Card,Failed
P001425,O001425,Debit Card,completed
P001426,O001426,,Completed
P001427,O001427,Debit Card,Failed
P001428,O001428,Cash,
P001429,O001429,Debit Card,completed
P001430,O001430,Debit Card,Completed
P001431,O001431,,Completed
P001432,O001432,Debit Card,completed
P001433,O001433,Credit Card,completed
P001434,O001434,UPI,
P001435,O001435,Cash,Failed
P001436,O001436,UPI,completed
P001437,O001437,Credit Card,completed
P001438,O001438,Debit Card,
P001439,O001439,,completed
P001440,O001440,UPI,Completed
P001441,O001441,Debit Card,
P001442,O001442,UPI,completed
P001443,O001443,Debit Card,completed
P001444,O001444,,Completed
P001445,O001445,Credit Card,Completed
P001446,O001446,UPI,
P001447,O001447,Cash,Completed
P001448,O001448,Credit Card,Completed
P001449,O001449,,Completed
P001450,O001450,Cash,completed
P001451,O001451,Debit Card,completed
P001452,O001452,UPI,Failed
P001453,O001453,Cash,completed
P001454,O001454,Credit Card,
P001455,O001455,Cash,Completed
P001456,O001456,,completed
P001457,O001457,Cash,completed
P001458,O001458,UPI,Failed
P001459,O001459,UPI,
P001460,O001460,Debit Card,
P001461,O001461,Cash,Completed
P001462,O001462,Cash,
P001463,O001463,,completed
P001464,O001464,UPI,
P001465,O001465,Credit Card,Failed
P001466,O001466,Debit Card,
P001467,O001467,Cash,completed
P001468,O001468,Debit Card,completed
P001469,O001469,Cash,
P001470,O001470,Cash,completed
P001471,O001471,,Failed
P001472,O001472,Cash,
P001473,O001473,Debit Card,
P001474,O001474,Debit Card,
P001475,O001475,,completed
P001476,O001476,,completed
P001477,O001477,Debit Card,
P001478,O001478,Debit Card,Failed
P001479,O001479,Cash,Completed
P001480,O001480,UPI,Completed
P001481,O001481,Debit Card,completed
P001482,O001482,Credit Card,Failed
P001483,O001483,UPI,completed
P001484,O001484,Credit Card,
P001485,O001485,UPI,completed
P001486,O001486,Debit Card,Failed
P001487,O001487,,Completed
P001488,O001488,,Failed
P001489,O001489,Debit Card,Failed
P001490,O001490,UPI,completed
P001491,O001491,Debit Card,Failed
P001492,O001492,UPI,Failed
P001493,O001493,Debit Card,completed
P001494,O001494,Credit Card,Failed
P001495,O001495,Debit Card,Failed
P001496,O001496,UPI,Failed
P001497,O001497,Cash,Completed
P001498,O001498,,Failed
P001499,O001499,Cash,Failed
P001500,O001500,Debit Card,
P001501,O001501,UPI,Failed
P001502,O001502,,
P001503,O001503,Debit Card,completed
P001504,O001504,Cash,completed
P001505,O001505,,
P001506,O001506,Debit Card,completed
P001507,O001507,,completed
P001508,O001508,Credit Card,Completed
P001509,O001509,,
P001510,O001510,Credit Card,completed
P001511,O001511,,
P001512,O001512,,completed
P001513,O001513,,
P001514,O001514,Credit Card,Failed
P001515,O001515,Debit Card,
P001516,O001516,Cash,
P001517,O001517,,
P001518,O001518,Cash,Failed
P001519,O001519,Cash,
P001520,O001520,,completed
P001521,O001521,Credit Card,completed
P001522,O001522,UPI,Failed
P001523,O001523,UPI,
P001524,O001524,UPI,completed
P001525,O001525,,
P001526,O001526,Cash,Completed
P001527,O001527,UPI,
P001528,O001528,,Failed
P001529,O001529,,
P001530,O001530,,completed
P001531,O001531,Credit Card,
P001532,O001532,Debit Card,Failed
P001533,O001533,Credit Card,completed
P001534,O001534,Cash,Completed
P001535,O001535,,Completed
P001536,O001536,Credit Card,
P001537,O001537,UPI,
P001538,O001538,Debit Card,Completed
P001539,O001539,,Failed
P001540,O001540,Credit Card,completed
P001541,O001541,UPI,Failed
P001542,O001542,UPI,Failed
P001543,O001543,Credit Card,Failed
P001544,O001544,Credit Card,Completed
P001545,O001545,Cash,Completed
P001546,O001546,,completed
P001547,O001547,UPI,Completed
P001548,O001548,Cash,completed
P001549,O001549,UPI,completed
P001550,O001550,Credit Card,Completed
P001551,O001551,UPI,Completed
P001552,O001552,UPI,Completed
P001553,O001553,,completed
P001554,O001554,Credit Card,Failed
P001555,O001555,UPI,completed
P001556,O001556,Debit Card,completed
P001557,O001557,Cash,
P001558,O001558,UPI,
P001559,O001559,UPI,Failed
P001560,O001560,Cash,completed
P001561,O001561,UPI,completed
P001562,O001562,Credit Card,Completed
P001563,O001563,UPI,
P001564,O001564,Credit Card,Completed
P001565,O001565,Credit Card,
P001566,O001566,Credit Card,
P001567,O001567,Cash,Failed
P001568,O001568,Credit Card,Completed
P001569,O001569,UPI,
P001570,O001570,,Completed
P001571,O001571,Credit Card,Completed
P001572,O001572,UPI,
P001573,O001573,UPI,Failed
P001574,O001574,Debit Card,Failed
P001575,O001575,UPI,Completed
P001576,O001576,Debit Card,
P001577,O001577,UPI,
P001578,O001578,Credit Card,completed
P001579,O001579,Debit Card,Failed
P001580,O001580,Debit Card,
P001581,O001581,Debit Card,Failed
P001582,O001582,Credit Card,completed
P001583,O001583,,completed
P001584,O001584,Credit Card,Completed
P001585,O001585,,completed
P001586,O001586,Credit Card,completed
P001587,O001587,UPI,
P001588,O001588,Credit Card,
P001589,O001589,,completed
P001590,O001590,Cash,
P001591,O001591,UPI,
P001592,O001592,Debit Card,Completed
P001593,O001593,Credit Card,
P001594,O001594,UPI,Completed
P001595,O001595,,
P001596,O001596,Debit Card,Completed
P001597,O001597,,Completed
P001598,O001598,UPI,Failed
P001599,O001599,UPI,Completed
P001600,O001600,UPI,
P001601,O001601,UPI,Completed
P001602,O001602,,completed
P001603,O001603,Cash,Completed
P001604,O001604,UPI,Completed
P001605,O001605,Debit Card,completed
P001606,O001606,,
P001607,O001607,Credit Card,
P001608,O001608,Credit Card,
P001609,O001609,,Completed
P001610,O001610,,completed
P001611,O001611,UPI,Failed
P001612,O001612,,
P001613,O001613,Debit Card,completed
P001614,O001614,Credit Card,completed
P001615,O001615,Debit Card,
P001616,O001616,Debit Card,Failed
P001617,O001617,UPI,
P001618,O001618,,completed
P001619,O001619,Credit Card,completed
P001620,O001620,Credit Card,Failed
P001621,O001621,Credit Card,completed
P001622,O001622,Debit Card,
P001623,O001623,Credit Card,
P001624,O001624,Credit Card,Failed
P001625,O001625,Debit Card,
P001626,O001626,UPI,
P001627,O001627,Debit Card,
P001628,O001628,Debit Card,Failed
P001629,O001629,UPI,Failed
P001630,O001630,Cash,Completed
P001631,O001631,Cash,Failed
P001632,O001632,,completed
P001633,O001633,,Completed
P001634,O001634,Debit Card,completed
P001635,O001635,,Failed
P001636,O001636,Cash,
P001637,O001637,,
P001638,O001638,Cash,Completed
P001639,O001639,Cash,completed
P001640,O001640,Debit Card,Completed
P001641,O001641,,Completed
P001642,O001642,,
P001643,O001643,UPI,Failed
P001644,O001644,UPI,Completed
P001645,O001645,Cash,
P001646,O001646,Debit Card,completed
P001647,O001647,Credit Card,Completed
P001648,O001648,,Completed
P001649,O001649,,Failed
P001650,O001650,Cash,Failed
P001651,O001651,Cash,Failed
P001652,O001652,,Failed
P001653,O001653,Cash,Failed
P001654,O001654,Debit Card,
P001655,O001655,,Completed
P001656,O001656,,
P001657,O001657,UPI,
P001658,O001658,Cash,Failed
P001659,O001659,UPI,Completed
P001660,O001660,Cash,Failed
P001661,O001661,Credit Card,Failed
P001662,O001662,,completed
P001663,O001663,UPI,Failed
P001664,O001664,,Failed
P001665,O001665,UPI,
P001666,O001666,UPI,
P001667,O001667,Credit Card,Completed
P001668,O001668,,Completed
P001669,O001669,Debit Card,Failed
P001670,O001670,Cash,Failed
P001671,O001671,,completed
P001672,O001672,Cash,completed
P001673,O001673,Debit Card,
P001674,O001674,Debit Card,Completed
P001675,O001675,Cash,Completed
P001676,O001676,Cash,Completed
P001677,O001677,Cash,
P001678,O001678,Debit Card,Completed
P001679,O001679,Debit Card,
P001680,O001680,Debit Card,
P001681,O001681,,Completed
P001682,O001682,Cash,completed
P001683,O001683,,completed
P001684,O001684,Credit Card,Completed
P001685,O001685,Debit Card,completed
P001686,O001686,,completed
P001687,O001687,Debit Card,
P001688,O001688,UPI,
P001689,O001689,Cash,Completed
P001690,O001690,Debit Card,Failed
P001691,O001691,Cash,Completed
P001692,O001692,,Completed
P001693,O001693,UPI,
P001694,O001694,Cash,Completed
P001695,O001695,Credit Card,completed
P001696,O001696,Debit Card,Completed
P001697,O001697,Cash,Failed
P001698,O001698,Credit Card,
P001699,O001699,Cash,
P001700,O001700,,Completed
P001701,O001701,Debit Card,Completed
P001702,O001702,Debit Card,Failed
P001703,O001703,Credit Card,completed
P001704,O001704,UPI,completed
P001705,O001705,UPI,
P001706,O001706,Credit Card,Completed
P001707,O001707,Cash,
P001708,O001708,UPI,Failed
P001709,O001709,Debit Card,completed
P001710,O001710,Credit Card,completed
P001711,O001711,Credit Card,Failed
P001712,O001712,Debit Card,Failed
P001713,O001713,UPI,
P001714,O001714,,
P001715,O001715,Credit Card,Failed
P001716,O001716,Cash,
P001717,O001717,Credit Card,
P001718,O001718,,completed
P001719,O001719,Debit Card,Completed
P001720,O001720,UPI,Failed
P001721,O001721,Debit Card,Completed
P001722,O001722,Debit Card,Failed
P001723,O001723,UPI,Failed
P001724,O001724,Debit Card,
P001725,O001725,Debit Card,
P001726,O001726,Credit Card,Failed
P001727,O001727,Cash,Failed
P001728,O001728,UPI,
P001729,O001729,Credit Card,
P001730,O001730,,Completed
P001731,O001731,Credit Card,completed
P001732,O001732,Credit Card,completed
P001733,O001733,Debit Card,Completed
P001734,O001734,Cash,Failed
P001735,O001735,Credit Card,
P001736,O001736,,Failed
P001737,O001737,Debit Card,completed
P001738,O001738,Credit Card,
P001739,O001739,,Completed
P001740,O001740,UPI,Completed
P001741,O001741,Credit Card,completed
P001742,O001742,UPI,Failed
P001743,O001743,UPI,Failed
P001744,O001744,,Failed
P001745,O001745,Debit Card,completed
P001746,O001746,Cash,completed
P001747,O001747,Cash,completed
P001748,O001748,Credit Card,Failed
P001749,O001749,,Completed
P001750,O001750,UPI,Failed
P001751,O001751,Credit Card,completed
P001752,O001752,Debit Card,
P001753,O001753,Cash,completed
P001754,O001754,Cash,
P001755,O001755,UPI,completed
P001756,O001756,Credit Card,completed
P001757,O001757,Credit Card,
P001758,O001758,Cash,completed
P001759,O001759,Debit Card,Completed
P001760,O001760,,
P001761,O001761,UPI,completed
P001762,O001762,Cash,
P001763,O001763,Cash,
P001764,O001764,Credit Card,
P001765,O001765,UPI,Completed
P001766,O001766,Cash,completed
P001767,O001767,Cash,Completed
P001768,O001768,Cash,
P001769,O001769,UPI,
P001770,O001770,Cash,Failed
P001771,O001771,Cash,Failed
P001772,O001772,Credit Card,Failed
P001773,O001773,Debit Card,
P001774,O001774,,Completed
P001775,O001775,UPI,
P001776,O001776,,
P001777,O001777,Cash,Completed
P001778,O001778,Debit Card,completed
P001779,O001779,Credit Card,Failed
P001780,O001780,Credit Card,
P001781,O001781,UPI,
P001782,O001782,Debit Card,completed
P001783,O001783,UPI,Failed
P001784,O001784,Credit Card,completed
P001785,O001785,Cash,Failed
P001786,O001786,UPI,
P001787,O001787,Debit Card,Failed
P001788,O001788,UPI,
P001789,O001789,Credit Card,Completed
P001790,O001790,UPI,Completed
P001791,O001791,Cash,Completed
P001792,O001792,Credit Card,completed
P001793,O001793,UPI,completed
P001794,O001794,,
P001795,O001795,,completed
P001796,O001796,Credit Card,completed
P001797,O001797,Cash,completed
P001798,O001798,Debit Card,Completed
P001799,O001799,Cash,completed
P001800,O001800,UPI,Failed
P001801,O001801,Credit Card,completed
P001802,O001802,,Failed
P001803,O001803,Debit Card,Completed
P001804,O001804,Credit Card,
P001805,O001805,Credit Card,completed
P001806,O001806,Credit Card,
P001807,O001807,UPI,
P001808,O001808,,
P001809,O001809,,
P001810,O001810,,completed
P001811,O001811,Debit Card,Failed
P001812,O001812,UPI,
P001813,O001813,Cash,Completed
P001814,O001814,,Completed
P001815,O001815,Cash,Failed
P001816,O001816,Credit Card,
P001817,O001817,Credit Card,Completed
P001818,O001818,Credit Card,completed
P001819,O001819,,Completed
P001820,O001820,Credit Card,
P001821,O001821,UPI,
P001822,O001822,Credit Card,
P001823,O001823,,
P001824,O001824,UPI,Completed
P001825,O001825,,completed
P001826,O001826,Credit Card,
P001827,O001827,UPI,
P001828,O001828,Credit Card,Failed
P001829,O001829,UPI,Completed
P001830,O001830,Cash,completed
P001831,O001831,UPI,completed
P001832,O001832,Cash,completed
P001833,O001833,Credit Card,Failed
P001834,O001834,UPI,Completed
P001835,O001835,,
P001836,O001836,UPI,Completed
P001837,O001837,UPI,Failed
P001838,O001838,UPI,
P001839,O001839,Debit Card,Failed
P001840,O001840,,completed
P001841,O001841,UPI,Failed
P001842,O001842,UPI,
P001843,O001843,Credit Card,
P001844,O001844,,Failed
P001845,O001845,UPI,Completed
P001846,O001846,UPI,Completed
P001847,O001847,UPI,Completed
P001848,O001848,Cash,completed
P001849,O001849,Debit Card,completed
P001850,O001850,,completed
P001851,O001851,Cash,completed
P001852,O001852,UPI,Completed
P001853,O001853,,Completed
P001854,O001854,Cash,Failed
P001855,O001855,Debit Card,completed
P001856,O001856,Cash,Failed
P001857,O001857,Credit Card,completed
P001858,O001858,UPI,
P001859,O001859,Cash,completed
P001860,O001860,Debit Card,completed
P001861,O001861,UPI,Completed
P001862,O001862,Credit Card,
P001863,O001863,Credit Card,completed
P001864,O001864,Cash,
P001865,O001865,UPI,Failed
P001866,O001866,Cash,Failed
P001867,O001867,Credit Card,Completed
P001868,O001868,,completed
P001869,O001869,Cash,Completed
P001870,O001870,,Failed
P001871,O001871,UPI,completed
P001872,O001872,Credit Card,
P001873,O001873,Cash,Completed
P001874,O001874,Cash,completed
P001875,O001875,Cash,Failed
P001876,O001876,UPI,
P001877,O001877,UPI,completed
P001878,O001878,Debit Card,completed
P001879,O001879,Cash,Completed
P001880,O001880,UPI,
P001881,O001881,Credit Card,Completed
P001882,O001882,UPI,
P001883,O001883,UPI,completed
P001884,O001884,Cash,
P001885,O001885,,completed
P001886,O001886,Credit Card,Failed
P001887,O001887,,Failed
P001888,O001888,Debit Card,Failed
P001889,O001889,Cash,Completed
P001890,O001890,,
P001891,O001891,UPI,Failed
P001892,O001892,UPI,
P001893,O001893,Debit Card,Completed
P001894,O001894,Debit Card,Failed
P001895,O001895,Credit Card,Failed
P001896,O001896,Credit Card,
P001897,O001897,Cash,Failed
P001898,O001898,Debit Card,completed
P001899,O001899,Cash,completed
P001900,O001900,,Failed
P001901,O001901,Credit Card,completed
P001902,O001902,Cash,Completed
P001903,O001903,Debit Card,Completed
P001904,O001904,,
P001905,O001905,Credit Card,completed
P001906,O001906,Cash,Failed
P001907,O001907,Debit Card,completed
P001908,O001908,Cash,completed
P001909,O001909,Credit Card,
P001910,O001910,,Completed
P001911,O001911,UPI,Failed
P001912,O001912,,Completed
P001913,O001913,Cash,completed
P001914,O001914,Cash,completed
P001915,O001915,UPI,Failed
P001916,O001916,Cash,
P001917,O001917,,Failed
P001918,O001918,Credit Card,Completed
P001919,O001919,,Failed
P001920,O001920,,
P001921,O001921,,Failed
P001922,O001922,Credit Card,completed
P001923,O001923,Cash,completed
P001924,O001924,,completed
P001925,O001925,Credit Card,Failed
P001926,O001926,Cash,
P001927,O001927,Credit Card,
P001928,O001928,Credit Card,Failed
P001929,O001929,,
P001930,O001930,UPI,completed
P001931,O001931,,
P001932,O001932,Credit Card,
P001933,O001933,Credit Card,
P001934,O001934,Credit Card,Failed
P001935,O001935,Debit Card,completed
P001936,O001936,,Failed
P001937,O001937,UPI,completed
P001938,O001938,Cash,Completed
P001939,O001939,UPI,
P001940,O001940,UPI,Failed
P001941,O001941,Debit Card,
P001942,O001942,Credit Card,Completed
P001943,O001943,UPI,completed
P001944,O001944,Credit Card,Completed
P001945,O001945,,Failed
P001946,O001946,Credit Card,
P001947,O001947,Credit Card,Completed
P001948,O001948,,completed
P001949,O001949,,Completed
P001950,O001950,UPI,
P001951,O001951,Debit Card,completed
P001952,O001952,Cash,completed
P001953,O001953,,
P001954,O001954,,Completed
P001955,O001955,Cash,completed
P001956,O001956,Credit Card,
P001957,O001957,,completed
P001958,O001958,Cash,Failed
P001959,O001959,UPI,completed
P001960,O001960,Debit Card,Completed
P001961,O001961,,completed
P001962,O001962,Cash,Failed
P001963,O001963,,completed
P001964,O001964,Credit Card,completed
P001965,O001965,,
P001966,O001966,,
P001967,O001967,Credit Card,completed
P001968,O001968,,
P001969,O001969,Credit Card,
P001970,O001970,Cash,
P001971,O001971,Debit Card,completed
P001972,O001972,Debit Card,Failed
P001973,O001973,Cash,completed
P001974,O001974,UPI,completed
P001975,O001975,UPI,
P001976,O001976,Debit Card,completed
P001977,O001977,Cash,Completed
P001978,O001978,,completed
P001979,O001979,Cash,
P001980,O001980,Credit Card,Failed
P001981,O001981,Cash,completed
P001982,O001982,UPI,Failed
P001983,O001983,,Completed
P001984,O001984,,Failed
P001985,O001985,Debit Card,completed
P001986,O001986,Credit Card,Failed
P001987,O001987,,
P001988,O001988,Debit Card,
P001989,O001989,,Completed
P001990,O001990,UPI,
P001991,O001991,,completed
P001992,O001992,UPI,Completed
P001993,O001993,Cash,completed
P001994,O001994,UPI,Completed
P001995,O001995,UPI,
P001996,O001996,UPI,
P001997,O001997,,completed
P001998,O001998,Credit Card,Completed
P001999,O001999,UPI,
P002000,O002000,Debit Card,
P002001,O002001,,Completed
P002002,O002002,Credit Card,Failed
P002003,O002003,Credit Card,Failed
P002004,O002004,,
P002005,O002005,Debit Card,completed
P002006,O002006,Cash,completed
P002007,O002007,,Completed
P002008,O002008,Credit Card,Failed
P002009,O002009,Cash,completed
P002010,O002010,Credit Card,Failed
P002011,O002011,UPI,
P002012,O002012,Cash,completed
P002013,O002013,,Failed
P002014,O002014,,completed
P002015,O002015,Debit Card,Failed
P002016,O002016,Cash,Completed
P002017,O002017,Debit Card,completed
P002018,O002018,,Failed
P002019,O002019,Debit Card,Completed
P002020,O002020,Cash,completed
P002021,O002021,,Failed
P002022,O002022,Credit Card,completed
P002023,O002023,,completed
P002024,O002024,Debit Card,Completed
P002025,O002025,Debit Card,completed
P002026,O002026,,Failed
P002027,O002027,UPI,completed
P002028,O002028,UPI,completed
P002029,O002029,UPI,Completed
P002030,O002030,Credit Card,Completed
P002031,O002031,Credit Card,Failed
P002032,O002032,Credit Card,
P002033,O002033,,Completed
P002034,O002034,,Completed
P002035,O002035,Cash,Failed
P002036,O002036,UPI,
P002037,O002037,Cash,completed
P002038,O002038,UPI,completed
P002039,O002039,Debit Card,completed
P002040,O002040,Cash,Failed
P002041,O002041,,Failed
P002042,O002042,Debit Card,Failed
P002043,O002043,Cash,Completed
P002044,O002044,Debit Card,Failed
P002045,O002045,Debit Card,
P002046,O002046,Debit Card,Completed
P002047,O002047,,completed
P002048,O002048,Debit Card,Completed
P002049,O002049,,Completed
P002050,O002050,Credit Card,Completed
P002051,O002051,Debit Card,Failed
P002052,O002052,UPI,
P002053,O002053,,Failed
P002054,O002054,Credit Card,completed
P002055,O002055,,Completed
P002056,O002056,Debit Card,Completed
P002057,O002057,,Completed
P002058,O002058,Cash,
P002059,O002059,Cash,Completed
P002060,O002060,UPI,Failed
P002061,O002061,,
P002062,O002062,Debit Card,
P002063,O002063,Debit Card,Completed
P002064,O002064,Cash,
P002065,O002065,,Failed
P002066,O002066,Debit Card,completed
P002067,O002067,Credit Card,completed
P002068,O002068,Debit Card,
P002069,O002069,,Failed
P002070,O002070,Cash,
P002071,O002071,Credit Card,Failed
P002072,O002072,Debit Card,Completed
P002073,O002073,UPI,Completed
P002074,O002074,UPI,Completed
P002075,O002075,Cash,Completed
P002076,O002076,Credit Card,completed
P002077,O002077,UPI,Completed
P002078,O002078,UPI,Completed
P002079,O002079,Debit Card,Failed
P002080,O002080,,
P002081,O002081,Debit Card,completed
P002082,O002082,Debit Card,Failed
P002083,O002083,Cash,
P002084,O002084,Debit Card,Completed
P002085,O002085,Credit Card,
P002086,O002086,Credit Card,completed
P002087,O002087,,Completed
P002088,O002088,UPI,Completed
P002089,O002089,UPI,
P002090,O002090,,completed
P002091,O002091,,Failed
P002092,O002092,Debit Card,
P002093,O002093,Cash,
P002094,O002094,UPI,Failed
P002095,O002095,UPI,Completed
P002096,O002096,,
P002097,O002097,,Failed
P002098,O002098,UPI,
P002099,O002099,UPI,completed
P002100,O002100,Debit Card,
P002101,O002101,UPI,Failed
P002102,O002102,,
P002103,O002103,Credit Card,
P002104,O002104,Credit Card,
P002105,O002105,Credit Card,completed
P002106,O002106,Debit Card,completed
P002107,O002107,Credit Card,completed
P002108,O002108,Cash,Completed
P002109,O002109,Cash,completed
P002110,O002110,Debit Card,
P002111,O002111,Credit Card,
P002112,O002112,,completed
P002113,O002113,Debit Card,Failed
P002114,O002114,UPI,Completed
P002115,O002115,Debit Card,
P002116,O002116,Cash,Failed
P002117,O002117,,completed
P002118,O002118,Credit Card,
P002119,O002119,Cash,Completed
P002120,O002120,Credit Card,Failed
P002121,O002121,Credit Card,Failed
P002122,O002122,Debit Card,Completed
P002123,O002123,Debit Card,Completed
P002124,O002124,Cash,completed
P002125,O002125,Credit Card,Failed
P002126,O002126,Debit Card,Failed
P002127,O002127,Cash,
P002128,O002128,Credit Card,Failed
P002129,O002129,UPI,Completed
P002130,O002130,UPI,completed
P002131,O002131,Cash,completed
P002132,O002132,UPI,Failed
P002133,O002133,,Failed
P002134,O002134,Cash,completed
P002135,O002135,Cash,Completed
P002136,O002136,Credit Card,
P002137,O002137,,completed
P002138,O002138,Cash,Completed
P002139,O002139,Debit Card,
P002140,O002140,Cash,Completed
P002141,O002141,,Completed
P002142,O002142,Cash,Failed
P002143,O002143,UPI,
P002144,O002144,,
P002145,O002145,Debit Card,
P002146,O002146,,completed
P002147,O002147,Cash,Completed
P002148,O002148,Debit Card,completed
P002149,O002149,Debit Card,Completed
P002150,O002150,Debit Card,Failed
P002151,O002151,UPI,completed
P002152,O002152,,Completed
P002153,O002153,Cash,Completed
P002154,O002154,UPI,Completed
P002155,O002155,Debit Card,Completed
P002156,O002156,Cash,Completed
P002157,O002157,Credit Card,Failed
P002158,O002158,Cash,completed
P002159,O002159,Credit Card,Failed
P002160,O002160,Credit Card,
P002161,O002161,Debit Card,Failed
P002162,O002162,Credit Card,completed
P002163,O002163,UPI,Failed
P002164,O002164,Debit Card,
P002165,O002165,Credit Card,Completed
P002166,O002166,,completed
P002167,O002167,UPI,completed
P002168,O002168,,Failed
P002169,O002169,Cash,completed
P002170,O002170,UPI,
P002171,O002171,,
P002172,O002172,,
P002173,O002173,Debit Card,completed
P002174,O002174,Cash,
P002175,O002175,UPI,Failed
P002176,O002176,UPI,completed
P002177,O002177,UPI,Completed
P002178,O002178,Credit Card,Failed
P002179,O002179,UPI,Completed
P002180,O002180,Credit Card,
P002181,O002181,Debit Card,Failed
P002182,O002182,Credit Card,completed
P002183,O002183,Cash,Completed
P002184,O002184,Credit Card,Completed
P002185,O002185,Cash,
P002186,O002186,Cash,Failed
P002187,O002187,Cash,Failed
P002188,O002188,Cash,Completed
P002189,O002189,UPI,Completed
P002190,O002190,Cash,Completed
P002191,O002191,,completed
P002192,O002192,Debit Card,Completed
P002193,O002193,,
P002194,O002194,UPI,completed
P002195,O002195,Cash,
P002196,O002196,Credit Card,Failed
P002197,O002197,UPI,Failed
P002198,O002198,Debit Card,
P002199,O002199,Credit Card,Completed
P002200,O002200,Credit Card,Completed
P002201,O002201,Cash,Completed
P002202,O002202,Debit Card,Completed
P002203,O002203,Debit Card,Failed
P002204,O002204,Credit Card,completed
P002205,O002205,Debit Card,Failed
P002206,O002206,,
P002207,O002207,Cash,Completed
P002208,O002208,Cash,Failed
P002209,O002209,,Failed
P002210,O002210,,
P002211,O002211,Debit Card,Completed
P002212,O002212,Credit Card,Completed
P002213,O002213,Debit Card,completed
P002214,O002214,,Completed
P002215,O002215,Cash,
P002216,O002216,Cash,
P002217,O002217,Cash,Failed
P002218,O002218,Debit Card,completed
P002219,O002219,,completed
P002220,O002220,Credit Card,Completed
P002221,O002221,Debit Card,Completed
P002222,O002222,Cash,completed
P002223,O002223,,
P002224,O002224,Credit Card,Completed
P002225,O002225,UPI,
P002226,O002226,Debit Card,Completed
P002227,O002227,UPI,Completed
P002228,O002228,,completed
P002229,O002229,UPI,Completed
P002230,O002230,Cash,Completed
P002231,O002231,Debit Card,Completed
P002232,O002232,Credit Card,
P002233,O002233,Cash,completed
P002234,O002234,,Failed
P002235,O002235,Debit Card,completed
P002236,O002236,,
P002237,O002237,,completed
P002238,O002238,,Completed
P002239,O002239,Debit Card,completed
P002240,O002240,Cash,
P002241,O002241,,Completed
P002242,O002242,Credit Card,Completed
P002243,O002243,Cash,Failed
P002244,O002244,,Completed
P002245,O002245,Debit Card,completed
P002246,O002246,,Completed
P002247,O002247,,completed
P002248,O002248,UPI,
P002249,O002249,UPI,
P002250,O002250,Cash,completed
P002251,O002251,UPI,completed
P002252,O002252,Debit Card,Completed
P002253,O002253,UPI,Failed
P002254,O002254,Debit Card,Failed
P002255,O002255,,completed
P002256,O002256,Cash,
P002257,O002257,UPI,Completed
P002258,O002258,UPI,
P002259,O002259,Cash,Completed
P002260,O002260,Debit Card,
P002261,O002261,Debit Card,completed
P002262,O002262,UPI,
P002263,O002263,Debit Card,
P002264,O002264,Debit Card,Failed
P002265,O002265,UPI,completed
P002266,O002266,UPI,
P002267,O002267,UPI,Completed
P002268,O002268,Credit Card,
P002269,O002269,UPI,Completed
P002270,O002270,Credit Card,
P002271,O002271,,Completed
P002272,O002272,Debit Card,completed
P002273,O002273,Credit Card,Completed
P002274,O002274,,
P002275,O002275,Debit Card,Failed
P002276,O002276,Debit Card,
P002277,O002277,Debit Card,Completed
P002278,O002278,Cash,
P002279,O002279,Cash,
P002280,O002280,Credit Card,
P002281,O002281,Credit Card,completed
P002282,O002282,Debit Card,completed
P002283,O002283,,completed
P002284,O002284,Credit Card,
P002285,O002285,UPI,Failed
P002286,O002286,UPI,Failed
P002287,O002287,Credit Card,completed
P002288,O002288,,
P002289,O002289,UPI,Completed
P002290,O002290,Debit Card,completed
P002291,O002291,Debit Card,
P002292,O002292,Cash,Failed
P002293,O002293,Cash,completed
P002294,O002294,Cash,Failed
P002295,O002295,,completed
P002296,O002296,Debit Card,completed
P002297,O002297,,Failed
P002298,O002298,UPI,Completed
P002299,O002299,Debit Card,Failed
P002300,O002300,Cash,
P002301,O002301,Cash,
P002302,O002302,UPI,Completed
P002303,O002303,Debit Card,completed
P002304,O002304,,Failed
P002305,O002305,,
P002306,O002306,UPI,completed
P002307,O002307,Debit Card,completed
P002308,O002308,,Failed
P002309,O002309,Cash,
P002310,O002310,Cash,
P002311,O002311,,completed
P002312,O002312,Debit Card,
P002313,O002313,,completed
P002314,O002314,UPI,Completed
P002315,O002315,Debit Card,Completed
P002316,O002316,,completed
P002317,O002317,Cash,Completed
P002318,O002318,Debit Card,
P002319,O002319,Credit Card,Completed
P002320,O002320,Debit Card,completed
P002321,O002321,Cash,Failed
P002322,O002322,Debit Card,Failed
P002323,O002323,UPI,completed
P002324,O002324,Cash,Failed
P002325,O002325,Cash,completed
P002326,O002326,UPI,Completed
P002327,O002327,Credit Card,
P002328,O002328,Debit Card,Failed
P002329,O002329,UPI,Completed
P002330,O002330,Debit Card,
P002331,O002331,Debit Card,
P002332,O002332,Credit Card,Completed
P002333,O002333,Debit Card,completed
P002334,O002334,UPI,Failed
P002335,O002335,Debit Card,completed
P002336,O002336,Debit Card,
P002337,O002337,Credit Card,completed
P002338,O002338,Debit Card,Failed
P002339,O002339,Cash,
P002340,O002340,,Completed
P002341,O002341,Cash,completed
P002342,O002342,Credit Card,Completed
P002343,O002343,Debit Card,Completed
P002344,O002344,UPI,completed
P002345,O002345,Debit Card,completed
P002346,O002346,Debit Card,
P002347,O002347,Credit Card,
P002348,O002348,Debit Card,Failed
P002349,O002349,UPI,Completed
P002350,O002350,UPI,
P002351,O002351,,Completed
P002352,O002352,,completed
P002353,O002353,Debit Card,
P002354,O002354,UPI,Completed
P002355,O002355,Debit Card,Failed
P002356,O002356,Cash,
P002357,O002357,Credit Card,Completed
P002358,O002358,Credit Card,Completed
P002359,O002359,UPI,
P002360,O002360,Cash,Failed
P002361,O002361,UPI,Completed
P002362,O002362,Cash,Completed
P002363,O002363,UPI,Failed
P002364,O002364,,completed
P002365,O002365,Debit Card,completed
P002366,O002366,Credit Card,completed
P002367,O002367,Credit Card,completed
P002368,O002368,Cash,
P002369,O002369,,completed
P002370,O002370,Cash,Completed
P002371,O002371,,
P002372,O002372,Cash,Completed
P002373,O002373,UPI,Failed
P002374,O002374,UPI,Completed
P002375,O002375,Credit Card,
P002376,O002376,Cash,
P002377,O002377,Cash,Completed
P002378,O002378,UPI,Failed
P002379,O002379,Cash,Failed
P002380,O002380,Credit Card,Completed
P002381,O002381,Credit Card,Failed
P002382,O002382,Cash,completed
P002383,O002383,Credit Card,Failed
P002384,O002384,Credit Card,Completed
P002385,O002385,Cash,completed
P002386,O002386,Cash,completed
P002387,O002387,UPI,
P002388,O002388,UPI,Completed
P002389,O002389,,completed
P002390,O002390,Cash,
P002391,O002391,,Failed
P002392,O002392,Cash,
P002393,O002393,,Failed
P002394,O002394,Debit Card,Completed
P002395,O002395,Cash,completed
P002396,O002396,Credit Card,Completed
P002397,O002397,,Failed
P002398,O002398,Debit Card,
P002399,O002399,Debit Card,
P002400,O002400,UPI,Completed
P002401,O002401,Debit Card,Completed
P002402,O002402,,completed
P002403,O002403,Debit Card,
P002404,O002404,Debit Card,Completed
P002405,O002405,UPI,Failed
P002406,O002406,UPI,Failed
P002407,O002407,Cash,completed
P002408,O002408,Credit Card,completed
P002409,O002409,Debit Card,completed
P002410,O002410,Credit Card,
P002411,O002411,Debit Card,
P002412,O002412,UPI,
P002413,O002413,,Completed
P002414,O002414,Cash,Failed
P002415,O002415,Debit Card,completed
P002416,O002416,,Completed
P002417,O002417,UPI,
P002418,O002418,Cash,
P002419,O002419,Credit Card,Failed
P002420,O002420,Cash,Failed
P002421,O002421,Credit Card,completed
P002422,O002422,Debit Card,Failed
P002423,O002423,Credit Card,Completed
P002424,O002424,Credit Card,completed
P002425,O002425,Cash,Completed
P002426,O002426,Debit Card,Failed
P002427,O002427,UPI,Completed
P002428,O002428,Cash,completed
P002429,O002429,Debit Card,Failed
P002430,O002430,,Completed
P002431,O002431,UPI,Failed
P002432,O002432,Credit Card,
P002433,O002433,,
P002434,O002434,Credit Card,
P002435,O002435,Debit Card,Failed
P002436,O002436,UPI,completed
P002437,O002437,UPI,Completed
P002438,O002438,Cash,Completed
P002439,O002439,Debit Card,
P002440,O002440,Credit Card,Failed
P002441,O002441,Credit Card,Failed
P002442,O002442,Credit Card,completed
P002443,O002443,Credit Card,completed
P002444,O002444,UPI,Completed
P002445,O002445,UPI,Failed
P002446,O002446,Credit Card,Failed
P002447,O002447,Cash,Completed
P002448,O002448,,completed
P002449,O002449,Debit Card,Completed
P002450,O002450,Credit Card,completed
P002451,O002451,Debit Card,
P002452,O002452,Credit Card,Failed
P002453,O002453,Cash,
P002454,O002454,,completed
P002455,O002455,Credit Card,
P002456,O002456,Credit Card,completed
P002457,O002457,,Completed
P002458,O002458,Credit Card,Failed
P002459,O002459,UPI,Failed
P002460,O002460,Cash,
P002461,O002461,UPI,Completed
P002462,O002462,Cash,Failed
P002463,O002463,UPI,Completed
P002464,O002464,UPI,
P002465,O002465,Credit Card,Completed
P002466,O002466,Cash,Completed
P002467,O002467,Cash,Completed
P002468,O002468,Credit Card,Failed
P002469,O002469,Cash,Failed
P002470,O002470,Cash,Completed
P002471,O002471,Credit Card,Failed
P002472,O002472,Debit Card,
P002473,O002473,,
P002474,O002474,UPI,Failed
P002475,O002475,Cash,Completed
P002476,O002476,,
P002477,O002477,Credit Card,completed
P002478,O002478,Cash,
P002479,O002479,,completed
P002480,O002480,UPI,completed
P002481,O002481,,
P002482,O002482,Debit Card,Completed
P002483,O002483,Cash,
P002484,O002484,UPI,Failed
P002485,O002485,UPI,Completed
P002486,O002486,UPI,completed
P002487,O002487,Debit Card,Failed
P002488,O002488,,completed
P002489,O002489,UPI,completed
P002490,O002490,Debit Card,Completed
P002491,O002491,Cash,
P002492,O002492,Cash,Completed
P002493,O002493,Credit Card,Completed
P002494,O002494,Debit Card,Failed
P002495,O002495,UPI,Failed
P002496,O002496,Debit Card,completed
P002497,O002497,Debit Card,Completed
P002498,O002498,,Failed
P002499,O002499,Credit Card,Completed
P002500,O002500,Debit Card,Failed
P002501,O002501,UPI,completed
P002502,O002502,Credit Card,completed
P002503,O002503,Cash,
P002504,O002504,Debit Card,completed
P002505,O002505,,completed
P002506,O002506,UPI,
P002507,O002507,Debit Card,completed
P002508,O002508,,
P002509,O002509,Cash,completed
P002510,O002510,Debit Card,Completed
P002511,O002511,,Completed
P002512,O002512,UPI,Failed
P002513,O002513,UPI,Completed
P002514,O002514,Cash,completed
P002515,O002515,Credit Card,completed
P002516,O002516,Debit Card,
P002517,O002517,,Completed
P002518,O002518,Cash,completed
P002519,O002519,Cash,Failed
P002520,O002520,,Completed
P002521,O002521,Credit Card,Completed
P002522,O002522,Credit Card,Failed
P002523,O002523,Cash,Completed
P002524,O002524,Cash,Completed
P002525,O002525,Cash,Completed
P002526,O002526,Cash,Failed
P002527,O002527,Cash,
P002528,O002528,Debit Card,Completed
P002529,O002529,Debit Card,
P002530,O002530,Debit Card,completed
P002531,O002531,UPI,Failed
P002532,O002532,Debit Card,Failed
P002533,O002533,Debit Card,
P002534,O002534,Credit Card,completed
P002535,O002535,Cash,
P002536,O002536,,
P002537,O002537,Credit Card,
P002538,O002538,UPI,completed
P002539,O002539,Credit Card,completed
P002540,O002540,,completed
P002541,O002541,Credit Card,Completed
P002542,O002542,Credit Card,Failed
P002543,O002543,Debit Card,completed
P002544,O002544,UPI,Completed
P002545,O002545,Debit Card,Completed
P002546,O002546,,Completed
P002547,O002547,UPI,Failed
P002548,O002548,,Completed
P002549,O002549,,completed
P002550,O002550,Credit Card,completed
P002551,O002551,Credit Card,completed
P002552,O002552,Credit Card,
P002553,O002553,Credit Card,completed
P002554,O002554,UPI,Completed
P002555,O002555,Debit Card,Failed
P002556,O002556,UPI,
P002557,O002557,Credit Card,completed
P002558,O002558,Cash,Failed
P002559,O002559,,
P002560,O002560,Credit Card,completed
P002561,O002561,Credit Card,Failed
P002562,O002562,,completed
P002563,O002563,,completed
P002564,O002564,Debit Card,
P002565,O002565,UPI,completed
P002566,O002566,,
P002567,O002567,UPI,Completed
P002568,O002568,Credit Card,Failed
P002569,O002569,Cash,
P002570,O002570,Cash,
P002571,O002571,Debit Card,
P002572,O002572,Debit Card,
P002573,O002573,Debit Card,
P002574,O002574,Cash,completed
P002575,O002575,,
P002576,O002576,,
P002577,O002577,,completed
P002578,O002578,Credit Card,Failed
P002579,O002579,UPI,
P002580,O002580,Credit Card,
P002581,O002581,Debit Card,Completed
P002582,O002582,Debit Card,
P002583,O002583,,Completed
P002584,O002584,Credit Card,Completed
P002585,O002585,Credit Card,Failed
P002586,O002586,,Completed
P002587,O002587,UPI,completed
P002588,O002588,UPI,Failed
P002589,O002589,Credit Card,
P002590,O002590,Credit Card,Failed
P002591,O002591,UPI,completed
P002592,O002592,Cash,Failed
P002593,O002593,Cash,Failed
P002594,O002594,Debit Card,Failed
P002595,O002595,Credit Card,Failed
P002596,O002596,UPI,completed
P002597,O002597,,completed
P002598,O002598,,
P002599,O002599,Cash,completed
P002600,O002600,UPI,Failed
P002601,O002601,Cash,
P002602,O002602,Cash,completed
P002603,O002603,Credit Card,Completed
P002604,O002604,Credit Card,completed
P002605,O002605,UPI,Completed
P002606,O002606,Debit Card,
P002607,O002607,Credit Card,
P002608,O002608,Debit Card,completed
P002609,O002609,Cash,Failed
P002610,O002610,Cash,Failed
P002611,O002611,UPI,
P002612,O002612,UPI,completed
P002613,O002613,Cash,completed
P002614,O002614,Debit Card,Failed
P002615,O002615,Debit Card,Completed
P002616,O002616,Cash,
P002617,O002617,,completed
P002618,O002618,,
P002619,O002619,Debit Card,
P002620,O002620,,completed
P002621,O002621,Credit Card,
P002622,O002622,UPI,completed
P002623,O002623,UPI,Completed
P002624,O002624,,Failed
P002625,O002625,Cash,completed
P002626,O002626,Credit Card,Completed
P002627,O002627,,Failed
P002628,O002628,Cash,Completed
P002629,O002629,Cash,
P002630,O002630,Debit Card,Completed
P002631,O002631,Credit Card,
P002632,O002632,Credit Card,completed
P002633,O002633,Debit Card,Failed
P002634,O002634,Cash,Failed
P002635,O002635,Cash,
P002636,O002636,,Completed
P002637,O002637,UPI,completed
P002638,O002638,Debit Card,Completed
P002639,O002639,,completed
P002640,O002640,Credit Card,completed
P002641,O002641,Credit Card,completed
P002642,O002642,Credit Card,Completed
P002643,O002643,UPI,Completed
P002644,O002644,Debit Card,completed
P002645,O002645,UPI,Failed
P002646,O002646,Cash,completed
P002647,O002647,Cash,
P002648,O002648,Credit Card,
P002649,O002649,Debit Card,
P002650,O002650,,Completed
P002651,O002651,Cash,Completed
P002652,O002652,,Failed
P002653,O002653,,Failed
P002654,O002654,Cash,Completed
P002655,O002655,,Completed
P002656,O002656,,Failed
P002657,O002657,,
P002658,O002658,UPI,Completed
P002659,O002659,Debit Card,completed
P002660,O002660,Credit Card,Failed
P002661,O002661,UPI,Completed
P002662,O002662,,
P002663,O002663,UPI,
P002664,O002664,UPI,Failed
P002665,O002665,Debit Card,Completed
P002666,O002666,Debit Card,Completed
P002667,O002667,,Failed
P002668,O002668,UPI,Completed
P002669,O002669,Debit Card,completed
P002670,O002670,Debit Card,
P002671,O002671,UPI,
P002672,O002672,Debit Card,
P002673,O002673,Cash,completed
P002674,O002674,Debit Card,
P002675,O002675,,completed
P002676,O002676,,Completed
P002677,O002677,Credit Card,completed
P002678,O002678,Credit Card,
P002679,O002679,UPI,
P002680,O002680,,
P002681,O002681,Credit Card,
P002682,O002682,UPI,completed
P002683,O002683,Credit Card,completed
P002684,O002684,Debit Card,Failed
P002685,O002685,Cash,Failed
P002686,O002686,Credit Card,completed
P002687,O002687,Debit Card,Completed
P002688,O002688,Cash,
P002689,O002689,Credit Card,completed
P002690,O002690,,Failed
P002691,O002691,Cash,Completed
P002692,O002692,Debit Card,completed
P002693,O002693,,
P002694,O002694,Debit Card,
P002695,O002695,Credit Card,
P002696,O002696,Debit Card,
P002697,O002697,UPI,completed
P002698,O002698,Debit Card,Completed
P002699,O002699,Debit Card,Failed
P002700,O002700,,Failed
P002701,O002701,Debit Card,completed
P002702,O002702,Cash,
P002703,O002703,Debit Card,Failed
P002704,O002704,Credit Card,completed
P002705,O002705,UPI,completed
P002706,O002706,UPI,completed
P002707,O002707,Debit Card,completed
P002708,O002708,UPI,
P002709,O002709,,Completed
P002710,O002710,UPI,completed
P002711,O002711,Credit Card,Completed
P002712,O002712,Debit Card,
P002713,O002713,UPI,completed
P002714,O002714,Credit Card,
P002715,O002715,UPI,Completed
P002716,O002716,Credit Card,Completed
P002717,O002717,Debit Card,completed
P002718,O002718,Credit Card,
P002719,O002719,UPI,Completed
P002720,O002720,Credit Card,Completed
P002721,O002721,Debit Card,
P002722,O002722,Credit Card,Failed
P002723,O002723,,
P002724,O002724,UPI,completed
P002725,O002725,Credit Card,Failed
P002726,O002726,,completed
P002727,O002727,,Completed
P002728,O002728,Cash,completed
P002729,O002729,Credit Card,
P002730,O002730,Cash,Completed
P002731,O002731,,completed
P002732,O002732,Debit Card,
P002733,O002733,Credit Card,
P002734,O002734,Cash,
P002735,O002735,UPI,Failed
P002736,O002736,Debit Card,Failed
P002737,O002737,Cash,completed
P002738,O002738,Credit Card,
P002739,O002739,UPI,completed
P002740,O002740,Debit Card,Completed
P002741,O002741,,Failed
P002742,O002742,Cash,Failed
P002743,O002743,Debit Card,
P002744,O002744,,
P002745,O002745,Credit Card,
P002746,O002746,Credit Card,Completed
P002747,O002747,,
P002748,O002748,Debit Card,Failed
P002749,O002749,Cash,Completed
P002750,O002750,Credit Card,Failed
P002751,O002751,Credit Card,Completed
P002752,O002752,Debit Card,Failed
P002753,O002753,Credit Card,completed
P002754,O002754,UPI,completed
P002755,O002755,,completed
P002756,O002756,Cash,completed
P002757,O002757,Debit Card,completed
P002758,O002758,UPI,Failed
P002759,O002759,Credit Card,
P002760,O002760,Credit Card,completed
P002761,O002761,UPI,Failed
P002762,O002762,Credit Card,Failed
P002763,O002763,,completed
P002764,O002764,Credit Card,completed
P002765,O002765,Cash,Completed
P002766,O002766,,Completed
P002767,O002767,Debit Card,
P002768,O002768,,completed
P002769,O002769,Debit Card,
P002770,O002770,Debit Card,Completed
P002771,O002771,,
P002772,O002772,Cash,Failed
P002773,O002773,Credit Card,completed
P002774,O002774,,completed
P002775,O002775,Debit Card,
P002776,O002776,,Completed
P002777,O002777,Debit Card,
P002778,O002778,Debit Card,Failed
P002779,O002779,UPI,
P002780,O002780,Cash,Failed
P002781,O002781,Cash,Failed
P002782,O002782,Debit Card,Completed
P002783,O002783,Debit Card,
P002784,O002784,Credit Card,
P002785,O002785,Debit Card,
P002786,O002786,Debit Card,Failed
P002787,O002787,Cash,Failed
P002788,O002788,Debit Card,
P002789,O002789,Credit Card,Failed
P002790,O002790,UPI,
P002791,O002791,UPI,
P002792,O002792,Credit Card,
P002793,O002793,Debit Card,Failed
P002794,O002794,Credit Card,completed
P002795,O002795,UPI,
P002796,O002796,Cash,
P002797,O002797,Debit Card,Completed
P002798,O002798,Debit Card,Failed
P002799,O002799,,completed
P002800,O002800,Debit Card,completed
P002801,O002801,,completed
P002802,O002802,,Failed
P002803,O002803,Cash,Failed
P002804,O002804,,
P002805,O002805,,
P002806,O002806,,
P002807,O002807,,completed
P002808,O002808,,completed
P002809,O002809,Credit Card,
P002810,O002810,,
P002811,O002811,Credit Card,completed
P002812,O002812,Credit Card,
P002813,O002813,Credit Card,completed
P002814,O002814,Debit Card,Failed
P002815,O002815,Credit Card,completed
P002816,O002816,Debit Card,completed
P002817,O002817,Credit Card,
P002818,O002818,Credit Card,Failed
P002819,O002819,Credit Card,
P002820,O002820,Cash,Completed
P002821,O002821,Debit Card,Completed
P002822,O002822,Debit Card,Failed
P002823,O002823,Cash,
P002824,O002824,,
P002825,O002825,Credit Card,completed
P002826,O002826,UPI,Failed
P002827,O002827,Debit Card,Failed
P002828,O002828,Debit Card,Failed
P002829,O002829,UPI,
P002830,O002830,UPI,completed
P002831,O002831,UPI,Failed
P002832,O002832,Cash,Failed
P002833,O002833,Credit Card,completed
P002834,O002834,Credit Card,completed
P002835,O002835,UPI,Completed
P002836,O002836,,
P002837,O002837,Credit Card,Completed
P002838,O002838,,completed
P002839,O002839,Credit Card,Failed
P002840,O002840,,Completed
P002841,O002841,Cash,completed
P002842,O002842,Credit Card,Completed
P002843,O002843,Credit Card,Completed
P002844,O002844,Debit Card,
P002845,O002845,Credit Card,completed
P002846,O002846,Debit Card,Failed
P002847,O002847,UPI,Completed
P002848,O002848,Debit Card,Completed
P002849,O002849,UPI,completed
P002850,O002850,Credit Card,completed
P002851,O002851,Debit Card,Failed
P002852,O002852,UPI,Completed
P002853,O002853,Debit Card,Failed
P002854,O002854,UPI,completed
P002855,O002855,Debit Card,completed
P002856,O002856,UPI,Failed
P002857,O002857,,
P002858,O002858,Credit Card,completed
P002859,O002859,Credit Card,completed
P002860,O002860,Debit Card,Completed
P002861,O002861,UPI,
P002862,O002862,,Completed
P002863,O002863,Credit Card,completed
P002864,O002864,Debit Card,Completed
P002865,O002865,Credit Card,
P002866,O002866,,Failed
P002867,O002867,Credit Card,Failed
P002868,O002868,Cash,Failed
P002869,O002869,,completed
P002870,O002870,UPI,
P002871,O002871,,Completed
P002872,O002872,Debit Card,
P002873,O002873,UPI,
P002874,O002874,Credit Card,Completed
P002875,O002875,,
P002876,O002876,UPI,
P002877,O002877,Credit Card,Failed
P002878,O002878,,Completed
P002879,O002879,UPI,Completed
P002880,O002880,Debit Card,Failed
P002881,O002881,Credit Card,
P002882,O002882,Credit Card,
P002883,O002883,Debit Card,Completed
P002884,O002884,Debit Card,Failed
P002885,O002885,Debit Card,Failed
P002886,O002886,UPI,completed
P002887,O002887,Debit Card,Failed
P002888,O002888,Cash,
P002889,O002889,UPI,Completed
P002890,O002890,Debit Card,Completed
P002891,O002891,Debit Card,Failed
P002892,O002892,Cash,
P002893,O002893,,
P002894,O002894,Debit Card,completed
P002895,O002895,Credit Card,Failed
P002896,O002896,Debit Card,
P002897,O002897,UPI,Failed
P002898,O002898,UPI,
P002899,O002899,Debit Card,completed
P002900,O002900,UPI,completed
P002901,O002901,Credit Card,Failed
P002902,O002902,Debit Card,
P002903,O002903,Credit Card,completed
P002904,O002904,Cash,Completed
P002905,O002905,,Failed
P002906,O002906,Cash,Completed
P002907,O002907,Debit Card,
P002908,O002908,,completed
P002909,O002909,Debit Card,Completed
P002910,O002910,,
P002911,O002911,Debit Card,completed
P002912,O002912,,Failed
P002913,O002913,Credit Card,completed
P002914,O002914,UPI,Failed
P002915,O002915,Debit Card,completed
P002916,O002916,Cash,completed
P002917,O002917,Cash,Completed
P002918,O002918,Debit Card,Completed
P002919,O002919,Credit Card,Failed
P002920,O002920,Debit Card,Failed
P002921,O002921,,Completed
P002922,O002922,UPI,Failed
P002923,O002923,Credit Card,Failed
P002924,O002924,UPI,
P002925,O002925,Cash,Completed
P002926,O002926,UPI,completed
P002927,O002927,UPI,Failed
P002928,O002928,Debit Card,Failed
P002929,O002929,Cash,completed
P002930,O002930,UPI,Failed
P002931,O002931,,
P002932,O002932,UPI,Completed
P002933,O002933,Debit Card,Completed
P002934,O002934,Credit Card,
P002935,O002935,Credit Card,
P002936,O002936,Credit Card,
P002937,O002937,,
P002938,O002938,UPI,Failed
P002939,O002939,Cash,Failed
P002940,O002940,UPI,Completed
P002941,O002941,Credit Card,completed
P002942,O002942,Credit Card,Completed
P002943,O002943,Cash,completed
P002944,O002944,UPI,completed
P002945,O002945,Credit Card,completed
P002946,O002946,Cash,completed
P002947,O002947,Debit Card,completed
P002948,O002948,Credit Card,
P002949,O002949,Debit Card,completed
P002950,O002950,UPI,Failed
P002951,O002951,,
P002952,O002952,UPI,
P002953,O002953,,Completed
P002954,O002954,Cash,
P002955,O002955,,Completed
P002956,O002956,Cash,Failed
P002957,O002957,Credit Card,Failed
P002958,O002958,UPI,
P002959,O002959,Cash,completed
P002960,O002960,UPI,
P002961,O002961,UPI,
P002962,O002962,Cash,Completed
P002963,O002963,Cash,completed
P002964,O002964,,Failed
P002965,O002965,Credit Card,completed
P002966,O002966,Credit Card,
P002967,O002967,Debit Card,completed
P002968,O002968,,Completed
P002969,O002969,,Completed
P002970,O002970,UPI,Completed
P002971,O002971,UPI,completed
P002972,O002972,Cash,completed
P002973,O002973,Debit Card,Failed
P002974,O002974,UPI,Failed
P002975,O002975,,
P002976,O002976,Debit Card,Failed
P002977,O002977,,Failed
P002978,O002978,,Failed
P002979,O002979,,Failed
P002980,O002980,Credit Card,
P002981,O002981,,Failed
P002982,O002982,Credit Card,
P002983,O002983,UPI,Completed
P002984,O002984,,Failed
P002985,O002985,Cash,completed
P002986,O002986,Cash,
P002987,O002987,Credit Card,completed
P002988,O002988,Credit Card,completed
P002989,O002989,Debit Card,Completed
P002990,O002990,,
P002991,O002991,,completed
P002992,O002992,,
P002993,O002993,,completed
P002994,O002994,Debit Card,
P002995,O002995,UPI,Completed
P002996,O002996,Credit Card,completed
P002997,O002997,Credit Card,Completed
P002998,O002998,Cash,completed
P002999,O002999,,
P003000,O003000,Credit Card,completed
P003001,O003001,Cash,
P003002,O003002,Debit Card,Failed
P003003,O003003,Cash,completed
P003004,O003004,,Failed
P003005,O003005,Cash,Failed
P003006,O003006,,completed
P003007,O003007,Debit Card,completed
P003008,O003008,Debit Card,Completed
P003009,O003009,Debit Card,Failed
P003010,O003010,Cash,
P003011,O003011,,completed
P003012,O003012,Credit Card,Failed
P003013,O003013,,Failed
P003014,O003014,Cash,
P003015,O003015,Debit Card,completed
P003016,O003016,UPI,completed
P003017,O003017,Credit Card,Failed
P003018,O003018,,completed
P003019,O003019,,Failed
P003020,O003020,UPI,
P003021,O003021,Debit Card,Completed
P003022,O003022,UPI,Completed
P003023,O003023,Debit Card,
P003024,O003024,,completed
P003025,O003025,Debit Card,
P003026,O003026,Credit Card,Failed
P003027,O003027,Cash,Completed
P003028,O003028,Cash,Failed
P003029,O003029,Debit Card,completed
P003030,O003030,,Completed
P003031,O003031,,
P003032,O003032,Debit Card,Completed
P003033,O003033,UPI,
P003034,O003034,UPI,
P003035,O003035,UPI,Failed
P003036,O003036,,Completed
P003037,O003037,Debit Card,
P003038,O003038,Debit Card,Failed
P003039,O003039,,Failed
P003040,O003040,Debit Card,completed
P003041,O003041,Credit Card,completed
P003042,O003042,UPI,
P003043,O003043,Debit Card,Completed
P003044,O003044,,completed
P003045,O003045,Debit Card,
P003046,O003046,,Completed
P003047,O003047,Debit Card,completed
P003048,O003048,Cash,completed
P003049,O003049,Credit Card,
P003050,O003050,Cash,
P003051,O003051,Debit Card,Completed
P003052,O003052,,completed
P003053,O003053,Debit Card,
P003054,O003054,,Failed
P003055,O003055,UPI,completed
P003056,O003056,UPI,
P003057,O003057,Debit Card,Failed
P003058,O003058,UPI,Completed
P003059,O003059,Debit Card,Completed
P003060,O003060,UPI,completed
P003061,O003061,Credit Card,completed
P003062,O003062,Cash,completed
P003063,O003063,UPI,completed
P003064,O003064,Credit Card,Failed
P003065,O003065,Cash,completed
P003066,O003066,,Completed
P003067,O003067,Cash,completed
P003068,O003068,Cash,
P003069,O003069,Credit Card,completed
P003070,O003070,Debit Card,Failed
P003071,O003071,Credit Card,completed
P003072,O003072,Cash,completed
P003073,O003073,Cash,Failed
P003074,O003074,Credit Card,Failed
P003075,O003075,UPI,
P003076,O003076,Cash,Failed
P003077,O003077,Cash,Completed
P003078,O003078,,Failed
P003079,O003079,Debit Card,Completed
P003080,O003080,Credit Card,Completed
P003081,O003081,Cash,Failed
P003082,O003082,UPI,
P003083,O003083,UPI,
P003084,O003084,,completed
P003085,O003085,UPI,completed
P003086,O003086,Credit Card,Completed
P003087,O003087,UPI,completed
P003088,O003088,,
P003089,O003089,,
P003090,O003090,UPI,Failed
P003091,O003091,Cash,
P003092,O003092,UPI,Failed
P003093,O003093,,
P003094,O003094,Cash,completed
P003095,O003095,,
P003096,O003096,Cash,completed
P003097,O003097,UPI,Completed
P003098,O003098,Debit Card,
P003099,O003099,Credit Card,completed
P003100,O003100,Cash,Completed
P003101,O003101,,completed
P003102,O003102,,
P003103,O003103,Debit Card,
P003104,O003104,,completed
P003105,O003105,,completed
P003106,O003106,,completed
P003107,O003107,Cash,Failed
P003108,O003108,Cash,completed
P003109,O003109,Credit Card,Completed
P003110,O003110,Debit Card,
P003111,O003111,UPI,Failed
P003112,O003112,Debit Card,
P003113,O003113,Credit Card,Completed
P003114,O003114,Cash,
P003115,O003115,Cash,Failed
P003116,O003116,Debit Card,completed
P003117,O003117,UPI,Completed
P003118,O003118,Cash,
P003119,O003119,Cash,completed
P003120,O003120,Debit Card,Failed
P003121,O003121,Debit Card,completed
P003122,O003122,UPI,Completed
P003123,O003123,UPI,
P003124,O003124,Debit Card,Failed
P003125,O003125,UPI,Failed
P003126,O003126,Credit Card,completed
P003127,O003127,Debit Card,completed
P003128,O003128,,Failed
P003129,O003129,UPI,Completed
P003130,O003130,Debit Card,Completed
P003131,O003131,,Completed
P003132,O003132,Credit Card,completed
P003133,O003133,Credit Card,completed
P003134,O003134,Cash,Failed
P003135,O003135,,
P003136,O003136,,completed
P003137,O003137,,completed
P003138,O003138,Credit Card,
P003139,O003139,Cash,
P003140,O003140,Credit Card,completed
P003141,O003141,Debit Card,Completed
P003142,O003142,,Failed
P003143,O003143,,Failed
P003144,O003144,Cash,completed
P003145,O003145,Cash,completed
P003146,O003146,,Completed
P003147,O003147,Credit Card,Completed
P003148,O003148,Cash,completed
P003149,O003149,,Completed
P003150,O003150,Debit Card,completed
P003151,O003151,Cash,Failed
P003152,O003152,UPI,Completed
P003153,O003153,Debit Card,Completed
P003154,O003154,,Failed
P003155,O003155,Cash,Failed
P003156,O003156,Cash,Completed
P003157,O003157,Credit Card,Completed
P003158,O003158,,completed
P003159,O003159,UPI,Completed
P003160,O003160,,completed
P003161,O003161,Cash,Failed
P003162,O003162,Cash,Failed
P003163,O003163,UPI,completed
P003164,O003164,Debit Card,
P003165,O003165,,
P003166,O003166,,Failed
P003167,O003167,,Completed
P003168,O003168,Credit Card,Failed
P003169,O003169,UPI,
P003170,O003170,Debit Card,Completed
P003171,O003171,,Failed
P003172,O003172,Debit Card,Failed
P003173,O003173,Debit Card,
P003174,O003174,Debit Card,Completed
P003175,O003175,Cash,Completed
P003176,O003176,,
P003177,O003177,,
P003178,O003178,,completed
P003179,O003179,UPI,completed
P003180,O003180,Credit Card,Completed
P003181,O003181,Credit Card,
P003182,O003182,Credit Card,
P003183,O003183,Credit Card,Completed
P003184,O003184,Cash,completed
P003185,O003185,UPI,Completed
P003186,O003186,UPI,Failed
P003187,O003187,Cash,
P003188,O003188,,
P003189,O003189,Cash,Failed
P003190,O003190,Credit Card,
P003191,O003191,UPI,
P003192,O003192,Cash,
P003193,O003193,Credit Card,completed
P003194,O003194,Credit Card,Failed
P003195,O003195,Debit Card,
P003196,O003196,,
P003197,O003197,,
P003198,O003198,,Failed
P003199,O003199,UPI,
P003200,O003200,UPI,
P003201,O003201,UPI,
P003202,O003202,UPI,completed
P003203,O003203,Credit Card,Failed
P003204,O003204,,completed
P003205,O003205,UPI,Failed
P003206,O003206,,Completed
P003207,O003207,Credit Card,Failed
P003208,O003208,UPI,completed
P003209,O003209,Debit Card,Failed
P003210,O003210,Cash,
P003211,O003211,UPI,completed
P003212,O003212,UPI,completed
P003213,O003213,Debit Card,completed
P003214,O003214,Credit Card,Failed
P003215,O003215,Cash,Completed
P003216,O003216,Credit Card,
P003217,O003217,Debit Card,Failed
P003218,O003218,UPI,Completed
P003219,O003219,Cash,
P003220,O003220,Credit Card,completed
P003221,O003221,UPI,Completed
P003222,O003222,,completed
P003223,O003223,Debit Card,completed
P003224,O003224,Credit Card,completed
P003225,O003225,,Failed
P003226,O003226,Credit Card,
P003227,O003227,Credit Card,
P003228,O003228,,
P003229,O003229,Debit Card,
P003230,O003230,Debit Card,
P003231,O003231,,Failed
P003232,O003232,Debit Card,Failed
P003233,O003233,Cash,Completed
P003234,O003234,Cash,
P003235,O003235,UPI,Failed
P003236,O003236,,completed
P003237,O003237,Cash,
P003238,O003238,Credit Card,completed
P003239,O003239,Debit Card,Failed
P003240,O003240,Cash,Completed
P003241,O003241,Cash,Completed
P003242,O003242,,Failed
P003243,O003243,Credit Card,completed
P003244,O003244,Cash,completed
P003245,O003245,Credit Card,Failed
P003246,O003246,Debit Card,completed
P003247,O003247,Debit Card,
P003248,O003248,Debit Card,
P003249,O003249,UPI,completed
P003250,O003250,,Failed
P003251,O003251,Debit Card,Completed
P003252,O003252,UPI,Completed
P003253,O003253,UPI,Completed
P003254,O003254,,Failed
P003255,O003255,Debit Card,Failed
P003256,O003256,,
P003257,O003257,,completed
P003258,O003258,Cash,Completed
P003259,O003259,,completed
P003260,O003260,UPI,completed
P003261,O003261,Debit Card,Failed
P003262,O003262,,Failed
P003263,O003263,UPI,completed
P003264,O003264,Debit Card,Completed
P003265,O003265,Credit Card,
P003266,O003266,UPI,Failed
P003267,O003267,Credit Card,Completed
P003268,O003268,Credit Card,Failed
P003269,O003269,Cash,
P003270,O003270,Credit Card,
P003271,O003271,UPI,
P003272,O003272,,completed
P003273,O003273,Debit Card,completed
P003274,O003274,Cash,
P003275,O003275,Debit Card,
P003276,O003276,UPI,completed
P003277,O003277,,
P003278,O003278,Credit Card,completed
P003279,O003279,Credit Card,
P003280,O003280,UPI,
P003281,O003281,UPI,
P003282,O003282,Debit Card,completed
P003283,O003283,Debit Card,
P003284,O003284,Debit Card,completed
P003285,O003285,Credit Card,Completed
P003286,O003286,UPI,Completed
P003287,O003287,Cash,completed
P003288,O003288,Credit Card,
P003289,O003289,Cash,Failed
P003290,O003290,Debit Card,Failed
P003291,O003291,Debit Card,
P003292,O003292,UPI,Failed
P003293,O003293,,completed
P003294,O003294,,completed
P003295,O003295,Debit Card,
P003296,O003296,,Failed
P003297,O003297,,Completed
P003298,O003298,Debit Card,
P003299,O003299,UPI,Completed
P003300,O003300,Credit Card,
P003301,O003301,,Completed
P003302,O003302,Cash,Failed
P003303,O003303,,completed
P003304,O003304,Credit Card,Failed
P003305,O003305,Credit Card,Completed
P003306,O003306,Credit Card,Completed
P003307,O003307,Credit Card,
P003308,O003308,Cash,Completed
P003309,O003309,UPI,completed
P003310,O003310,Credit Card,completed
P003311,O003311,Credit Card,Failed
P003312,O003312,Cash,completed
P003313,O003313,,completed
P003314,O003314,,
P003315,O003315,Cash,
P003316,O003316,,Completed
P003317,O003317,Debit Card,Failed
P003318,O003318,UPI,
P003319,O003319,,
P003320,O003320,Cash,
P003321,O003321,Debit Card,Completed
P003322,O003322,UPI,completed
P003323,O003323,Credit Card,Failed
P003324,O003324,,completed
P003325,O003325,UPI,
P003326,O003326,UPI,
P003327,O003327,Credit Card,
P003328,O003328,UPI,
P003329,O003329,,completed
P003330,O003330,Debit Card,
P003331,O003331,,Failed
P003332,O003332,Cash,
P003333,O003333,UPI,Failed
P003334,O003334,Credit Card,Completed
P003335,O003335,Cash,Failed
P003336,O003336,UPI,Completed
P003337,O003337,UPI,Completed
P003338,O003338,Debit Card,Failed
P003339,O003339,Credit Card,Completed
P003340,O003340,,completed
P003341,O003341,UPI,Failed
P003342,O003342,Cash,completed
P003343,O003343,Credit Card,completed
P003344,O003344,,Completed
P003345,O003345,Cash,completed
P003346,O003346,Credit Card,
P003347,O003347,Debit Card,Completed
P003348,O003348,Cash,completed
P003349,O003349,Credit Card,Completed
P003350,O003350,,completed
P003351,O003351,UPI,Completed
P003352,O003352,Credit Card,Completed
P003353,O003353,Cash,
P003354,O003354,,Failed
P003355,O003355,UPI,Completed
P003356,O003356,,
P003357,O003357,UPI,Completed
P003358,O003358,Debit Card,
P003359,O003359,Debit Card,Failed
P003360,O003360,,Failed
P003361,O003361,UPI,
P003362,O003362,UPI,
P003363,O003363,Credit Card,Completed
P003364,O003364,Credit Card,Completed
P003365,O003365,Debit Card,
P003366,O003366,Debit Card,completed
P003367,O003367,UPI,completed
P003368,O003368,UPI,
P003369,O003369,Cash,Failed
P003370,O003370,Credit Card,Completed
P003371,O003371,UPI,
P003372,O003372,UPI,completed
P003373,O003373,Debit Card,completed
P003374,O003374,,Completed
P003375,O003375,Debit Card,Failed
P003376,O003376,UPI,Failed
P003377,O003377,Credit Card,
P003378,O003378,,
P003379,O003379,Cash,completed
P003380,O003380,Debit Card,
P003381,O003381,Cash,Failed
P003382,O003382,Credit Card,completed
P003383,O003383,,completed
P003384,O003384,Credit Card,Failed
P003385,O003385,,Completed
P003386,O003386,Cash,
P003387,O003387,Cash,
P003388,O003388,Credit Card,completed
P003389,O003389,,completed
P003390,O003390,Cash,
P003391,O003391,,Completed
P003392,O003392,Cash,
P003393,O003393,UPI,completed
P003394,O003394,Cash,Completed
P003395,O003395,UPI,Completed
P003396,O003396,Credit Card,Completed
P003397,O003397,UPI,Failed
P003398,O003398,Credit Card,completed
P003399,O003399,UPI,completed
P003400,O003400,Credit Card,completed
P003401,O003401,Cash,Completed
P003402,O003402,Debit Card,Failed
P003403,O003403,Debit Card,completed
P003404,O003404,Debit Card,completed
P003405,O003405,UPI,completed
P003406,O003406,Debit Card,
P003407,O003407,Credit Card,
P003408,O003408,UPI,Failed
P003409,O003409,UPI,
P003410,O003410,Cash,Completed
P003411,O003411,Credit Card,Failed
P003412,O003412,Credit Card,Failed
P003413,O003413,Cash,
P003414,O003414,,Completed
P003415,O003415,Cash,
P003416,O003416,,Failed
P003417,O003417,Debit Card,Completed
P003418,O003418,Debit Card,Failed
P003419,O003419,Debit Card,
P003420,O003420,Debit Card,Failed
P003421,O003421,Cash,
P003422,O003422,Debit Card,Failed
P003423,O003423,Cash,completed
P003424,O003424,Credit Card,Completed
P003425,O003425,Credit Card,Completed
P003426,O003426,UPI,completed
P003427,O003427,Credit Card,Failed
P003428,O003428,,
P003429,O003429,,completed
P003430,O003430,Debit Card,completed
P003431,O003431,UPI,Failed
P003432,O003432,Cash,Failed
P003433,O003433,Cash,Completed
P003434,O003434,Cash,completed
P003435,O003435,Debit Card,Failed
P003436,O003436,UPI,Completed
P003437,O003437,Credit Card,
P003438,O003438,Credit Card,Failed
P003439,O003439,Debit Card,Completed
P003440,O003440,,Completed
P003441,O003441,Cash,Completed
P003442,O003442,,Failed
P003443,O003443,Credit Card,
P003444,O003444,Debit Card,Failed
P003445,O003445,,Completed
P003446,O003446,Credit Card,completed
P003447,O003447,Debit Card,completed
P003448,O003448,Cash,completed
P003449,O003449,UPI,Completed
P003450,O003450,Credit Card,completed
P003451,O003451,UPI,
P003452,O003452,Debit Card,Failed
P003453,O003453,Credit Card,completed
P003454,O003454,Cash,Completed
P003455,O003455,Cash,
P003456,O003456,Debit Card,Completed
P003457,O003457,UPI,completed
P003458,O003458,,
P003459,O003459,Cash,Completed
P003460,O003460,UPI,Failed
P003461,O003461,UPI,
P003462,O003462,Credit Card,Completed
P003463,O003463,,Failed
P003464,O003464,Debit Card,completed
P003465,O003465,Cash,
P003466,O003466,,Failed
P003467,O003467,UPI,
P003468,O003468,,Failed
P003469,O003469,Credit Card,Failed
P003470,O003470,Credit Card,
P003471,O003471,UPI,completed
P003472,O003472,UPI,Failed
P003473,O003473,Debit Card,Failed
P003474,O003474,Cash,
P003475,O003475,Cash,Failed
P003476,O003476,,Completed
P003477,O003477,Cash,
P003478,O003478,UPI,
P003479,O003479,,Failed
P003480,O003480,Cash,Failed
P003481,O003481,Debit Card,completed
P003482,O003482,UPI,
P003483,O003483,UPI,Completed
P003484,O003484,Cash,
P003485,O003485,Debit Card,Failed
P003486,O003486,Debit Card,completed
P003487,O003487,Credit Card,Completed
P003488,O003488,UPI,Failed
P003489,O003489,UPI,
P003490,O003490,Cash,Failed
P003491,O003491,Cash,
P003492,O003492,Debit Card,
P003493,O003493,UPI,Failed
P003494,O003494,Cash,Completed
P003495,O003495,Debit Card,Completed
P003496,O003496,UPI,
P003497,O003497,Credit Card,completed
P003498,O003498,UPI,Failed
P003499,O003499,Credit Card,Failed
P003500,O003500,UPI,Completed
P003501,O003501,Debit Card,Failed
P003502,O003502,UPI,Failed
P003503,O003503,Cash,Completed
P003504,O003504,Debit Card,
P003505,O003505,Credit Card,completed
P003506,O003506,UPI,
P003507,O003507,Credit Card,Failed
P003508,O003508,Cash,completed
P003509,O003509,Debit Card,
P003510,O003510,Credit Card,completed
P003511,O003511,,Completed
P003512,O003512,UPI,
P003513,O003513,Credit Card,Completed
P003514,O003514,,
P003515,O003515,,Completed
P003516,O003516,Cash,
P003517,O003517,Credit Card,
P003518,O003518,Cash,Completed
P003519,O003519,UPI,
P003520,O003520,Debit Card,Completed
P003521,O003521,,completed
P003522,O003522,Credit Card,completed
P003523,O003523,UPI,completed
P003524,O003524,Credit Card,
P003525,O003525,,Completed
P003526,O003526,Debit Card,Completed
P003527,O003527,UPI,Failed
P003528,O003528,,Failed
P003529,O003529,UPI,completed
P003530,O003530,Credit Card,completed
P003531,O003531,,Completed
P003532,O003532,,Failed
P003533,O003533,,completed
P003534,O003534,Debit Card,Completed
P003535,O003535,,
P003536,O003536,UPI,Failed
P003537,O003537,,Failed
P003538,O003538,Debit Card,
P003539,O003539,Debit Card,Failed
P003540,O003540,Credit Card,completed
P003541,O003541,UPI,completed
P003542,O003542,Cash,Failed
P003543,O003543,UPI,
P003544,O003544,Cash,
P003545,O003545,UPI,Completed
P003546,O003546,,completed
P003547,O003547,Cash,Completed
P003548,O003548,UPI,Completed
P003549,O003549,Credit Card,Failed
P003550,O003550,Debit Card,Failed
P003551,O003551,UPI,Completed
P003552,O003552,UPI,
P003553,O003553,Debit Card,Completed
P003554,O003554,Cash,
P003555,O003555,Cash,Failed
P003556,O003556,,
P003557,O003557,,completed
P003558,O003558,,completed
P003559,O003559,Credit Card,completed
P003560,O003560,Debit Card,Failed
P003561,O003561,Cash,
P003562,O003562,Credit Card,Failed
P003563,O003563,,Failed
P003564,O003564,Debit Card,Failed
P003565,O003565,,Failed
P003566,O003566,UPI,Completed
P003567,O003567,,Completed
P003568,O003568,Debit Card,Failed
P003569,O003569,Cash,
P003570,O003570,Debit Card,Failed
P003571,O003571,Cash,Failed
P003572,O003572,Debit Card,Completed
P003573,O003573,Debit Card,Completed
P003574,O003574,Cash,completed
P003575,O003575,UPI,Completed
P003576,O003576,Debit Card,completed
P003577,O003577,Debit Card,
P003578,O003578,Credit Card,completed
P003579,O003579,,
P003580,O003580,Credit Card,Failed
P003581,O003581,Debit Card,Failed
P003582,O003582,Debit Card,completed
P003583,O003583,Debit Card,
P003584,O003584,UPI,Failed
P003585,O003585,Credit Card,completed
P003586,O003586,,
P003587,O003587,UPI,Failed
P003588,O003588,Cash,Completed
P003589,O003589,Debit Card,Failed
P003590,O003590,UPI,completed
P003591,O003591,Cash,completed
P003592,O003592,Debit Card,
P003593,O003593,UPI,Completed
P003594,O003594,Debit Card,completed
P003595,O003595,Credit Card,Completed
P003596,O003596,Debit Card,Completed
P003597,O003597,,
P003598,O003598,,
P003599,O003599,Debit Card,Completed
P003600,O003600,UPI,Completed
P003601,O003601,Cash,completed
P003602,O003602,Cash,Completed
P003603,O003603,,
P003604,O003604,,
P003605,O003605,UPI,completed
P003606,O003606,Credit Card,
P003607,O003607,,Completed
P003608,O003608,,Failed
P003609,O003609,Debit Card,
P003610,O003610,Credit Card,completed
P003611,O003611,Credit Card,Completed
P003612,O003612,,
P003613,O003613,Debit Card,Failed
P003614,O003614,UPI,
P003615,O003615,Cash,Completed
P003616,O003616,,
P003617,O003617,Cash,Completed
P003618,O003618,Cash,Failed
P003619,O003619,Cash,
P003620,O003620,,Failed
P003621,O003621,UPI,Completed
P003622,O003622,Credit Card,Failed
P003623,O003623,Debit Card,Completed
P003624,O003624,Credit Card,completed
P003625,O003625,Debit Card,
P003626,O003626,Credit Card,Completed
P003627,O003627,,completed
P003628,O003628,,Failed
P003629,O003629,Cash,
P003630,O003630,Debit Card,
P003631,O003631,UPI,
P003632,O003632,,
P003633,O003633,Debit Card,Failed
P003634,O003634,,
P003635,O003635,UPI,Completed
P003636,O003636,Debit Card,
P003637,O003637,Cash,Failed
P003638,O003638,Debit Card,Completed
P003639,O003639,UPI,Completed
P003640,O003640,Cash,Completed
P003641,O003641,,completed
P003642,O003642,Cash,completed
P003643,O003643,,
P003644,O003644,UPI,completed
P003645,O003645,Credit Card,Failed
P003646,O003646,Credit Card,
P003647,O003647,UPI,completed
P003648,O003648,,completed
P003649,O003649,Cash,Failed
P003650,O003650,,Failed
P003651,O003651,Credit Card,completed
P003652,O003652,Cash,completed
P003653,O003653,Debit Card,completed
P003654,O003654,Credit Card,completed
P003655,O003655,UPI,
P003656,O003656,Cash,
P003657,O003657,,
P003658,O003658,Debit Card,completed
P003659,O003659,Credit Card,Failed
P003660,O003660,Cash,Failed
P003661,O003661,Credit Card,
P003662,O003662,UPI,Failed
P003663,O003663,Credit Card,Completed
P003664,O003664,,
P003665,O003665,,Failed
P003666,O003666,UPI,Failed
P003667,O003667,UPI,completed
P003668,O003668,Debit Card,
P003669,O003669,Cash,
P003670,O003670,Credit Card,Completed
P003671,O003671,UPI,Completed
P003672,O003672,Cash,Failed
P003673,O003673,UPI,completed
P003674,O003674,UPI,
P003675,O003675,Debit Card,Completed
P003676,O003676,,
P003677,O003677,Cash,Failed
P003678,O003678,Debit Card,completed
P003679,O003679,,Completed
P003680,O003680,UPI,Failed
P003681,O003681,Debit Card,completed
P003682,O003682,,Failed
P003683,O003683,,
P003684,O003684,Debit Card,
P003685,O003685,Credit Card,Failed
P003686,O003686,Debit Card,Completed
P003687,O003687,UPI,Failed
P003688,O003688,Credit Card,completed
P003689,O003689,Debit Card,Failed
P003690,O003690,,completed
P003691,O003691,Cash,completed
P003692,O003692,Debit Card,completed
P003693,O003693,,Failed
P003694,O003694,Debit Card,
P003695,O003695,UPI,
P003696,O003696,UPI,Failed
P003697,O003697,,completed
P003698,O003698,,Failed
P003699,O003699,Credit Card,
P003700,O003700,UPI,
P003701,O003701,Cash,
P003702,O003702,UPI,completed
P003703,O003703,UPI,Completed
P003704,O003704,Cash,Completed
P003705,O003705,UPI,
P003706,O003706,Debit Card,
P003707,O003707,Debit Card,
P003708,O003708,UPI,Failed
P003709,O003709,UPI,completed
P003710,O003710,Cash,completed
P003711,O003711,UPI,completed
P003712,O003712,,Failed
P003713,O003713,Debit Card,Completed
P003714,O003714,UPI,Failed
P003715,O003715,,Completed
P003716,O003716,UPI,completed
P003717,O003717,Credit Card,
P003718,O003718,,Completed
P003719,O003719,Debit Card,
P003720,O003720,Debit Card,Completed
P003721,O003721,Credit Card,Failed
P003722,O003722,,completed
P003723,O003723,,Failed
P003724,O003724,Cash,completed
P003725,O003725,UPI,completed
P003726,O003726,,completed
P003727,O003727,Cash,
P003728,O003728,Credit Card,Failed
P003729,O003729,Credit Card,Failed
P003730,O003730,Credit Card,completed
P003731,O003731,Cash,Completed
P003732,O003732,Debit Card,completed
P003733,O003733,Credit Card,Completed
P003734,O003734,Cash,Failed
P003735,O003735,Cash,
P003736,O003736,UPI,Failed
P003737,O003737,Credit Card,Completed
P003738,O003738,Debit Card,
P003739,O003739,Cash,Failed
P003740,O003740,Debit Card,Failed
P003741,O003741,Debit Card,Completed
P003742,O003742,Credit Card,Failed
P003743,O003743,Credit Card,Completed
P003744,O003744,UPI,Completed
P003745,O003745,Debit Card,completed
P003746,O003746,Debit Card,Failed
P003747,O003747,Cash,
P003748,O003748,Cash,completed
P003749,O003749,Cash,Completed
P003750,O003750,Debit Card,Failed
P003751,O003751,UPI,Failed
P003752,O003752,,Completed
P003753,O003753,Cash,
P003754,O003754,,completed
P003755,O003755,UPI,Completed
P003756,O003756,Debit Card,Failed
P003757,O003757,,Completed
P003758,O003758,Credit Card,completed
P003759,O003759,Debit Card,Completed
P003760,O003760,Credit Card,Completed
P003761,O003761,UPI,
P003762,O003762,,Failed
P003763,O003763,,Completed
P003764,O003764,UPI,Failed
P003765,O003765,UPI,
P003766,O003766,Debit Card,completed
P003767,O003767,UPI,Completed
P003768,O003768,Cash,
P003769,O003769,Credit Card,
P003770,O003770,UPI,
P003771,O003771,Cash,Failed
P003772,O003772,,Failed
P003773,O003773,UPI,
P003774,O003774,Credit Card,
P003775,O003775,Credit Card,Completed
P003776,O003776,Debit Card,Completed
P003777,O003777,,Failed
P003778,O003778,,
P003779,O003779,Credit Card,Failed
P003780,O003780,Cash,
P003781,O003781,Credit Card,completed
P003782,O003782,UPI,completed
P003783,O003783,Debit Card,completed
P003784,O003784,UPI,Completed
P003785,O003785,,
P003786,O003786,UPI,
P003787,O003787,,Completed
P003788,O003788,Debit Card,completed
P003789,O003789,,Completed
P003790,O003790,Debit Card,
P003791,O003791,Cash,Completed
P003792,O003792,Cash,Completed
P003793,O003793,Debit Card,Completed
P003794,O003794,Credit Card,completed
P003795,O003795,Debit Card,Completed
P003796,O003796,,completed
P003797,O003797,Cash,completed
P003798,O003798,Cash,Completed
P003799,O003799,Debit Card,Completed
P003800,O003800,Credit Card,completed
P003801,O003801,Debit Card,Completed
P003802,O003802,,
P003803,O003803,,completed
P003804,O003804,UPI,Failed
P003805,O003805,Credit Card,Failed
P003806,O003806,Cash,completed
P003807,O003807,,Failed
P003808,O003808,,
P003809,O003809,Credit Card,completed
P003810,O003810,Debit Card,completed
P003811,O003811,UPI,Completed
P003812,O003812,,
P003813,O003813,UPI,Failed
P003814,O003814,Cash,Failed
P003815,O003815,UPI,Completed
P003816,O003816,,completed
P003817,O003817,Debit Card,
P003818,O003818,,
P003819,O003819,Cash,Completed
P003820,O003820,UPI,Failed
P003821,O003821,Debit Card,completed
P003822,O003822,Debit Card,
P003823,O003823,UPI,completed
P003824,O003824,UPI,Completed
P003825,O003825,UPI,completed
P003826,O003826,Cash,Failed
P003827,O003827,Debit Card,
P003828,O003828,,
P003829,O003829,Cash,Failed
P003830,O003830,UPI,Failed
P003831,O003831,UPI,completed
P003832,O003832,,Completed
P003833,O003833,,
P003834,O003834,,Failed
P003835,O003835,Credit Card,completed
P003836,O003836,Cash,
P003837,O003837,Credit Card,Completed
P003838,O003838,,completed
P003839,O003839,Debit Card,Failed
P003840,O003840,Cash,
P003841,O003841,Credit Card,completed
P003842,O003842,UPI,Failed
P003843,O003843,Cash,Failed
P003844,O003844,Debit Card,Failed
P003845,O003845,Debit Card,
P003846,O003846,,Failed
P003847,O003847,,completed
P003848,O003848,UPI,
P003849,O003849,Debit Card,completed
P003850,O003850,,Completed
P003851,O003851,Credit Card,Completed
P003852,O003852,,Completed
P003853,O003853,UPI,Completed
P003854,O003854,UPI,Failed
P003855,O003855,Credit Card,
P003856,O003856,Cash,Failed
P003857,O003857,Debit Card,completed
P003858,O003858,UPI,completed
P003859,O003859,Debit Card,Completed
P003860,O003860,Credit Card,completed
P003861,O003861,Credit Card,completed
P003862,O003862,Cash,
P003863,O003863,UPI,completed
P003864,O003864,Credit Card,Failed
P003865,O003865,,Completed
P003866,O003866,Debit Card,Completed
P003867,O003867,Debit Card,completed
P003868,O003868,,completed
P003869,O003869,Debit Card,Failed
P003870,O003870,,Failed
P003871,O003871,Debit Card,completed
P003872,O003872,Credit Card,Failed
P003873,O003873,Cash,
P003874,O003874,UPI,Failed
P003875,O003875,UPI,completed
P003876,O003876,UPI,completed
P003877,O003877,UPI,Failed
P003878,O003878,UPI,
P003879,O003879,,
P003880,O003880,Credit Card,completed
P003881,O003881,Cash,Completed
P003882,O003882,UPI,Failed
P003883,O003883,Debit Card,Failed
P003884,O003884,Debit Card,Failed
P003885,O003885,Cash,
P003886,O003886,UPI,Completed
P003887,O003887,UPI,Failed
P003888,O003888,Credit Card,completed
P003889,O003889,Debit Card,
P003890,O003890,Debit Card,Completed
P003891,O003891,,Completed
P003892,O003892,Debit Card,
P003893,O003893,UPI,Completed
P003894,O003894,UPI,
P003895,O003895,Debit Card,Completed
P003896,O003896,,completed
P003897,O003897,Cash,Completed
P003898,O003898,Debit Card,Failed
P003899,O003899,Cash,Completed
P003900,O003900,Debit Card,
P003901,O003901,Cash,
P003902,O003902,UPI,Completed
P003903,O003903,UPI,Completed
P003904,O003904,Cash,Completed
P003905,O003905,Credit Card,Failed
P003906,O003906,UPI,Failed
P003907,O003907,,Completed
P003908,O003908,,Completed
P003909,O003909,Cash,Failed
P003910,O003910,Credit Card,Completed
P003911,O003911,,Failed
P003912,O003912,UPI,completed
P003913,O003913,Debit Card,
P003914,O003914,Debit Card,completed
P003915,O003915,UPI,
P003916,O003916,Credit Card,Completed
P003917,O003917,Cash,completed
P003918,O003918,UPI,
P003919,O003919,Debit Card,completed
P003920,O003920,Cash,Failed
P003921,O003921,Credit Card,Failed
P003922,O003922,,completed
P003923,O003923,Debit Card,Completed
P003924,O003924,Credit Card,Completed
P003925,O003925,UPI,Completed
P003926,O003926,Credit Card,completed
P003927,O003927,Credit Card,completed
P003928,O003928,Cash,Completed
P003929,O003929,Debit Card,completed
P003930,O003930,Debit Card,
P003931,O003931,Credit Card,Completed
P003932,O003932,UPI,
P003933,O003933,Credit Card,Failed
P003934,O003934,UPI,Failed
P003935,O003935,Cash,Completed
P003936,O003936,Debit Card,completed
P003937,O003937,Debit Card,Failed
P003938,O003938,Debit Card,Completed
P003939,O003939,Debit Card,Completed
P003940,O003940,Cash,completed
P003941,O003941,Credit Card,completed
P003942,O003942,Debit Card,Failed
P003943,O003943,,
P003944,O003944,UPI,Completed
P003945,O003945,UPI,Completed
P003946,O003946,Debit Card,Completed
P003947,O003947,UPI,Failed
P003948,O003948,UPI,Failed
P003949,O003949,Cash,Failed
P003950,O003950,UPI,Completed
P003951,O003951,Cash,completed
P003952,O003952,UPI,Completed
P003953,O003953,Cash,completed
P003954,O003954,UPI,
P003955,O003955,,
P003956,O003956,Credit Card,Failed
P003957,O003957,Cash,Completed
P003958,O003958,,completed
P003959,O003959,Credit Card,Completed
P003960,O003960,Credit Card,Completed
P003961,O003961,,Completed
P003962,O003962,Debit Card,
P003963,O003963,Debit Card,Completed
P003964,O003964,Cash,Failed
P003965,O003965,Debit Card,Failed
P003966,O003966,Cash,
P003967,O003967,,completed
P003968,O003968,Debit Card,
P003969,O003969,Debit Card,Failed
P003970,O003970,UPI,Failed
P003971,O003971,UPI,Failed
P003972,O003972,Credit Card,Failed
P003973,O003973,UPI,completed
P003974,O003974,,
P003975,O003975,Cash,Failed
P003976,O003976,Cash,
P003977,O003977,UPI,Failed
P003978,O003978,UPI,completed
P003979,O003979,Cash,Failed
P003980,O003980,Credit Card,completed
P003981,O003981,Debit Card,Failed
P003982,O003982,Credit Card,Failed
P003983,O003983,,
P003984,O003984,,Completed
P003985,O003985,Debit Card,completed
P003986,O003986,Debit Card,completed
P003987,O003987,Credit Card,Completed
P003988,O003988,Cash,completed
P003989,O003989,Debit Card,completed
P003990,O003990,Credit Card,completed
P003991,O003991,Credit Card,Completed
P003992,O003992,Cash,completed
P003993,O003993,Credit Card,Failed
P003994,O003994,,Failed
P003995,O003995,Cash,completed
P003996,O003996,UPI,Completed
P003997,O003997,Credit Card,Failed
P003998,O003998,Debit Card,Failed
P003999,O003999,Debit Card,Failed
P004000,O004000,Cash,Completed
P004001,O004001,Debit Card,
P004002,O004002,Debit Card,completed
P004003,O004003,UPI,Failed
P004004,O004004,Debit Card,Failed
P004005,O004005,Cash,completed
P004006,O004006,Cash,completed
P004007,O004007,,Failed
P004008,O004008,Credit Card,Failed
P004009,O004009,Credit Card,Failed
P004010,O004010,Credit Card,Completed
P004011,O004011,Cash,
P004012,O004012,Debit Card,
P004013,O004013,Credit Card,completed
P004014,O004014,Debit Card,Completed
P004015,O004015,Debit Card,
P004016,O004016,,Completed
P004017,O004017,Credit Card,
P004018,O004018,Cash,Completed
P004019,O004019,Cash,completed
P004020,O004020,,completed
P004021,O004021,Credit Card,
P004022,O004022,Debit Card,Failed
P004023,O004023,Credit Card,
P004024,O004024,Cash,
P004025,O004025,Cash,
P004026,O004026,Cash,Completed
P004027,O004027,Debit Card,completed
P004028,O004028,Cash,Completed
P004029,O004029,Credit Card,Completed
P004030,O004030,Debit Card,completed
P004031,O004031,Credit Card,
P004032,O004032,UPI,Completed
P004033,O004033,UPI,Failed
P004034,O004034,Debit Card,Failed
P004035,O004035,Cash,
P004036,O004036,Cash,Completed
P004037,O004037,Debit Card,Failed
P004038,O004038,Credit Card,
P004039,O004039,UPI,Completed
P004040,O004040,Cash,Failed
P004041,O004041,Cash,Completed
P004042,O004042,UPI,Failed
P004043,O004043,Debit Card,
P004044,O004044,Debit Card,
P004045,O004045,Debit Card,Failed
P004046,O004046,Cash,completed
P004047,O004047,Credit Card,
P004048,O004048,,Completed
P004049,O004049,Debit Card,
P004050,O004050,,Failed
P004051,O004051,Credit Card,completed
P004052,O004052,Cash,completed
P004053,O004053,,Completed
P004054,O004054,Debit Card,Failed
P004055,O004055,,
P004056,O004056,UPI,
P004057,O004057,Credit Card,Failed
P004058,O004058,UPI,Failed
P004059,O004059,Credit Card,Failed
P004060,O004060,Credit Card,completed
P004061,O004061,Cash,completed
P004062,O004062,Credit Card,completed
P004063,O004063,Credit Card,Completed
P004064,O004064,Debit Card,Completed
P004065,O004065,UPI,completed
P004066,O004066,,Failed
P004067,O004067,Cash,Failed
P004068,O004068,Credit Card,
P004069,O004069,Debit Card,completed
P004070,O004070,Credit Card,Failed
P004071,O004071,Cash,Failed
P004072,O004072,UPI,
P004073,O004073,,
P004074,O004074,Debit Card,Completed
P004075,O004075,Cash,completed
P004076,O004076,Cash,Completed
P004077,O004077,Credit Card,Completed
P004078,O004078,Debit Card,
P004079,O004079,,Failed
P004080,O004080,Cash,completed
P004081,O004081,,
P004082,O004082,UPI,completed
P004083,O004083,Credit Card,
P004084,O004084,,Failed
P004085,O004085,Cash,completed
P004086,O004086,Cash,Failed
P004087,O004087,Cash,Completed
P004088,O004088,Cash,completed
P004089,O004089,Debit Card,
P004090,O004090,Credit Card,Completed
P004091,O004091,Debit Card,Completed
P004092,O004092,Debit Card,
P004093,O004093,Credit Card,completed
P004094,O004094,Cash,Failed
P004095,O004095,UPI,Completed
P004096,O004096,Debit Card,completed
P004097,O004097,,completed
P004098,O004098,Debit Card,Failed
P004099,O004099,Credit Card,Completed
P004100,O004100,Debit Card,Failed
P004101,O004101,,completed
P004102,O004102,Debit Card,completed
P004103,O004103,UPI,
P004104,O004104,Debit Card,
P004105,O004105,,Failed
P004106,O004106,Cash,Completed
P004107,O004107,UPI,Failed
P004108,O004108,Cash,Completed
P004109,O004109,Debit Card,
P004110,O004110,,Completed
P004111,O004111,Credit Card,completed
P004112,O004112,UPI,completed
P004113,O004113,,
P004114,O004114,Credit Card,
P004115,O004115,UPI,
P004116,O004116,UPI,Failed
P004117,O004117,Debit Card,Completed
P004118,O004118,Credit Card,Failed
P004119,O004119,UPI,Completed
P004120,O004120,UPI,
P004121,O004121,Debit Card,Failed
P004122,O004122,Debit Card,
P004123,O004123,Cash,Failed
P004124,O004124,Cash,Failed
P004125,O004125,Cash,completed
P004126,O004126,Cash,Failed
P004127,O004127,Credit Card,
P004128,O004128,Credit Card,Failed
P004129,O004129,,
P004130,O004130,,
P004131,O004131,Cash,Completed
P004132,O004132,Cash,completed
P004133,O004133,Credit Card,Completed
P004134,O004134,Cash,Failed
P004135,O004135,Cash,Failed
P004136,O004136,Credit Card,Failed
P004137,O004137,UPI,completed
P004138,O004138,Credit Card,Completed
P004139,O004139,Cash,
P004140,O004140,Credit Card,completed
P004141,O004141,,Failed
P004142,O004142,UPI,Completed
P004143,O004143,UPI,Failed
P004144,O004144,UPI,Failed
P004145,O004145,Credit Card,
P004146,O004146,,completed
P004147,O004147,Debit Card,Failed
P004148,O004148,,Failed
P004149,O004149,,Failed
P004150,O004150,Cash,Failed
P004151,O004151,,Completed
P004152,O004152,Credit Card,Failed
P004153,O004153,UPI,completed
P004154,O004154,,
P004155,O004155,,completed
P004156,O004156,Debit Card,Completed
P004157,O004157,Debit Card,Failed
P004158,O004158,Cash,
P004159,O004159,Debit Card,
P004160,O004160,Cash,
P004161,O004161,Credit Card,completed
P004162,O004162,UPI,completed
P004163,O004163,Debit Card,completed
P004164,O004164,Credit Card,Failed
P004165,O004165,UPI,
P004166,O004166,Credit Card,Completed
P004167,O004167,Credit Card,Completed
P004168,O004168,Credit Card,
P004169,O004169,Credit Card,Completed
P004170,O004170,Debit Card,completed
P004171,O004171,,Completed
P004172,O004172,Credit Card,
P004173,O004173,UPI,completed
P004174,O004174,Debit Card,Completed
P004175,O004175,Debit Card,
P004176,O004176,Credit Card,completed
P004177,O004177,Credit Card,Failed
P004178,O004178,UPI,completed
P004179,O004179,,Completed
P004180,O004180,Debit Card,completed
P004181,O004181,Credit Card,Failed
P004182,O004182,Cash,Completed
P004183,O004183,Cash,Failed
P004184,O004184,Credit Card,Completed
P004185,O004185,Cash,
P004186,O004186,UPI,Failed
P004187,O004187,,Completed
P004188,O004188,Cash,
P004189,O004189,UPI,
P004190,O004190,Cash,Failed
P004191,O004191,UPI,
P004192,O004192,UPI,
P004193,O004193,Credit Card,Completed
P004194,O004194,Debit Card,completed
P004195,O004195,UPI,
P004196,O004196,Cash,Failed
P004197,O004197,Credit Card,Completed
P004198,O004198,Debit Card,Completed
P004199,O004199,,
P004200,O004200,UPI,
P004201,O004201,UPI,completed
P004202,O004202,Debit Card,Failed
P004203,O004203,Credit Card,Completed
P004204,O004204,,Completed
P004205,O004205,Debit Card,completed
P004206,O004206,,completed
P004207,O004207,Debit Card,Failed
P004208,O004208,Credit Card,Failed
P004209,O004209,Cash,
P004210,O004210,Debit Card,
P004211,O004211,Cash,completed
P004212,O004212,Debit Card,Failed
P004213,O004213,UPI,
P004214,O004214,Credit Card,completed
P004215,O004215,UPI,completed
P004216,O004216,,Completed
P004217,O004217,Cash,
P004218,O004218,,Failed
P004219,O004219,Cash,Completed
P004220,O004220,Cash,completed
P004221,O004221,Credit Card,
P004222,O004222,,
P004223,O004223,UPI,completed
P004224,O004224,UPI,Failed
P004225,O004225,Cash,Failed
P004226,O004226,Cash,completed
P004227,O004227,Cash,
P004228,O004228,,
P004229,O004229,,completed
P004230,O004230,Debit Card,Failed
P004231,O004231,UPI,completed
P004232,O004232,Cash,Failed
P004233,O004233,,Completed
P004234,O004234,Debit Card,Completed
P004235,O004235,Cash,
P004236,O004236,UPI,
P004237,O004237,,completed
P004238,O004238,Cash,
P004239,O004239,Credit Card,completed
P004240,O004240,Credit Card,Failed
P004241,O004241,UPI,
P004242,O004242,Debit Card,Failed
P004243,O004243,Debit Card,
P004244,O004244,Credit Card,Completed
P004245,O004245,UPI,completed
P004246,O004246,Credit Card,
P004247,O004247,Cash,
P004248,O004248,,Completed
P004249,O004249,Debit Card,Failed
P004250,O004250,,completed
P004251,O004251,UPI,Failed
P004252,O004252,UPI,Completed
P004253,O004253,Credit Card,
P004254,O004254,UPI,
P004255,O004255,,completed
P004256,O004256,Debit Card,
P004257,O004257,Credit Card,
P004258,O004258,UPI,Failed
P004259,O004259,Cash,Failed
P004260,O004260,UPI,Completed
P004261,O004261,Debit Card,Completed
P004262,O004262,Credit Card,completed
P004263,O004263,Debit Card,Completed
P004264,O004264,,Failed
P004265,O004265,,
P004266,O004266,UPI,completed
P004267,O004267,Cash,Failed
P004268,O004268,Cash,completed
P004269,O004269,Credit Card,Failed
P004270,O004270,UPI,Completed
P004271,O004271,Debit Card,Completed
P004272,O004272,UPI,completed
P004273,O004273,Cash,Failed
P004274,O004274,Debit Card,Completed
P004275,O004275,Debit Card,Completed
P004276,O004276,Cash,Completed
P004277,O004277,Credit Card,completed
P004278,O004278,UPI,Completed
P004279,O004279,Cash,Failed
P004280,O004280,UPI,
P004281,O004281,UPI,completed
P004282,O004282,Credit Card,
P004283,O004283,Debit Card,
P004284,O004284,Cash,completed
P004285,O004285,Debit Card,completed
P004286,O004286,,completed
P004287,O004287,Cash,completed
P004288,O004288,UPI,completed
P004289,O004289,Cash,Completed
P004290,O004290,Debit Card,completed
P004291,O004291,,Completed
P004292,O004292,Credit Card,Failed
P004293,O004293,Cash,Completed
P004294,O004294,Credit Card,
P004295,O004295,,completed
P004296,O004296,Debit Card,
P004297,O004297,,Failed
P004298,O004298,Cash,completed
P004299,O004299,UPI,completed
P004300,O004300,Debit Card,
P004301,O004301,Cash,completed
P004302,O004302,Debit Card,Completed
P004303,O004303,Debit Card,Failed
P004304,O004304,Cash,
P004305,O004305,UPI,Failed
P004306,O004306,UPI,
P004307,O004307,Cash,Failed
P004308,O004308,Debit Card,Completed
P004309,O004309,Debit Card,Completed
P004310,O004310,Cash,Completed
P004311,O004311,Cash,Completed
P004312,O004312,,
P004313,O004313,UPI,Failed
P004314,O004314,Debit Card,
P004315,O004315,Debit Card,
P004316,O004316,Debit Card,
P004317,O004317,Debit Card,
P004318,O004318,Cash,
P004319,O004319,UPI,
P004320,O004320,,
P004321,O004321,Cash,Completed
P004322,O004322,Debit Card,completed
P004323,O004323,UPI,
P004324,O004324,UPI,Failed
P004325,O004325,Credit Card,Completed
P004326,O004326,Cash,Completed
P004327,O004327,UPI,completed
P004328,O004328,Cash,completed
P004329,O004329,UPI,completed
P004330,O004330,UPI,
P004331,O004331,,completed
P004332,O004332,Credit Card,Failed
P004333,O004333,Cash,completed
P004334,O004334,Debit Card,completed
P004335,O004335,,Completed
P004336,O004336,Debit Card,
P004337,O004337,,completed
P004338,O004338,UPI,Completed
P004339,O004339,Credit Card,
P004340,O004340,Cash,completed
P004341,O004341,UPI,
P004342,O004342,Debit Card,Failed
P004343,O004343,Credit Card,Completed
P004344,O004344,Debit Card,
P004345,O004345,Cash,Completed
P004346,O004346,Debit Card,
P004347,O004347,Credit Card,Completed
P004348,O004348,Cash,Completed
P004349,O004349,UPI,Completed
P004350,O004350,UPI,completed
P004351,O004351,Credit Card,
P004352,O004352,Credit Card,completed
P004353,O004353,Credit Card,Failed
P004354,O004354,Debit Card,completed
P004355,O004355,UPI,Failed
P004356,O004356,UPI,
P004357,O004357,UPI,Failed
P004358,O004358,Cash,Completed
P004359,O004359,,Failed
P004360,O004360,Credit Card,Failed
P004361,O004361,Cash,Failed
P004362,O004362,,Failed
P004363,O004363,Credit Card,Failed
P004364,O004364,,Completed
P004365,O004365,UPI,Failed
P004366,O004366,,Completed
P004367,O004367,Credit Card,completed
P004368,O004368,Cash,
P004369,O004369,Credit Card,Failed
P004370,O004370,,completed
P004371,O004371,,completed
P004372,O004372,Credit Card,Failed
P004373,O004373,UPI,completed
P004374,O004374,Credit Card,
P004375,O004375,Credit Card,
P004376,O004376,,Completed
P004377,O004377,Debit Card,Completed
P004378,O004378,,completed
P004379,O004379,,Failed
P004380,O004380,,completed
P004381,O004381,,Failed
P004382,O004382,UPI,completed
P004383,O004383,Cash,Failed
P004384,O004384,Credit Card,completed
P004385,O004385,Credit Card,Failed
P004386,O004386,Debit Card,
P004387,O004387,UPI,completed
P004388,O004388,Debit Card,Failed
P004389,O004389,Credit Card,Completed
P004390,O004390,Debit Card,Completed
P004391,O004391,,Failed
P004392,O004392,,Failed
P004393,O004393,Credit Card,Completed
P004394,O004394,Debit Card,Failed
P004395,O004395,,Completed
P004396,O004396,UPI,
P004397,O004397,UPI,Completed
P004398,O004398,Credit Card,completed
P004399,O004399,Cash,
P004400,O004400,Cash,completed
P004401,O004401,Debit Card,Failed
P004402,O004402,Credit Card,Failed
P004403,O004403,Credit Card,Completed
P004404,O004404,,Completed
P004405,O004405,,Completed
P004406,O004406,UPI,
P004407,O004407,UPI,
P004408,O004408,Credit Card,completed
P004409,O004409,,Completed
P004410,O004410,,completed
P004411,O004411,Credit Card,Failed
P004412,O004412,UPI,completed
P004413,O004413,,Failed
P004414,O004414,Cash,Failed
P004415,O004415,Debit Card,Failed
P004416,O004416,UPI,completed
P004417,O004417,Cash,Failed
P004418,O004418,Credit Card,completed
P004419,O004419,Credit Card,completed
P004420,O004420,Debit Card,Failed
P004421,O004421,,
P004422,O004422,Cash,
P004423,O004423,,Failed
P004424,O004424,Cash,completed
P004425,O004425,Credit Card,Failed
P004426,O004426,Credit Card,Completed
P004427,O004427,,
P004428,O004428,,Failed
P004429,O004429,Cash,
P004430,O004430,Debit Card,Failed
P004431,O004431,Credit Card,Completed
P004432,O004432,Cash,
P004433,O004433,UPI,completed
P004434,O004434,,Failed
P004435,O004435,Credit Card,Completed
P004436,O004436,Debit Card,Completed
P004437,O004437,Debit Card,
P004438,O004438,UPI,completed
P004439,O004439,,completed
P004440,O004440,,completed
P004441,O004441,Cash,Completed
P004442,O004442,UPI,completed
P004443,O004443,Debit Card,Failed
P004444,O004444,Debit Card,Failed
P004445,O004445,UPI,Failed
P004446,O004446,UPI,
P004447,O004447,Debit Card,
P004448,O004448,UPI,Completed
P004449,O004449,UPI,completed
P004450,O004450,,Completed
P004451,O004451,UPI,Completed
P004452,O004452,Debit Card,completed
P004453,O004453,Credit Card,Failed
P004454,O004454,Debit Card,Completed
P004455,O004455,,completed
P004456,O004456,UPI,Failed
P004457,O004457,Debit Card,completed
P004458,O004458,Cash,completed
P004459,O004459,Credit Card,Failed
P004460,O004460,Debit Card,Failed
P004461,O004461,UPI,
P004462,O004462,,Completed
P004463,O004463,Credit Card,
P004464,O004464,Cash,Completed
P004465,O004465,Cash,Failed
P004466,O004466,UPI,completed
P004467,O004467,Cash,Failed
P004468,O004468,Credit Card,Failed
P004469,O004469,Cash,Failed
P004470,O004470,UPI,Completed
P004471,O004471,Cash,completed
P004472,O004472,,
P004473,O004473,Credit Card,Completed
P004474,O004474,UPI,Completed
P004475,O004475,UPI,Failed
P004476,O004476,,Failed
P004477,O004477,UPI,Completed
P004478,O004478,Debit Card,
P004479,O004479,UPI,Failed
P004480,O004480,Cash,completed
P004481,O004481,UPI,Completed
P004482,O004482,Credit Card,Failed
P004483,O004483,UPI,Completed
P004484,O004484,Credit Card,completed
P004485,O004485,,Completed
P004486,O004486,Debit Card,Completed
P004487,O004487,Cash,Completed
P004488,O004488,Debit Card,Failed
P004489,O004489,Debit Card,Completed
P004490,O004490,,
P004491,O004491,UPI,
P004492,O004492,Debit Card,Failed
P004493,O004493,Cash,Failed
P004494,O004494,Credit Card,Completed
P004495,O004495,,Completed
P004496,O004496,,
P004497,O004497,Debit Card,Completed
P004498,O004498,UPI,
P004499,O004499,Debit Card,Completed
P004500,O004500,Credit Card,Completed
P004501,O004501,Debit Card,
P004502,O004502,UPI,Completed
P004503,O004503,,
P004504,O004504,Cash,Completed
P004505,O004505,,Failed
P004506,O004506,UPI,completed
P004507,O004507,,completed
P004508,O004508,Debit Card,completed
P004509,O004509,Debit Card,completed
P004510,O004510,Debit Card,Failed
P004511,O004511,Debit Card,
P004512,O004512,UPI,completed
P004513,O004513,Credit Card,Completed
P004514,O004514,Debit Card,Failed
P004515,O004515,,completed
P004516,O004516,UPI,completed
P004517,O004517,UPI,completed
P004518,O004518,Cash,completed
P004519,O004519,Debit Card,completed
P004520,O004520,,completed
P004521,O004521,Credit Card,Failed
P004522,O004522,Credit Card,Completed
P004523,O004523,,completed
P004524,O004524,UPI,
P004525,O004525,,completed
P004526,O004526,Cash,completed
P004527,O004527,UPI,Failed
P004528,O004528,Cash,completed
P004529,O004529,Credit Card,Failed
P004530,O004530,Debit Card,Failed
P004531,O004531,Cash,Completed
P004532,O004532,,Failed
P004533,O004533,Debit Card,Completed
P004534,O004534,Credit Card,
P004535,O004535,,completed
P004536,O004536,Cash,completed
P004537,O004537,,
P004538,O004538,Debit Card,completed
P004539,O004539,,completed
P004540,O004540,Cash,Failed
P004541,O004541,UPI,Completed
P004542,O004542,Credit Card,Failed
P004543,O004543,Credit Card,completed
P004544,O004544,Debit Card,Failed
P004545,O004545,,
P004546,O004546,,completed
P004547,O004547,Cash,
P004548,O004548,Credit Card,Completed
P004549,O004549,Credit Card,Failed
P004550,O004550,Debit Card,Completed
P004551,O004551,Credit Card,Failed
P004552,O004552,Cash,Completed
P004553,O004553,Cash,
P004554,O004554,Credit Card,
P004555,O004555,Debit Card,Failed
P004556,O004556,Cash,Failed
P004557,O004557,Debit Card,completed
P004558,O004558,,Failed
P004559,O004559,Credit Card,
P004560,O004560,,Completed
P004561,O004561,,Completed
P004562,O004562,Credit Card,
P004563,O004563,,Completed
P004564,O004564,Credit Card,completed
P004565,O004565,Debit Card,Completed
P004566,O004566,,completed
P004567,O004567,,Completed
P004568,O004568,Cash,completed
P004569,O004569,,Completed
P004570,O004570,UPI,completed
P004571,O004571,,Failed
P004572,O004572,,Completed
P004573,O004573,Cash,completed
P004574,O004574,UPI,completed
P004575,O004575,Debit Card,completed
P004576,O004576,Credit Card,
P004577,O004577,,completed
P004578,O004578,Debit Card,Completed
P004579,O004579,Debit Card,completed
P004580,O004580,Credit Card,Completed
P004581,O004581,Credit Card,Failed
P004582,O004582,Debit Card,Failed
P004583,O004583,UPI,Failed
P004584,O004584,Cash,
P004585,O004585,Debit Card,Completed
P004586,O004586,Credit Card,Failed
P004587,O004587,Cash,Completed
P004588,O004588,Credit Card,Failed
P004589,O004589,Debit Card,Failed
P004590,O004590,Cash,Completed
P004591,O004591,Credit Card,
P004592,O004592,Credit Card,
P004593,O004593,UPI,Failed
P004594,O004594,Credit Card,Completed
P004595,O004595,,
P004596,O004596,Debit Card,Completed
P004597,O004597,,Failed
P004598,O004598,Debit Card,Completed
P004599,O004599,UPI,completed
P004600,O004600,Debit Card,
P004601,O004601,UPI,completed
P004602,O004602,Cash,
P004603,O004603,,Failed
P004604,O004604,,completed
P004605,O004605,UPI,Failed
P004606,O004606,,Completed
P004607,O004607,,Completed
P004608,O004608,UPI,completed
P004609,O004609,UPI,completed
P004610,O004610,Credit Card,completed
P004611,O004611,,Completed
P004612,O004612,,completed
P004613,O004613,Cash,
P004614,O004614,,
P004615,O004615,UPI,Failed
P004616,O004616,Debit Card,Completed
P004617,O004617,Credit Card,
P004618,O004618,UPI,completed
P004619,O004619,Debit Card,Completed
P004620,O004620,,Completed
P004621,O004621,UPI,
P004622,O004622,,Failed
P004623,O004623,Cash,Failed
P004624,O004624,Cash,
P004625,O004625,Credit Card,completed
P004626,O004626,Debit Card,
P004627,O004627,UPI,Completed
P004628,O004628,Credit Card,
P004629,O004629,,
P004630,O004630,UPI,
P004631,O004631,UPI,Failed
P004632,O004632,,Failed
P004633,O004633,Credit Card,
P004634,O004634,Credit Card,completed
P004635,O004635,Cash,Completed
P004636,O004636,UPI,completed
P004637,O004637,Credit Card,completed
P004638,O004638,UPI,completed
P004639,O004639,Cash,Completed
P004640,O004640,Debit Card,Completed
P004641,O004641,Debit Card,
P004642,O004642,Cash,completed
P004643,O004643,UPI,completed
P004644,O004644,Credit Card,completed
P004645,O004645,Credit Card,Completed
P004646,O004646,,completed
P004647,O004647,Credit Card,Failed
P004648,O004648,UPI,completed
P004649,O004649,UPI,completed
P004650,O004650,Cash,Completed
P004651,O004651,,Completed
P004652,O004652,Credit Card,Failed
P004653,O004653,UPI,
P004654,O004654,UPI,completed
P004655,O004655,Debit Card,Completed
P004656,O004656,UPI,
P004657,O004657,,Completed
P004658,O004658,Credit Card,Completed
P004659,O004659,Debit Card,Completed
P004660,O004660,UPI,Completed
P004661,O004661,,Completed
P004662,O004662,Cash,
P004663,O004663,Credit Card,completed
P004664,O004664,Cash,
P004665,O004665,,Completed
P004666,O004666,Cash,completed
P004667,O004667,Credit Card,
P004668,O004668,,
P004669,O004669,UPI,completed
P004670,O004670,Cash,Failed
P004671,O004671,Debit Card,
P004672,O004672,Cash,Failed
P004673,O004673,,Failed
P004674,O004674,Debit Card,completed
P004675,O004675,,completed
P004676,O004676,,completed
P004677,O004677,Debit Card,
P004678,O004678,,Completed
P004679,O004679,Debit Card,Failed
P004680,O004680,UPI,Completed
P004681,O004681,,
P004682,O004682,UPI,Failed
P004683,O004683,Credit Card,Failed
P004684,O004684,Cash,Completed
P004685,O004685,UPI,completed
P004686,O004686,Cash,Failed
P004687,O004687,Debit Card,
P004688,O004688,Credit Card,completed
P004689,O004689,Debit Card,Completed
P004690,O004690,,Failed
P004691,O004691,Cash,completed
P004692,O004692,Debit Card,Failed
P004693,O004693,Cash,
P004694,O004694,,completed
P004695,O004695,,completed
P004696,O004696,Cash,completed
P004697,O004697,Credit Card,Completed
P004698,O004698,Cash,Failed
P004699,O004699,Cash,completed
P004700,O004700,Debit Card,Completed
P004701,O004701,Cash,
P004702,O004702,Credit Card,completed
P004703,O004703,Credit Card,completed
P004704,O004704,Cash,
P004705,O004705,UPI,
P004706,O004706,Cash,
P004707,O004707,Debit Card,Completed
P004708,O004708,UPI,Completed
P004709,O004709,,
P004710,O004710,,Failed
P004711,O004711,UPI,Completed
P004712,O004712,Cash,completed
P004713,O004713,,
P004714,O004714,Debit Card,Completed
P004715,O004715,,Completed
P004716,O004716,Debit Card,
P004717,O004717,UPI,completed
P004718,O004718,Debit Card,completed
P004719,O004719,Credit Card,
P004720,O004720,Credit Card,Failed
P004721,O004721,Credit Card,completed
P004722,O004722,Credit Card,
P004723,O004723,UPI,Completed
P004724,O004724,Debit Card,
P004725,O004725,Cash,
P004726,O004726,Credit Card,
P004727,O004727,Credit Card,Completed
P004728,O004728,,completed
P004729,O004729,Credit Card,Failed
P004730,O004730,Cash,Failed
P004731,O004731,Cash,
P004732,O004732,,completed
P004733,O004733,UPI,Completed
P004734,O004734,UPI,completed
P004735,O004735,Debit Card,Completed
P004736,O004736,Cash,Completed
P004737,O004737,Cash,Completed
P004738,O004738,Credit Card,
P004739,O004739,Credit Card,completed
P004740,O004740,Credit Card,Completed
P004741,O004741,Debit Card,completed
P004742,O004742,Cash,completed
P004743,O004743,Credit Card,Failed
P004744,O004744,Credit Card,Failed
P004745,O004745,Cash,Failed
P004746,O004746,Credit Card,
P004747,O004747,,completed
P004748,O004748,,completed
P004749,O004749,UPI,completed
P004750,O004750,Cash,
P004751,O004751,,Failed
P004752,O004752,Cash,Completed
P004753,O004753,Debit Card,
P004754,O004754,Cash,Completed
P004755,O004755,UPI,Failed
P004756,O004756,UPI,Failed
P004757,O004757,Debit Card,Completed
P004758,O004758,Cash,Failed
P004759,O004759,Cash,
P004760,O004760,,completed
P004761,O004761,,completed
P004762,O004762,UPI,Failed
P004763,O004763,Cash,completed
P004764,O004764,Credit Card,
P004765,O004765,,completed
P004766,O004766,Cash,completed
P004767,O004767,Debit Card,
P004768,O004768,,
P004769,O004769,UPI,Completed
P004770,O004770,UPI,Failed
P004771,O004771,UPI,
P004772,O004772,UPI,completed
P004773,O004773,Cash,
P004774,O004774,Cash,
P004775,O004775,,Failed
P004776,O004776,Credit Card,
P004777,O004777,UPI,completed
P004778,O004778,Credit Card,
P004779,O004779,UPI,Completed
P004780,O004780,,
P004781,O004781,Debit Card,completed
P004782,O004782,UPI,
P004783,O004783,Debit Card,Completed
P004784,O004784,UPI,completed
P004785,O004785,Credit Card,Completed
P004786,O004786,UPI,completed
P004787,O004787,Credit Card,
P004788,O004788,Debit Card,completed
P004789,O004789,Cash,
P004790,O004790,Debit Card,Completed
P004791,O004791,Cash,completed
P004792,O004792,,
P004793,O004793,,completed
P004794,O004794,,
P004795,O004795,,completed
P004796,O004796,UPI,
P004797,O004797,Debit Card,
P004798,O004798,Credit Card,Completed
P004799,O004799,UPI,
P004800,O004800,UPI,Failed
P004801,O004801,,completed
P004802,O004802,UPI,completed
P004803,O004803,Credit Card,Completed
P004804,O004804,Debit Card,Failed
P004805,O004805,,
P004806,O004806,,completed
P004807,O004807,Credit Card,completed
P004808,O004808,UPI,
P004809,O004809,Credit Card,Failed
P004810,O004810,Cash,completed
P004811,O004811,Debit Card,Failed
P004812,O004812,Debit Card,Completed
P004813,O004813,Credit Card,Completed
P004814,O004814,Debit Card,Failed
P004815,O004815,Debit Card,Completed
P004816,O004816,UPI,Failed
P004817,O004817,,
P004818,O004818,,completed
P004819,O004819,,Completed
P004820,O004820,Credit Card,Failed
P004821,O004821,Credit Card,Failed
P004822,O004822,,Failed
P004823,O004823,Cash,completed
P004824,O004824,Cash,completed
P004825,O004825,UPI,completed
P004826,O004826,Credit Card,Completed
P004827,O004827,,completed
P004828,O004828,Cash,Failed
P004829,O004829,,completed
P004830,O004830,Debit Card,Completed
P004831,O004831,Cash,completed
P004832,O004832,,Failed
P004833,O004833,Credit Card,
P004834,O004834,Credit Card,Completed
P004835,O004835,Debit Card,Failed
P004836,O004836,Debit Card,completed
P004837,O004837,UPI,Completed
P004838,O004838,,Completed
P004839,O004839,Cash,Failed
P004840,O004840,Cash,Completed
P004841,O004841,Cash,Completed
P004842,O004842,UPI,
P004843,O004843,,Completed
P004844,O004844,Debit Card,
P004845,O004845,UPI,Failed
P004846,O004846,Debit Card,completed
P004847,O004847,UPI,Failed
P004848,O004848,UPI,
P004849,O004849,Cash,completed
P004850,O004850,UPI,completed
P004851,O004851,Cash,Completed
P004852,O004852,Cash,Completed
P004853,O004853,Cash,completed
P004854,O004854,Credit Card,completed
P004855,O004855,Cash,Completed
P004856,O004856,,
P004857,O004857,,completed
P004858,O004858,UPI,completed
P004859,O004859,Debit Card,completed
P004860,O004860,,completed
P004861,O004861,Debit Card,completed
P004862,O004862,Cash,Completed
P004863,O004863,Debit Card,
P004864,O004864,Cash,Completed
P004865,O004865,Credit Card,Failed
P004866,O004866,UPI,completed
P004867,O004867,Debit Card,Failed
P004868,O004868,Debit Card,Failed
P004869,O004869,Debit Card,Completed
P004870,O004870,UPI,
P004871,O004871,Credit Card,completed
P004872,O004872,UPI,Failed
P004873,O004873,,Failed
P004874,O004874,UPI,Failed
P004875,O004875,,Completed
P004876,O004876,Debit Card,
P004877,O004877,Credit Card,completed
P004878,O004878,Cash,completed
P004879,O004879,Credit Card,Completed
P004880,O004880,,
P004881,O004881,Credit Card,completed
P004882,O004882,Debit Card,Completed
P004883,O004883,UPI,completed
P004884,O004884,,Failed
P004885,O004885,,completed
P004886,O004886,,Failed
P004887,O004887,Debit Card,
P004888,O004888,Credit Card,
P004889,O004889,,completed
P004890,O004890,Cash,Failed
P004891,O004891,,
P004892,O004892,Credit Card,completed
P004893,O004893,Credit Card,Failed
P004894,O004894,Cash,
P004895,O004895,UPI,
P004896,O004896,,completed
P004897,O004897,Credit Card,Completed
P004898,O004898,Cash,
P004899,O004899,Cash,completed
P004900,O004900,Debit Card,Failed
P004901,O004901,Credit Card,
P004902,O004902,Credit Card,
P004903,O004903,Credit Card,Completed
P004904,O004904,Debit Card,
P004905,O004905,Cash,
P004906,O004906,Cash,Completed
P004907,O004907,UPI,Failed
P004908,O004908,Cash,Completed
P004909,O004909,Credit Card,
P004910,O004910,Debit Card,Failed
P004911,O004911,UPI,Completed
P004912,O004912,Cash,completed
P004913,O004913,Debit Card,Failed
P004914,O004914,,Completed
P004915,O004915,Cash,Completed
P004916,O004916,Debit Card,Failed
P004917,O004917,Credit Card,Failed
P004918,O004918,,Failed
P004919,O004919,UPI,
P004920,O004920,UPI,
P004921,O004921,Credit Card,Completed
P004922,O004922,Debit Card,Completed
P004923,O004923,,completed
P004924,O004924,Cash,Failed
P004925,O004925,Credit Card,completed
P004926,O004926,Credit Card,Failed
P004927,O004927,Credit Card,Completed
P004928,O004928,Credit Card,
P004929,O004929,Cash,Failed
P004930,O004930,Credit Card,
P004931,O004931,UPI,completed
P004932,O004932,UPI,completed
P004933,O004933,Credit Card,
P004934,O004934,Debit Card,Completed
P004935,O004935,UPI,completed
P004936,O004936,,
P004937,O004937,Debit Card,completed
P004938,O004938,Credit Card,Completed
P004939,O004939,Cash,completed
P004940,O004940,Debit Card,Completed
P004941,O004941,,Completed
P004942,O004942,Debit Card,completed
P004943,O004943,UPI,
P004944,O004944,UPI,Completed
P004945,O004945,Cash,Failed
P004946,O004946,Debit Card,Completed
P004947,O004947,Cash,completed
P004948,O004948,Debit Card,Failed
P004949,O004949,Credit Card,
P004950,O004950,Debit Card,Failed
P004951,O004951,Debit Card,Failed
P004952,O004952,Credit Card,Failed
P004953,O004953,,
P004954,O004954,UPI,
P004955,O004955,Debit Card,
P004956,O004956,Cash,Completed
P004957,O004957,Credit Card,
P004958,O004958,,Completed
P004959,O004959,UPI,Completed
P004960,O004960,UPI,
P004961,O004961,Cash,completed
P004962,O004962,,
P004963,O004963,Cash,
P004964,O004964,UPI,completed
P004965,O004965,Debit Card,Failed
P004966,O004966,Credit Card,completed
P004967,O004967,Credit Card,Completed
P004968,O004968,Cash,Completed
P004969,O004969,Debit Card,Completed
P004970,O004970,UPI,
P004971,O004971,Credit Card,
P004972,O004972,Credit Card,Completed
P004973,O004973,Cash,Completed
P004974,O004974,,Failed
P004975,O004975,Credit Card,Completed
P004976,O004976,Cash,Completed
P004977,O004977,UPI,Completed
P004978,O004978,Credit Card,Failed
P004979,O004979,Cash,Completed
P004980,O004980,,
P004981,O004981,Debit Card,completed
P004982,O004982,Credit Card,Failed
P004983,O004983,Cash,
P004984,O004984,Debit Card,Failed
P004985,O004985,,Completed
P004986,O004986,Credit Card,Completed
P004987,O004987,Cash,Completed
P004988,O004988,Debit Card,Failed
P004989,O004989,UPI,Failed
P004990,O004990,UPI,completed
P004991,O004991,Cash,Completed
P004992,O004992,Debit Card,Completed
P004993,O004993,UPI,
P004994,O004994,Credit Card,Completed
P004995,O004995,Cash,Failed
P004996,O004996,,Failed
P004997,O004997,Credit Card,Failed
P004998,O004998,Cash,Failed
P004999,O004999,UPI,Failed
P005000,O005000,,completed
P005001,O005001,Credit Card,Failed
P005002,O005002,Debit Card,Failed
P005003,O005003,,completed
P005004,O005004,UPI,Failed
P005005,O005005,,completed
P005006,O005006,UPI,Completed
P005007,O005007,Cash,
P005008,O005008,Credit Card,completed
P005009,O005009,Cash,
P005010,O005010,,Completed
P005011,O005011,Cash,
P005012,O005012,Credit Card,completed
P005013,O005013,,Completed
P005014,O005014,Cash,
P005015,O005015,Cash,completed
P005016,O005016,Cash,Completed
P005017,O005017,Debit Card,Failed
P005018,O005018,,completed
P005019,O005019,Credit Card,
P005020,O005020,,
P005021,O005021,,Failed
P005022,O005022,Cash,completed
P005023,O005023,UPI,Failed
P005024,O005024,Cash,Completed
P005025,O005025,UPI,Completed
P005026,O005026,Debit Card,Completed
P005027,O005027,Debit Card,
P005028,O005028,UPI,Failed
P005029,O005029,Cash,
P005030,O005030,Cash,completed
P005031,O005031,,Failed
P005032,O005032,,
P005033,O005033,Debit Card,completed
P005034,O005034,,Completed
P005035,O005035,,completed
P005036,O005036,,Completed
P005037,O005037,Debit Card,
P005038,O005038,,Completed
P005039,O005039,UPI,
P005040,O005040,Credit Card,Failed
P005041,O005041,Credit Card,Failed
P005042,O005042,,Completed
P005043,O005043,,Completed
P005044,O005044,,
P005045,O005045,UPI,
P005046,O005046,Debit Card,completed
P005047,O005047,Credit Card,
P005048,O005048,Cash,Completed
P005049,O005049,,
P005050,O005050,Cash,completed
P005051,O005051,UPI,Failed
P005052,O005052,Debit Card,Completed
P005053,O005053,Cash,
P005054,O005054,,Failed
P005055,O005055,,
P005056,O005056,UPI,completed
P005057,O005057,,completed
P005058,O005058,Cash,Completed
P005059,O005059,Debit Card,Completed
P005060,O005060,,
P005061,O005061,,Completed
P005062,O005062,Cash,completed
P005063,O005063,Debit Card,
P005064,O005064,Cash,Failed
P005065,O005065,UPI,Completed
P005066,O005066,,
P005067,O005067,Credit Card,Failed
P005068,O005068,UPI,
P005069,O005069,Credit Card,Completed
P005070,O005070,Cash,Failed
P005071,O005071,Credit Card,completed
P005072,O005072,Debit Card,Completed
P005073,O005073,,completed
P005074,O005074,Debit Card,
P005075,O005075,Debit Card,completed
P005076,O005076,Cash,Failed
P005077,O005077,Debit Card,Failed
P005078,O005078,Credit Card,completed
P005079,O005079,UPI,Completed
P005080,O005080,UPI,Failed
P005081,O005081,UPI,completed
P005082,O005082,Credit Card,completed
P005083,O005083,,completed
P005084,O005084,Credit Card,
P005085,O005085,UPI,Completed
P005086,O005086,,
P005087,O005087,Cash,Failed
P005088,O005088,Credit Card,Failed
P005089,O005089,Debit Card,completed
P005090,O005090,Debit Card,Completed
P005091,O005091,Debit Card,
P005092,O005092,Credit Card,completed
P005093,O005093,Cash,Failed
P005094,O005094,,Completed
P005095,O005095,Credit Card,
P005096,O005096,Credit Card,completed
P005097,O005097,Credit Card,Failed
P005098,O005098,,Failed
P005099,O005099,Cash,Failed
P005100,O005100,Credit Card,Completed
P005101,O005101,UPI,Completed
P005102,O005102,,Failed
P005103,O005103,Cash,Failed
P005104,O005104,UPI,Completed
P005105,O005105,Credit Card,completed
P005106,O005106,UPI,completed
P005107,O005107,Debit Card,completed
P005108,O005108,Cash,Failed
P005109,O005109,Cash,
P005110,O005110,Debit Card,Failed
P005111,O005111,UPI,
P005112,O005112,Cash,
P005113,O005113,Credit Card,Completed
P005114,O005114,Debit Card,Failed
P005115,O005115,Cash,
P005116,O005116,Cash,completed
P005117,O005117,,Failed
P005118,O005118,UPI,completed
P005119,O005119,Debit Card,Completed
P005120,O005120,Cash,Completed
P005121,O005121,Debit Card,
P005122,O005122,Credit Card,Completed
P005123,O005123,,Completed
P005124,O005124,UPI,Completed
P005125,O005125,UPI,Failed
P005126,O005126,Credit Card,completed
P005127,O005127,Cash,completed
P005128,O005128,,completed
P005129,O005129,UPI,Failed
P005130,O005130,Debit Card,completed
P005131,O005131,Credit Card,
P005132,O005132,UPI,completed
P005133,O005133,Cash,Failed
P005134,O005134,,completed
P005135,O005135,UPI,Failed
P005136,O005136,Cash,
P005137,O005137,Cash,completed
P005138,O005138,Credit Card,Completed
P005139,O005139,Cash,Completed
P005140,O005140,Credit Card,Failed
P005141,O005141,Debit Card,Failed
P005142,O005142,Credit Card,Failed
P005143,O005143,UPI,Failed
P005144,O005144,Credit Card,Completed
P005145,O005145,,Completed
P005146,O005146,Debit Card,
P005147,O005147,Credit Card,
P005148,O005148,Debit Card,
P005149,O005149,Credit Card,Completed
P005150,O005150,Cash,
P005151,O005151,Cash,Failed
P005152,O005152,UPI,
P005153,O005153,Cash,Completed
P005154,O005154,,Completed
P005155,O005155,Cash,
P005156,O005156,,Failed
P005157,O005157,Credit Card,Failed
P005158,O005158,Credit Card,completed
P005159,O005159,,Completed
P005160,O005160,UPI,Failed
P005161,O005161,Cash,
P005162,O005162,,Completed
P005163,O005163,Cash,Completed
P005164,O005164,Debit Card,Completed
P005165,O005165,UPI,Completed
P005166,O005166,Credit Card,Failed
P005167,O005167,,
P005168,O005168,Debit Card,
P005169,O005169,,completed
P005170,O005170,,Completed
P005171,O005171,,completed
P005172,O005172,,Completed
P005173,O005173,Credit Card,
P005174,O005174,Credit Card,
P005175,O005175,Credit Card,
P005176,O005176,UPI,completed
P005177,O005177,Credit Card,
P005178,O005178,Cash,Failed
P005179,O005179,Credit Card,Completed
P005180,O005180,,
P005181,O005181,,Completed
P005182,O005182,Cash,
P005183,O005183,Debit Card,completed
P005184,O005184,,Failed
P005185,O005185,,Completed
P005186,O005186,Credit Card,completed
P005187,O005187,Credit Card,
P005188,O005188,,Failed
P005189,O005189,Cash,Failed
P005190,O005190,,completed
P005191,O005191,Credit Card,Failed
P005192,O005192,Credit Card,Completed
P005193,O005193,Credit Card,
P005194,O005194,Cash,Failed
P005195,O005195,,
P005196,O005196,Credit Card,Failed
P005197,O005197,Debit Card,Completed
P005198,O005198,Credit Card,
P005199,O005199,UPI,Completed
P005200,O005200,Debit Card,Failed
P005201,O005201,Credit Card,completed
P005202,O005202,UPI,
P005203,O005203,Cash,
P005204,O005204,UPI,Completed
P005205,O005205,,Completed
P005206,O005206,,completed
P005207,O005207,Cash,Completed
P005208,O005208,Cash,completed
P005209,O005209,Cash,Completed
P005210,O005210,UPI,Failed
P005211,O005211,UPI,Failed
P005212,O005212,Cash,completed
P005213,O005213,UPI,Failed
P005214,O005214,,completed
P005215,O005215,Credit Card,Failed
P005216,O005216,Debit Card,completed
P005217,O005217,Cash,
P005218,O005218,,completed
P005219,O005219,UPI,Failed
P005220,O005220,Debit Card,Completed
P005221,O005221,Cash,
P005222,O005222,UPI,Completed
P005223,O005223,UPI,
P005224,O005224,Debit Card,
P005225,O005225,UPI,completed
P005226,O005226,Debit Card,completed
P005227,O005227,,
P005228,O005228,Cash,Failed
P005229,O005229,UPI,
P005230,O005230,Credit Card,Failed
P005231,O005231,Debit Card,
P005232,O005232,,Failed
P005233,O005233,Credit Card,completed
P005234,O005234,Cash,
P005235,O005235,,
P005236,O005236,Debit Card,Failed
P005237,O005237,,Failed
P005238,O005238,,
P005239,O005239,,Failed
P005240,O005240,Cash,completed
P005241,O005241,Credit Card,completed
P005242,O005242,,
P005243,O005243,UPI,
P005244,O005244,,Failed
P005245,O005245,,completed
P005246,O005246,Cash,Completed
P005247,O005247,Cash,completed
P005248,O005248,Cash,Failed
P005249,O005249,Cash,Failed
P005250,O005250,,
P005251,O005251,,completed
P005252,O005252,Debit Card,
P005253,O005253,Cash,Failed
P005254,O005254,Debit Card,
P005255,O005255,Credit Card,
P005256,O005256,Cash,
P005257,O005257,Credit Card,
P005258,O005258,UPI,Completed
P005259,O005259,,Failed
P005260,O005260,,completed
P005261,O005261,Debit Card,
P005262,O005262,,completed
P005263,O005263,Credit Card,completed
P005264,O005264,,completed
P005265,O005265,Cash,Failed
P005266,O005266,UPI,
P005267,O005267,Debit Card,completed
P005268,O005268,Debit Card,
P005269,O005269,Debit Card,
P005270,O005270,Cash,completed
P005271,O005271,,Completed
P005272,O005272,Cash,Failed
P005273,O005273,Credit Card,
P005274,O005274,,
P005275,O005275,Cash,Completed
P005276,O005276,Credit Card,Failed
P005277,O005277,Credit Card,completed
P005278,O005278,Cash,Failed
P005279,O005279,Cash,completed
P005280,O005280,UPI,completed
P005281,O005281,Cash,Completed
P005282,O005282,Debit Card,
P005283,O005283,,Failed
P005284,O005284,Credit Card,Failed
P005285,O005285,Debit Card,completed
P005286,O005286,Debit Card,Completed
P005287,O005287,Credit Card,Completed
P005288,O005288,,completed
P005289,O005289,UPI,Completed
P005290,O005290,UPI,
P005291,O005291,Debit Card,Completed
P005292,O005292,Debit Card,Completed
P005293,O005293,Cash,
P005294,O005294,UPI,completed
P005295,O005295,UPI,Completed
P005296,O005296,,completed
P005297,O005297,Cash,completed
P005298,O005298,Credit Card,completed
P005299,O005299,Credit Card,
P005300,O005300,,Failed
P005301,O005301,Credit Card,completed
P005302,O005302,UPI,Failed
P005303,O005303,Debit Card,Failed
P005304,O005304,Cash,Failed
P005305,O005305,Credit Card,completed
P005306,O005306,Credit Card,
P005307,O005307,Credit Card,Completed
P005308,O005308,Credit Card,Failed
P005309,O005309,Debit Card,Failed
P005310,O005310,Debit Card,Completed
P005311,O005311,,
P005312,O005312,UPI,
P005313,O005313,Credit Card,Failed
P005314,O005314,,Failed
P005315,O005315,UPI,Failed
P005316,O005316,Debit Card,
P005317,O005317,Credit Card,completed
P005318,O005318,Debit Card,Failed
P005319,O005319,Credit Card,Completed
P005320,O005320,Debit Card,Completed
P005321,O005321,,Failed
P005322,O005322,,completed
P005323,O005323,Debit Card,Failed
P005324,O005324,Debit Card,Completed
P005325,O005325,Cash,Completed
P005326,O005326,Credit Card,Completed
P005327,O005327,Cash,completed
P005328,O005328,Debit Card,Failed
P005329,O005329,,
P005330,O005330,Credit Card,Failed
P005331,O005331,,completed
P005332,O005332,Debit Card,Failed
P005333,O005333,Cash,Failed
P005334,O005334,Credit Card,
P005335,O005335,Cash,
P005336,O005336,Credit Card,
P005337,O005337,,Completed
P005338,O005338,UPI,Failed
P005339,O005339,Credit Card,Failed
P005340,O005340,Debit Card,Completed
P005341,O005341,Credit Card,
P005342,O005342,Debit Card,Failed
P005343,O005343,UPI,Failed
P005344,O005344,UPI,Failed
P005345,O005345,,completed
P005346,O005346,,
P005347,O005347,UPI,
P005348,O005348,Credit Card,completed
P005349,O005349,Credit Card,completed
P005350,O005350,,Completed
P005351,O005351,Credit Card,
P005352,O005352,Credit Card,Completed
P005353,O005353,Credit Card,
P005354,O005354,Credit Card,Failed
P005355,O005355,Debit Card,completed
P005356,O005356,,
P005357,O005357,UPI,Completed
P005358,O005358,UPI,
P005359,O005359,Debit Card,
P005360,O005360,,
P005361,O005361,Debit Card,Failed
P005362,O005362,,Failed
P005363,O005363,Debit Card,Completed
P005364,O005364,Credit Card,
P005365,O005365,Debit Card,Failed
P005366,O005366,Debit Card,
P005367,O005367,Cash,completed
P005368,O005368,,Failed
P005369,O005369,Credit Card,
P005370,O005370,Debit Card,Completed
P005371,O005371,Credit Card,completed
P005372,O005372,,completed
P005373,O005373,UPI,completed
P005374,O005374,Cash,Completed
P005375,O005375,Cash,Completed
P005376,O005376,,Failed
P005377,O005377,Cash,
P005378,O005378,UPI,Failed
P005379,O005379,Credit Card,
P005380,O005380,Debit Card,Failed
P005381,O005381,,Failed
P005382,O005382,,Completed
P005383,O005383,Cash,Failed
P005384,O005384,Debit Card,Completed
P005385,O005385,Cash,Failed
P005386,O005386,Cash,completed
P005387,O005387,Credit Card,
P005388,O005388,Credit Card,Failed
P005389,O005389,Cash,Failed
P005390,O005390,UPI,Completed
P005391,O005391,,Failed
P005392,O005392,UPI,Completed
P005393,O005393,,Completed
P005394,O005394,Debit Card,Failed
P005395,O005395,Debit Card,Completed
P005396,O005396,UPI,
P005397,O005397,Cash,Failed
P005398,O005398,Cash,Completed
P005399,O005399,Debit Card,
P005400,O005400,Cash,Completed
P005401,O005401,Credit Card,completed
P005402,O005402,Debit Card,completed
P005403,O005403,,Completed
P005404,O005404,,Completed
P005405,O005405,Cash,Completed
P005406,O005406,,Completed
P005407,O005407,,Failed
P005408,O005408,UPI,
P005409,O005409,UPI,Failed
P005410,O005410,,
P005411,O005411,Debit Card,Failed
P005412,O005412,,completed
P005413,O005413,Credit Card,Failed
P005414,O005414,Debit Card,
P005415,O005415,Credit Card,Completed
P005416,O005416,Credit Card,
P005417,O005417,Cash,
P005418,O005418,UPI,completed
P005419,O005419,Cash,
P005420,O005420,Credit Card,Completed
P005421,O005421,Cash,Failed
P005422,O005422,Cash,
P005423,O005423,Debit Card,completed
P005424,O005424,Cash,
P005425,O005425,Debit Card,
P005426,O005426,Cash,Completed
P005427,O005427,Cash,Completed
P005428,O005428,Credit Card,Completed
P005429,O005429,Credit Card,Failed
P005430,O005430,,
P005431,O005431,,Failed
P005432,O005432,Debit Card,Completed
P005433,O005433,Credit Card,
P005434,O005434,,Failed
P005435,O005435,Cash,Completed
P005436,O005436,Credit Card,Completed
P005437,O005437,Cash,
P005438,O005438,Cash,Failed
P005439,O005439,Debit Card,Completed
P005440,O005440,Credit Card,Completed
P005441,O005441,Cash,Completed
P005442,O005442,Debit Card,Completed
P005443,O005443,UPI,Completed
P005444,O005444,UPI,Completed
P005445,O005445,Cash,
P005446,O005446,Cash,completed
P005447,O005447,UPI,completed
P005448,O005448,,Completed
P005449,O005449,Debit Card,Completed
P005450,O005450,Cash,
P005451,O005451,UPI,
P005452,O005452,UPI,Completed
P005453,O005453,UPI,Failed
P005454,O005454,UPI,Failed
P005455,O005455,UPI,completed
P005456,O005456,UPI,
P005457,O005457,Cash,completed
P005458,O005458,Debit Card,completed
P005459,O005459,UPI,Failed
P005460,O005460,UPI,completed
P005461,O005461,UPI,Completed
P005462,O005462,UPI,completed
P005463,O005463,UPI,completed
P005464,O005464,Credit Card,Completed
P005465,O005465,Credit Card,Completed
P005466,O005466,UPI,completed
P005467,O005467,UPI,Failed
P005468,O005468,,completed
P005469,O005469,,Failed
P005470,O005470,Debit Card,Failed
P005471,O005471,Credit Card,Completed
P005472,O005472,Cash,Failed
P005473,O005473,Debit Card,
P005474,O005474,Debit Card,completed
P005475,O005475,UPI,Failed
P005476,O005476,UPI,Failed
P005477,O005477,Cash,completed
P005478,O005478,,Completed
P005479,O005479,UPI,
P005480,O005480,Credit Card,Failed
P005481,O005481,Cash,
P005482,O005482,Cash,completed
P005483,O005483,UPI,Failed
P005484,O005484,Cash,Failed
P005485,O005485,,Failed
P005486,O005486,UPI,
P005487,O005487,,
P005488,O005488,,Failed
P005489,O005489,Credit Card,completed
P005490,O005490,UPI,Failed
P005491,O005491,Credit Card,completed
P005492,O005492,Credit Card,Completed
P005493,O005493,Cash,Completed
P005494,O005494,Debit Card,Completed
P005495,O005495,UPI,completed
P005496,O005496,,
P005497,O005497,Cash,completed
P005498,O005498,Credit Card,completed
P005499,O005499,Credit Card,Completed
P005500,O005500,UPI,Failed
P005501,O005501,Cash,completed
P005502,O005502,,Completed
P005503,O005503,Credit Card,completed
P005504,O005504,Cash,
P005505,O005505,,completed
P005506,O005506,Cash,Completed
P005507,O005507,Credit Card,completed
P005508,O005508,Credit Card,completed
P005509,O005509,,completed
P005510,O005510,Cash,Completed
P005511,O005511,Credit Card,Completed
P005512,O005512,Cash,completed
P005513,O005513,UPI,Completed
P005514,O005514,,completed
P005515,O005515,Debit Card,completed
P005516,O005516,,completed
P005517,O005517,Credit Card,completed
P005518,O005518,Cash,Failed
P005519,O005519,,Failed
P005520,O005520,Debit Card,
P005521,O005521,UPI,completed
P005522,O005522,Credit Card,completed
P005523,O005523,Cash,Completed
P005524,O005524,UPI,completed
P005525,O005525,Credit Card,Completed
P005526,O005526,,
P005527,O005527,,Failed
P005528,O005528,Debit Card,Failed
P005529,O005529,UPI,Completed
P005530,O005530,,completed
P005531,O005531,Debit Card,Completed
P005532,O005532,Cash,
P005533,O005533,Cash,Failed
P005534,O005534,UPI,completed
P005535,O005535,Cash,completed
P005536,O005536,,completed
P005537,O005537,Cash,Failed
P005538,O005538,,completed
P005539,O005539,Debit Card,
P005540,O005540,,
P005541,O005541,,Failed
P005542,O005542,UPI,Failed
P005543,O005543,Cash,Failed
P005544,O005544,,Completed
P005545,O005545,UPI,Failed
P005546,O005546,UPI,Failed
P005547,O005547,UPI,Completed
P005548,O005548,Credit Card,completed
P005549,O005549,UPI,Completed
P005550,O005550,UPI,
P005551,O005551,,
P005552,O005552,UPI,completed
P005553,O005553,UPI,Completed
P005554,O005554,Credit Card,completed
P005555,O005555,Credit Card,
P005556,O005556,UPI,Completed
P005557,O005557,UPI,Completed
P005558,O005558,,
P005559,O005559,,Failed
P005560,O005560,Credit Card,completed
P005561,O005561,,
P005562,O005562,Cash,
P005563,O005563,Debit Card,Completed
P005564,O005564,Credit Card,Completed
P005565,O005565,Credit Card,completed
P005566,O005566,,
P005567,O005567,Debit Card,
P005568,O005568,Debit Card,Completed
P005569,O005569,UPI,
P005570,O005570,Credit Card,Completed
P005571,O005571,UPI,Failed
P005572,O005572,,Failed
P005573,O005573,Debit Card,completed
P005574,O005574,UPI,completed
P005575,O005575,Debit Card,
P005576,O005576,UPI,
P005577,O005577,UPI,
P005578,O005578,Debit Card,
P005579,O005579,,Failed
P005580,O005580,Cash,Completed
P005581,O005581,Cash,Completed
P005582,O005582,Credit Card,
P005583,O005583,Cash,Failed
P005584,O005584,Debit Card,
P005585,O005585,Credit Card,Completed
P005586,O005586,Cash,completed
P005587,O005587,Cash,Failed
P005588,O005588,UPI,Completed
P005589,O005589,UPI,Completed
P005590,O005590,Cash,completed
P005591,O005591,Credit Card,completed
P005592,O005592,Debit Card,completed
P005593,O005593,Cash,completed
P005594,O005594,Debit Card,Failed
P005595,O005595,Credit Card,
P005596,O005596,,Failed
P005597,O005597,Credit Card,Failed
P005598,O005598,,Completed
P005599,O005599,UPI,Completed
P005600,O005600,Debit Card,Completed
P005601,O005601,UPI,Completed
P005602,O005602,Debit Card,Completed
P005603,O005603,Credit Card,Failed
P005604,O005604,Cash,completed
P005605,O005605,Cash,
P005606,O005606,,Failed
P005607,O005607,Cash,
P005608,O005608,Debit Card,
P005609,O005609,Cash,completed
P005610,O005610,UPI,
P005611,O005611,Cash,completed
P005612,O005612,UPI,Failed
P005613,O005613,,completed
P005614,O005614,,completed
P005615,O005615,Credit Card,Completed
P005616,O005616,Credit Card,Completed
P005617,O005617,Credit Card,completed
P005618,O005618,UPI,completed
P005619,O005619,Credit Card,
P005620,O005620,,
P005621,O005621,Cash,completed
P005622,O005622,UPI,
P005623,O005623,Credit Card,Failed
P005624,O005624,Credit Card,
P005625,O005625,,
P005626,O005626,Cash,completed
P005627,O005627,Debit Card,
P005628,O005628,Cash,completed
P005629,O005629,Credit Card,Completed
P005630,O005630,Credit Card,
P005631,O005631,Cash,completed
P005632,O005632,Cash,completed
P005633,O005633,,
P005634,O005634,Debit Card,Completed
P005635,O005635,UPI,completed
P005636,O005636,UPI,completed
P005637,O005637,Debit Card,
P005638,O005638,,Failed
P005639,O005639,Cash,completed
P005640,O005640,Credit Card,
P005641,O005641,Debit Card,
P005642,O005642,,Completed
P005643,O005643,Debit Card,completed
P005644,O005644,Credit Card,completed
P005645,O005645,UPI,completed
P005646,O005646,Cash,
P005647,O005647,,completed
P005648,O005648,UPI,Completed
P005649,O005649,Credit Card,Completed
P005650,O005650,Debit Card,completed
P005651,O005651,,completed
P005652,O005652,,
P005653,O005653,UPI,Completed
P005654,O005654,UPI,Failed
P005655,O005655,Credit Card,completed
P005656,O005656,UPI,completed
P005657,O005657,,
P005658,O005658,Cash,Completed
P005659,O005659,Credit Card,completed
P005660,O005660,Credit Card,
P005661,O005661,Cash,completed
P005662,O005662,Credit Card,
P005663,O005663,Credit Card,
P005664,O005664,UPI,
P005665,O005665,Credit Card,completed
P005666,O005666,,completed
P005667,O005667,UPI,Completed
P005668,O005668,Debit Card,completed
P005669,O005669,,Failed
P005670,O005670,Debit Card,Completed
P005671,O005671,UPI,
P005672,O005672,,Completed
P005673,O005673,UPI,Failed
P005674,O005674,Debit Card,Failed
P005675,O005675,Cash,
P005676,O005676,Credit Card,completed
P005677,O005677,Cash,Failed
P005678,O005678,Cash,completed
P005679,O005679,UPI,
P005680,O005680,UPI,completed
P005681,O005681,Credit Card,completed
P005682,O005682,Cash,Completed
P005683,O005683,,completed
P005684,O005684,UPI,completed
P005685,O005685,Cash,Completed
P005686,O005686,Debit Card,completed
P005687,O005687,UPI,Completed
P005688,O005688,Credit Card,Completed
P005689,O005689,Cash,completed
P005690,O005690,UPI,completed
P005691,O005691,Credit Card,completed
P005692,O005692,Credit Card,Completed
P005693,O005693,Debit Card,Failed
P005694,O005694,Credit Card,Completed
P005695,O005695,UPI,Failed
P005696,O005696,UPI,
P005697,O005697,,Failed
P005698,O005698,Cash,
P005699,O005699,Cash,completed
P005700,O005700,Debit Card,Completed
P005701,O005701,Cash,Completed
P005702,O005702,Credit Card,
P005703,O005703,UPI,Completed
P005704,O005704,Credit Card,Completed
P005705,O005705,Cash,
P005706,O005706,,Failed
P005707,O005707,Cash,completed
P005708,O005708,Debit Card,Failed
P005709,O005709,UPI,Failed
P005710,O005710,Credit Card,
P005711,O005711,Cash,
P005712,O005712,UPI,
P005713,O005713,Credit Card,
P005714,O005714,Cash,Failed
P005715,O005715,Cash,
P005716,O005716,Cash,Completed
P005717,O005717,Debit Card,Failed
P005718,O005718,Debit Card,
P005719,O005719,Credit Card,Completed
P005720,O005720,Credit Card,Completed
P005721,O005721,UPI,
P005722,O005722,,
P005723,O005723,UPI,Completed
P005724,O005724,,Completed
P005725,O005725,Cash,Failed
P005726,O005726,Cash,Failed
P005727,O005727,UPI,Completed
P005728,O005728,Debit Card,
P005729,O005729,Debit Card,
P005730,O005730,Credit Card,completed
P005731,O005731,Credit Card,Completed
P005732,O005732,UPI,
P005733,O005733,Debit Card,Failed
P005734,O005734,Cash,Completed
P005735,O005735,Cash,Failed
P005736,O005736,Debit Card,
P005737,O005737,UPI,Failed
P005738,O005738,Credit Card,
P005739,O005739,UPI,completed
P005740,O005740,Debit Card,Failed
P005741,O005741,UPI,
P005742,O005742,Debit Card,Completed
P005743,O005743,UPI,Failed
P005744,O005744,,
P005745,O005745,Cash,Completed
P005746,O005746,,completed
P005747,O005747,Debit Card,completed
P005748,O005748,Cash,
P005749,O005749,,Failed
P005750,O005750,UPI,completed
P005751,O005751,UPI,Failed
P005752,O005752,Cash,completed
P005753,O005753,Debit Card,Failed
P005754,O005754,,Failed
P005755,O005755,Debit Card,Completed
P005756,O005756,UPI,Failed
P005757,O005757,Credit Card,Completed
P005758,O005758,Credit Card,
P005759,O005759,Debit Card,
P005760,O005760,UPI,Failed
P005761,O005761,UPI,Failed
P005762,O005762,Credit Card,Failed
P005763,O005763,Credit Card,completed
P005764,O005764,,completed
P005765,O005765,,Failed
P005766,O005766,Credit Card,completed
P005767,O005767,Debit Card,Failed
P005768,O005768,Cash,Completed
P005769,O005769,UPI,
P005770,O005770,UPI,Completed
P005771,O005771,UPI,Failed
P005772,O005772,,Completed
P005773,O005773,Credit Card,Completed
P005774,O005774,,
P005775,O005775,Credit Card,completed
P005776,O005776,Debit Card,
P005777,O005777,,Completed
P005778,O005778,Credit Card,Failed
P005779,O005779,Debit Card,completed
P005780,O005780,,Failed
P005781,O005781,UPI,Failed
P005782,O005782,Debit Card,Failed
P005783,O005783,,Completed
P005784,O005784,Credit Card,
P005785,O005785,UPI,Completed
P005786,O005786,Credit Card,completed
P005787,O005787,Cash,
P005788,O005788,Cash,Failed
P005789,O005789,,Completed
P005790,O005790,Debit Card,
P005791,O005791,Debit Card,
P005792,O005792,,
P005793,O005793,,Failed
P005794,O005794,UPI,Completed
P005795,O005795,Credit Card,Failed
P005796,O005796,Credit Card,Failed
P005797,O005797,Cash,Failed
P005798,O005798,Cash,Completed
P005799,O005799,,Completed
P005800,O005800,Debit Card,Completed
P005801,O005801,Debit Card,Completed
P005802,O005802,UPI,completed
P005803,O005803,Cash,Failed
P005804,O005804,UPI,Completed
P005805,O005805,Credit Card,Completed
P005806,O005806,,Failed
P005807,O005807,Debit Card,
P005808,O005808,Cash,Failed
P005809,O005809,Cash,Failed
P005810,O005810,,
P005811,O005811,,Completed
P005812,O005812,Cash,completed
P005813,O005813,Cash,
P005814,O005814,Debit Card,completed
P005815,O005815,Debit Card,
P005816,O005816,,completed
P005817,O005817,Credit Card,completed
P005818,O005818,Credit Card,
P005819,O005819,,Failed
P005820,O005820,,completed
P005821,O005821,UPI,completed
P005822,O005822,Credit Card,completed
P005823,O005823,Cash,completed
P005824,O005824,UPI,
P005825,O005825,UPI,Failed
P005826,O005826,,
P005827,O005827,Debit Card,
P005828,O005828,UPI,
P005829,O005829,,Failed
P005830,O005830,UPI,Completed
P005831,O005831,Debit Card,Failed
P005832,O005832,,completed
P005833,O005833,Debit Card,
P005834,O005834,Debit Card,
P005835,O005835,Cash,
P005836,O005836,Debit Card,
P005837,O005837,Debit Card,Completed
P005838,O005838,Debit Card,Completed
P005839,O005839,Credit Card,
P005840,O005840,Cash,Failed
P005841,O005841,Credit Card,Completed
P005842,O005842,Debit Card,Failed
P005843,O005843,Credit Card,Completed
P005844,O005844,,completed
P005845,O005845,Credit Card,completed
P005846,O005846,,completed
P005847,O005847,UPI,Completed
P005848,O005848,Cash,Failed
P005849,O005849,Credit Card,Completed
P005850,O005850,UPI,completed
P005851,O005851,Debit Card,Completed
P005852,O005852,,completed
P005853,O005853,Credit Card,completed
P005854,O005854,UPI,Failed
P005855,O005855,UPI,
P005856,O005856,Cash,completed
P005857,O005857,Debit Card,Failed
P005858,O005858,Cash,
P005859,O005859,Credit Card,Completed
P005860,O005860,Debit Card,
P005861,O005861,Credit Card,
P005862,O005862,,Failed
P005863,O005863,Credit Card,Failed
P005864,O005864,Debit Card,completed
P005865,O005865,Credit Card,
P005866,O005866,Cash,completed
P005867,O005867,UPI,Failed
P005868,O005868,Credit Card,completed
P005869,O005869,Debit Card,
P005870,O005870,Cash,Completed
P005871,O005871,Debit Card,Completed
P005872,O005872,,completed
P005873,O005873,UPI,Failed
P005874,O005874,Cash,Completed
P005875,O005875,UPI,
P005876,O005876,Credit Card,Failed
P005877,O005877,UPI,Completed
P005878,O005878,Credit Card,
P005879,O005879,Cash,Completed
P005880,O005880,Debit Card,completed
P005881,O005881,Cash,
P005882,O005882,Debit Card,completed
P005883,O005883,Debit Card,
P005884,O005884,UPI,Failed
P005885,O005885,Debit Card,completed
P005886,O005886,,completed
P005887,O005887,,
P005888,O005888,UPI,completed
P005889,O005889,UPI,
P005890,O005890,Cash,Completed
P005891,O005891,,
P005892,O005892,,Failed
P005893,O005893,Debit Card,Failed
P005894,O005894,Cash,
P005895,O005895,Cash,
P005896,O005896,Cash,Failed
P005897,O005897,Credit Card,completed
P005898,O005898,Debit Card,Failed
P005899,O005899,UPI,Failed
P005900,O005900,Cash,Completed
P005901,O005901,Debit Card,
P005902,O005902,Debit Card,Failed
P005903,O005903,Debit Card,completed
P005904,O005904,,Completed
P005905,O005905,UPI,Completed
P005906,O005906,Cash,Completed
P005907,O005907,UPI,
P005908,O005908,UPI,Failed
P005909,O005909,,
P005910,O005910,UPI,Completed
P005911,O005911,UPI,Completed
P005912,O005912,Debit Card,Completed
P005913,O005913,Debit Card,Failed
P005914,O005914,Cash,Completed
P005915,O005915,Credit Card,Failed
P005916,O005916,Cash,
P005917,O005917,Cash,completed
P005918,O005918,Debit Card,
P005919,O005919,UPI,
P005920,O005920,,Failed
P005921,O005921,Cash,
P005922,O005922,Credit Card,completed
P005923,O005923,Cash,completed
P005924,O005924,UPI,completed
P005925,O005925,Cash,
P005926,O005926,UPI,Completed
P005927,O005927,UPI,Failed
P005928,O005928,,Failed
P005929,O005929,,Completed
P005930,O005930,Cash,Failed
P005931,O005931,,
P005932,O005932,Credit Card,Completed
P005933,O005933,Debit Card,Completed
P005934,O005934,Cash,
P005935,O005935,,
P005936,O005936,Credit Card,Failed
P005937,O005937,Debit Card,
P005938,O005938,Credit Card,completed
P005939,O005939,Cash,completed
P005940,O005940,Debit Card,
P005941,O005941,,completed
P005942,O005942,UPI,Completed
P005943,O005943,,completed
P005944,O005944,UPI,Completed
P005945,O005945,Credit Card,Completed
P005946,O005946,UPI,completed
P005947,O005947,UPI,
P005948,O005948,Credit Card,completed
P005949,O005949,Credit Card,Completed
P005950,O005950,UPI,
P005951,O005951,UPI,Completed
P005952,O005952,Cash,completed
P005953,O005953,,Failed
P005954,O005954,Debit Card,
P005955,O005955,Credit Card,Completed
P005956,O005956,Credit Card,
P005957,O005957,UPI,Completed
P005958,O005958,Credit Card,completed
P005959,O005959,,completed
P005960,O005960,Cash,completed
P005961,O005961,Cash,Completed
P005962,O005962,UPI,completed
P005963,O005963,UPI,Failed
P005964,O005964,Debit Card,Failed
P005965,O005965,,completed
P005966,O005966,Credit Card,Completed
P005967,O005967,UPI,completed
P005968,O005968,Debit Card,completed
P005969,O005969,Cash,Completed
P005970,O005970,Credit Card,Failed
P005971,O005971,Cash,Failed
P005972,O005972,Cash,Completed
P005973,O005973,,completed
P005974,O005974,UPI,completed
P005975,O005975,UPI,Completed
P005976,O005976,UPI,Failed
P005977,O005977,Cash,Completed
P005978,O005978,Debit Card,
P005979,O005979,,Completed
P005980,O005980,,Failed
P005981,O005981,Cash,Completed
P005982,O005982,UPI,
P005983,O005983,Debit Card,completed
P005984,O005984,UPI,completed
P005985,O005985,,
P005986,O005986,Debit Card,
P005987,O005987,Credit Card,Completed
P005988,O005988,Credit Card,Completed
P005989,O005989,Cash,Failed
P005990,O005990,Credit Card,Completed
P005991,O005991,,
P005992,O005992,,completed
P005993,O005993,Credit Card,Failed
P005994,O005994,Cash,
P005995,O005995,Cash,Completed
P005996,O005996,Debit Card,
P005997,O005997,Credit Card,completed
P005998,O005998,Credit Card,Completed
P005999,O005999,,Completed
P006000,O006000,Credit Card,Failed
P006001,O006001,UPI,Completed
P006002,O006002,Cash,Failed
P006003,O006003,Cash,
P006004,O006004,Debit Card,Failed
P006005,O006005,Credit Card,
P006006,O006006,Cash,Completed
P006007,O006007,Credit Card,Failed
P006008,O006008,,
P006009,O006009,Cash,Failed
P006010,O006010,Credit Card,Failed
P006011,O006011,Credit Card,
P006012,O006012,Debit Card,Failed
P006013,O006013,Cash,
P006014,O006014,UPI,Completed
P006015,O006015,Cash,
P006016,O006016,,Failed
P006017,O006017,Credit Card,Completed
P006018,O006018,Cash,completed
P006019,O006019,Credit Card,
P006020,O006020,Debit Card,Completed
P006021,O006021,Debit Card,Failed
P006022,O006022,Cash,
P006023,O006023,Debit Card,Failed
P006024,O006024,Credit Card,completed
P006025,O006025,,completed
P006026,O006026,Cash,Completed
P006027,O006027,,completed
P006028,O006028,Debit Card,Failed
P006029,O006029,Debit Card,Completed
P006030,O006030,Credit Card,
P006031,O006031,Cash,Failed
P006032,O006032,Cash,Failed
P006033,O006033,UPI,Failed
P006034,O006034,Credit Card,
P006035,O006035,Cash,
P006036,O006036,,Failed
P006037,O006037,Debit Card,completed
P006038,O006038,,Completed
P006039,O006039,Debit Card,Failed
P006040,O006040,Credit Card,Failed
P006041,O006041,Cash,Completed
P006042,O006042,Debit Card,Failed
P006043,O006043,Credit Card,Completed
P006044,O006044,,Completed
P006045,O006045,Debit Card,completed
P006046,O006046,Cash,Completed
P006047,O006047,,Completed
P006048,O006048,Credit Card,
P006049,O006049,,Completed
P006050,O006050,Debit Card,Failed
P006051,O006051,UPI,Completed
P006052,O006052,UPI,Completed
P006053,O006053,Cash,
P006054,O006054,Credit Card,completed
P006055,O006055,Cash,completed
P006056,O006056,Debit Card,completed
P006057,O006057,Credit Card,
P006058,O006058,UPI,completed
P006059,O006059,,Completed
P006060,O006060,,Failed
P006061,O006061,Debit Card,Failed
P006062,O006062,Debit Card,Failed
P006063,O006063,Credit Card,completed
P006064,O006064,UPI,
P006065,O006065,,
P006066,O006066,Credit Card,completed
P006067,O006067,Credit Card,
P006068,O006068,Credit Card,Completed
P006069,O006069,Cash,
P006070,O006070,Credit Card,completed
P006071,O006071,Credit Card,
P006072,O006072,Credit Card,
P006073,O006073,Credit Card,Completed
P006074,O006074,Cash,Completed
P006075,O006075,Debit Card,Failed
P006076,O006076,Cash,
P006077,O006077,Credit Card,completed
P006078,O006078,Debit Card,completed
P006079,O006079,Cash,Completed
P006080,O006080,UPI,Failed
P006081,O006081,UPI,Completed
P006082,O006082,Credit Card,Completed
P006083,O006083,Credit Card,Completed
P006084,O006084,,completed
P006085,O006085,UPI,
P006086,O006086,Debit Card,
P006087,O006087,Debit Card,completed
P006088,O006088,,completed
P006089,O006089,UPI,Failed
P006090,O006090,Cash,completed
P006091,O006091,Cash,Failed
P006092,O006092,Debit Card,
P006093,O006093,Cash,
P006094,O006094,Credit Card,Failed
P006095,O006095,Credit Card,completed
P006096,O006096,,completed
P006097,O006097,Cash,Failed
P006098,O006098,,completed
P006099,O006099,UPI,Completed
P006100,O006100,Cash,Failed
P006101,O006101,Debit Card,completed
P006102,O006102,Debit Card,Failed
P006103,O006103,UPI,Failed
P006104,O006104,Credit Card,completed
P006105,O006105,Credit Card,completed
P006106,O006106,Credit Card,Failed
P006107,O006107,Cash,completed
P006108,O006108,,completed
P006109,O006109,UPI,Failed
P006110,O006110,Cash,Completed
P006111,O006111,Debit Card,
P006112,O006112,,completed
P006113,O006113,,
P006114,O006114,Cash,Completed
P006115,O006115,Debit Card,Completed
P006116,O006116,,Completed
P006117,O006117,Cash,Completed
P006118,O006118,Debit Card,
P006119,O006119,Cash,completed
P006120,O006120,Debit Card,
P006121,O006121,UPI,Completed
P006122,O006122,Credit Card,Failed
P006123,O006123,Cash,completed
P006124,O006124,Cash,
P006125,O006125,Cash,
P006126,O006126,Cash,completed
P006127,O006127,UPI,
P006128,O006128,Credit Card,
P006129,O006129,Credit Card,
P006130,O006130,,Completed
P006131,O006131,UPI,completed
P006132,O006132,Credit Card,
P006133,O006133,Credit Card,Completed
P006134,O006134,Debit Card,Completed
P006135,O006135,Debit Card,completed
P006136,O006136,UPI,Failed
P006137,O006137,UPI,completed
P006138,O006138,Credit Card,completed
P006139,O006139,Debit Card,completed
P006140,O006140,Debit Card,Failed
P006141,O006141,Credit Card,completed
P006142,O006142,Credit Card,completed
P006143,O006143,,
P006144,O006144,Cash,completed
P006145,O006145,UPI,completed
P006146,O006146,UPI,completed
P006147,O006147,,
P006148,O006148,Debit Card,Failed
P006149,O006149,Cash,completed
P006150,O006150,Debit Card,
P006151,O006151,,completed
P006152,O006152,,Completed
P006153,O006153,,
P006154,O006154,UPI,completed
P006155,O006155,UPI,Completed
P006156,O006156,Debit Card,completed
P006157,O006157,Credit Card,completed
P006158,O006158,UPI,completed
P006159,O006159,Cash,
P006160,O006160,Cash,
P006161,O006161,Cash,
P006162,O006162,,Completed
P006163,O006163,Debit Card,Failed
P006164,O006164,,Failed
P006165,O006165,Cash,
P006166,O006166,Cash,Failed
P006167,O006167,,completed
P006168,O006168,Cash,Failed
P006169,O006169,Cash,Failed
P006170,O006170,Debit Card,Completed
P006171,O006171,Cash,Failed
P006172,O006172,,
P006173,O006173,,completed
P006174,O006174,Credit Card,completed
P006175,O006175,Cash,
P006176,O006176,Credit Card,
P006177,O006177,,completed
P006178,O006178,Credit Card,Completed
P006179,O006179,Cash,
P006180,O006180,UPI,completed
P006181,O006181,Debit Card,Completed
P006182,O006182,Cash,completed
P006183,O006183,Credit Card,completed
P006184,O006184,Credit Card,Completed
P006185,O006185,Credit Card,
P006186,O006186,,
P006187,O006187,Cash,Failed
P006188,O006188,Credit Card,
P006189,O006189,UPI,
P006190,O006190,Cash,Completed
P006191,O006191,,Completed
P006192,O006192,Cash,completed
P006193,O006193,,Completed
P006194,O006194,,Completed
P006195,O006195,Debit Card,completed
P006196,O006196,Debit Card,completed
P006197,O006197,UPI,Failed
P006198,O006198,Credit Card,Completed
P006199,O006199,Cash,Failed
P006200,O006200,Credit Card,Failed
P006201,O006201,Cash,Failed
P006202,O006202,UPI,
P006203,O006203,UPI,completed
P006204,O006204,Cash,Completed
P006205,O006205,,Failed
P006206,O006206,Debit Card,completed
P006207,O006207,Cash,completed
P006208,O006208,,
P006209,O006209,Cash,Completed
P006210,O006210,Cash,Failed
P006211,O006211,Cash,
P006212,O006212,Cash,completed
P006213,O006213,Cash,Failed
P006214,O006214,,Completed
P006215,O006215,UPI,
P006216,O006216,Debit Card,Failed
P006217,O006217,Debit Card,completed
P006218,O006218,,Failed
P006219,O006219,,
P006220,O006220,Cash,completed
P006221,O006221,UPI,Failed
P006222,O006222,UPI,Completed
P006223,O006223,Credit Card,
P006224,O006224,UPI,
P006225,O006225,Cash,
P006226,O006226,Credit Card,
P006227,O006227,,Completed
P006228,O006228,Cash,completed
P006229,O006229,Credit Card,Completed
P006230,O006230,Cash,Completed
P006231,O006231,,Failed
P006232,O006232,Credit Card,Failed
P006233,O006233,Cash,Failed
P006234,O006234,Debit Card,Failed
P006235,O006235,,Failed
P006236,O006236,Credit Card,Completed
P006237,O006237,Debit Card,
P006238,O006238,Debit Card,Completed
P006239,O006239,Credit Card,completed
P006240,O006240,UPI,Failed
P006241,O006241,UPI,completed
P006242,O006242,Cash,
P006243,O006243,Credit Card,Failed
P006244,O006244,Credit Card,
P006245,O006245,Debit Card,Failed
P006246,O006246,Debit Card,Completed
P006247,O006247,Debit Card,
P006248,O006248,,Failed
P006249,O006249,UPI,Failed
P006250,O006250,Cash,Completed
P006251,O006251,Cash,Failed
P006252,O006252,Credit Card,
P006253,O006253,Debit Card,Completed
P006254,O006254,Credit Card,Failed
P006255,O006255,UPI,
P006256,O006256,,
P006257,O006257,UPI,Completed
P006258,O006258,Credit Card,
P006259,O006259,Debit Card,completed
P006260,O006260,Credit Card,Failed
P006261,O006261,Debit Card,completed
P006262,O006262,Debit Card,
P006263,O006263,Credit Card,Failed
P006264,O006264,,Failed
P006265,O006265,Credit Card,completed
P006266,O006266,UPI,completed
P006267,O006267,UPI,Completed
P006268,O006268,Cash,Failed
P006269,O006269,UPI,completed
P006270,O006270,UPI,Failed
P006271,O006271,Credit Card,Completed
P006272,O006272,Credit Card,completed
P006273,O006273,,
P006274,O006274,UPI,Completed
P006275,O006275,,Failed
P006276,O006276,,
P006277,O006277,UPI,
P006278,O006278,Credit Card,Completed
P006279,O006279,Debit Card,Completed
P006280,O006280,Debit Card,Completed
P006281,O006281,Debit Card,Completed
P006282,O006282,,Failed
P006283,O006283,Debit Card,Completed
P006284,O006284,Cash,
P006285,O006285,Cash,
P006286,O006286,,Completed
P006287,O006287,Credit Card,Completed
P006288,O006288,UPI,Completed
P006289,O006289,,Completed
P006290,O006290,Debit Card,
P006291,O006291,UPI,Completed
P006292,O006292,Credit Card,Failed
P006293,O006293,Debit Card,Completed
P006294,O006294,Cash,Failed
P006295,O006295,Cash,Completed
P006296,O006296,,Failed
P006297,O006297,Credit Card,completed
P006298,O006298,,Failed
P006299,O006299,Credit Card,
P006300,O006300,,completed
P006301,O006301,UPI,completed
P006302,O006302,,Failed
P006303,O006303,UPI,completed
P006304,O006304,Credit Card,completed
P006305,O006305,UPI,
P006306,O006306,UPI,
P006307,O006307,,
P006308,O006308,UPI,completed
P006309,O006309,Debit Card,Completed
P006310,O006310,Debit Card,
P006311,O006311,Credit Card,Completed
P006312,O006312,Debit Card,
P006313,O006313,,Failed
P006314,O006314,UPI,Failed
P006315,O006315,UPI,Completed
P006316,O006316,Credit Card,
P006317,O006317,UPI,Failed
P006318,O006318,UPI,
P006319,O006319,UPI,Failed
P006320,O006320,Credit Card,
P006321,O006321,Debit Card,
P006322,O006322,Debit Card,Completed
P006323,O006323,Cash,Completed
P006324,O006324,,
P006325,O006325,Cash,Completed
P006326,O006326,Credit Card,Completed
P006327,O006327,Credit Card,completed
P006328,O006328,Debit Card,Completed
P006329,O006329,UPI,Completed
P006330,O006330,Cash,Completed
P006331,O006331,Credit Card,Completed
P006332,O006332,,Completed
P006333,O006333,Cash,completed
P006334,O006334,,
P006335,O006335,,Completed
P006336,O006336,Debit Card,completed
P006337,O006337,Debit Card,completed
P006338,O006338,,
P006339,O006339,Cash,completed
P006340,O006340,Debit Card,
P006341,O006341,Cash,
P006342,O006342,Debit Card,Failed
P006343,O006343,UPI,
P006344,O006344,Credit Card,
P006345,O006345,UPI,
P006346,O006346,UPI,
P006347,O006347,Credit Card,completed
P006348,O006348,Debit Card,Completed
P006349,O006349,Debit Card,Completed
P006350,O006350,UPI,Failed
P006351,O006351,Debit Card,Completed
P006352,O006352,,completed
P006353,O006353,,completed
P006354,O006354,Debit Card,completed
P006355,O006355,,
P006356,O006356,Credit Card,completed
P006357,O006357,UPI,Failed
P006358,O006358,Debit Card,completed
P006359,O006359,UPI,
P006360,O006360,Credit Card,Completed
P006361,O006361,UPI,
P006362,O006362,Debit Card,
P006363,O006363,Credit Card,Completed
P006364,O006364,Credit Card,completed
P006365,O006365,,Failed
P006366,O006366,Debit Card,Failed
P006367,O006367,Credit Card,completed
P006368,O006368,Credit Card,completed
P006369,O006369,UPI,completed
P006370,O006370,,Completed
P006371,O006371,UPI,Completed
P006372,O006372,Credit Card,Failed
P006373,O006373,Credit Card,
P006374,O006374,UPI,Completed
P006375,O006375,UPI,Failed
P006376,O006376,Credit Card,Failed
P006377,O006377,Credit Card,Failed
P006378,O006378,,Completed
P006379,O006379,Credit Card,Completed
P006380,O006380,Credit Card,Failed
P006381,O006381,Debit Card,
P006382,O006382,Cash,Failed
P006383,O006383,Cash,
P006384,O006384,Credit Card,completed
P006385,O006385,,Failed
P006386,O006386,Debit Card,Failed
P006387,O006387,Credit Card,completed
P006388,O006388,Debit Card,Failed
P006389,O006389,UPI,Completed
P006390,O006390,,Completed
P006391,O006391,Cash,Failed
P006392,O006392,Debit Card,completed
P006393,O006393,Credit Card,completed
P006394,O006394,UPI,Completed
P006395,O006395,,Completed
P006396,O006396,Debit Card,completed
P006397,O006397,UPI,
P006398,O006398,Debit Card,
P006399,O006399,Debit Card,Failed
P006400,O006400,Debit Card,Failed
P006401,O006401,,
P006402,O006402,,
P006403,O006403,Cash,Failed
P006404,O006404,Debit Card,Failed
P006405,O006405,UPI,
P006406,O006406,Credit Card,completed
P006407,O006407,Debit Card,completed
P006408,O006408,Cash,completed
P006409,O006409,,Failed
P006410,O006410,Cash,Failed
P006411,O006411,Cash,
P006412,O006412,Debit Card,
P006413,O006413,Debit Card,Completed
P006414,O006414,UPI,completed
P006415,O006415,UPI,completed
P006416,O006416,Cash,Failed
P006417,O006417,UPI,Failed
P006418,O006418,UPI,Failed
P006419,O006419,Credit Card,Failed
P006420,O006420,UPI,completed
P006421,O006421,Cash,
P006422,O006422,Debit Card,Failed
P006423,O006423,,Completed
P006424,O006424,Debit Card,Failed
P006425,O006425,Cash,Completed
P006426,O006426,,
P006427,O006427,Credit Card,Completed
P006428,O006428,Cash,
P006429,O006429,Cash,Failed
P006430,O006430,Cash,Failed
P006431,O006431,Debit Card,Completed
P006432,O006432,,
P006433,O006433,Credit Card,Failed
P006434,O006434,UPI,Completed
P006435,O006435,,Completed
P006436,O006436,Cash,
P006437,O006437,Cash,Failed
P006438,O006438,Cash,
P006439,O006439,Cash,Completed
P006440,O006440,Credit Card,Completed
P006441,O006441,Debit Card,Completed
P006442,O006442,,
P006443,O006443,Credit Card,
P006444,O006444,Credit Card,completed
P006445,O006445,Credit Card,Failed
P006446,O006446,Credit Card,Failed
P006447,O006447,Credit Card,completed
P006448,O006448,Credit Card,Completed
P006449,O006449,Credit Card,completed
P006450,O006450,Debit Card,
P006451,O006451,Debit Card,Completed
P006452,O006452,Credit Card,Failed
P006453,O006453,Cash,Failed
P006454,O006454,UPI,Failed
P006455,O006455,Credit Card,
P006456,O006456,,Completed
P006457,O006457,,completed
P006458,O006458,Credit Card,
P006459,O006459,Debit Card,
P006460,O006460,,completed
P006461,O006461,Debit Card,completed
P006462,O006462,UPI,Completed
P006463,O006463,Cash,Failed
P006464,O006464,Debit Card,Failed
P006465,O006465,,
P006466,O006466,UPI,Failed
P006467,O006467,Cash,Failed
P006468,O006468,Debit Card,completed
P006469,O006469,Cash,Failed
P006470,O006470,UPI,Failed
P006471,O006471,UPI,Failed
P006472,O006472,Credit Card,Failed
P006473,O006473,Credit Card,Completed
P006474,O006474,Debit Card,
P006475,O006475,,Completed
P006476,O006476,Credit Card,completed
P006477,O006477,Debit Card,Failed
P006478,O006478,Cash,Completed
P006479,O006479,UPI,completed
P006480,O006480,Credit Card,Completed
P006481,O006481,Debit Card,
P006482,O006482,UPI,completed
P006483,O006483,Cash,
P006484,O006484,Credit Card,completed
P006485,O006485,Credit Card,Failed
P006486,O006486,Cash,completed
P006487,O006487,,Failed
P006488,O006488,Debit Card,Failed
P006489,O006489,Cash,Failed
P006490,O006490,UPI,completed
P006491,O006491,UPI,
P006492,O006492,,completed
P006493,O006493,Cash,completed
P006494,O006494,Debit Card,Failed
P006495,O006495,Cash,completed
P006496,O006496,,Completed
P006497,O006497,Credit Card,Failed
P006498,O006498,Cash,
P006499,O006499,,Completed
P006500,O006500,,completed
P006501,O006501,Credit Card,
P006502,O006502,,Completed
P006503,O006503,Debit Card,
P006504,O006504,,Completed
P006505,O006505,Credit Card,Completed
P006506,O006506,Cash,
P006507,O006507,,
P006508,O006508,,Failed
P006509,O006509,Debit Card,completed
P006510,O006510,Credit Card,Failed
P006511,O006511,Credit Card,
P006512,O006512,Credit Card,
P006513,O006513,Credit Card,completed
P006514,O006514,Credit Card,
P006515,O006515,UPI,Failed
P006516,O006516,Cash,Completed
P006517,O006517,,Completed
P006518,O006518,,Failed
P006519,O006519,,Completed
P006520,O006520,Debit Card,Completed
P006521,O006521,Credit Card,completed
P006522,O006522,Cash,
P006523,O006523,,completed
P006524,O006524,Credit Card,Failed
P006525,O006525,Credit Card,completed
P006526,O006526,Credit Card,Failed
P006527,O006527,Debit Card,Failed
P006528,O006528,Cash,completed
P006529,O006529,,Failed
P006530,O006530,UPI,Completed
P006531,O006531,Debit Card,Completed
P006532,O006532,Debit Card,Completed
P006533,O006533,UPI,Failed
P006534,O006534,Debit Card,completed
P006535,O006535,,Failed
P006536,O006536,Cash,Completed
P006537,O006537,Cash,
P006538,O006538,,Completed
P006539,O006539,,Completed
P006540,O006540,Cash,completed
P006541,O006541,,Completed
P006542,O006542,Debit Card,Failed
P006543,O006543,Cash,Completed
P006544,O006544,UPI,
P006545,O006545,UPI,completed
P006546,O006546,,Failed
P006547,O006547,UPI,Completed
P006548,O006548,UPI,completed
P006549,O006549,Cash,completed
P006550,O006550,Debit Card,
P006551,O006551,Credit Card,Completed
P006552,O006552,UPI,completed
P006553,O006553,,Completed
P006554,O006554,Credit Card,Failed
P006555,O006555,UPI,Failed
P006556,O006556,Debit Card,completed
P006557,O006557,UPI,Failed
P006558,O006558,,
P006559,O006559,Debit Card,Completed
P006560,O006560,,Failed
P006561,O006561,,Failed
P006562,O006562,,Completed
P006563,O006563,,
P006564,O006564,,Completed
P006565,O006565,Debit Card,completed
P006566,O006566,Cash,Completed
P006567,O006567,Debit Card,
P006568,O006568,Cash,Completed
P006569,O006569,Debit Card,
P006570,O006570,,
P006571,O006571,Debit Card,Failed
P006572,O006572,Debit Card,Completed
P006573,O006573,Cash,
P006574,O006574,Debit Card,Completed
P006575,O006575,Debit Card,Failed
P006576,O006576,UPI,completed
P006577,O006577,,Completed
P006578,O006578,,
P006579,O006579,UPI,
P006580,O006580,Debit Card,Failed
P006581,O006581,Credit Card,completed
P006582,O006582,Debit Card,
P006583,O006583,,completed
P006584,O006584,Debit Card,
P006585,O006585,Credit Card,
P006586,O006586,UPI,completed
P006587,O006587,,
P006588,O006588,Credit Card,completed
P006589,O006589,Credit Card,Failed
P006590,O006590,Credit Card,completed
P006591,O006591,Cash,Failed
P006592,O006592,UPI,completed
P006593,O006593,,Failed
P006594,O006594,UPI,completed
P006595,O006595,Cash,Failed
P006596,O006596,,Completed
P006597,O006597,Debit Card,
P006598,O006598,UPI,Completed
P006599,O006599,Cash,Failed
P006600,O006600,Debit Card,completed
P006601,O006601,Cash,Completed
P006602,O006602,,Completed
P006603,O006603,UPI,Failed
P006604,O006604,Cash,Failed
P006605,O006605,,Failed
P006606,O006606,Cash,Failed
P006607,O006607,Credit Card,Failed
P006608,O006608,UPI,Completed
P006609,O006609,Credit Card,Failed
P006610,O006610,Cash,completed
P006611,O006611,Debit Card,Failed
P006612,O006612,,
P006613,O006613,Debit Card,
P006614,O006614,Debit Card,
P006615,O006615,Credit Card,completed
P006616,O006616,,Completed
P006617,O006617,Cash,
P006618,O006618,Cash,Completed
P006619,O006619,Cash,
P006620,O006620,Cash,Failed
P006621,O006621,Credit Card,Completed
P006622,O006622,,Completed
P006623,O006623,Cash,completed
P006624,O006624,UPI,Completed
P006625,O006625,Cash,Failed
P006626,O006626,Credit Card,Completed
P006627,O006627,UPI,
P006628,O006628,Debit Card,Completed
P006629,O006629,Credit Card,completed
P006630,O006630,Cash,completed
P006631,O006631,,
P006632,O006632,,Failed
P006633,O006633,UPI,Completed
P006634,O006634,Credit Card,Completed
P006635,O006635,UPI,completed
P006636,O006636,UPI,Completed
P006637,O006637,,
P006638,O006638,Credit Card,
P006639,O006639,,completed
P006640,O006640,Credit Card,
P006641,O006641,,
P006642,O006642,Credit Card,
P006643,O006643,Debit Card,Failed
P006644,O006644,,completed
P006645,O006645,Debit Card,
P006646,O006646,UPI,
P006647,O006647,,
P006648,O006648,UPI,
P006649,O006649,,Failed
P006650,O006650,UPI,Completed
P006651,O006651,Cash,Completed
P006652,O006652,Credit Card,completed
P006653,O006653,UPI,Failed
P006654,O006654,Credit Card,completed
P006655,O006655,UPI,Completed
P006656,O006656,,completed
P006657,O006657,Credit Card,Completed
P006658,O006658,Credit Card,completed
P006659,O006659,Debit Card,Failed
P006660,O006660,Credit Card,Failed
P006661,O006661,Credit Card,
P006662,O006662,Credit Card,Failed
P006663,O006663,UPI,completed
P006664,O006664,Cash,Completed
P006665,O006665,Credit Card,completed
P006666,O006666,Cash,Completed
P006667,O006667,Credit Card,
P006668,O006668,,
P006669,O006669,Cash,Failed
P006670,O006670,Debit Card,
P006671,O006671,Credit Card,
P006672,O006672,,Failed
P006673,O006673,Cash,completed
P006674,O006674,,Completed
P006675,O006675,Debit Card,Completed
P006676,O006676,Debit Card,Completed
P006677,O006677,Debit Card,completed
P006678,O006678,Debit Card,
P006679,O006679,,Completed
P006680,O006680,Cash,
P006681,O006681,Debit Card,
P006682,O006682,,
P006683,O006683,,
P006684,O006684,Cash,completed
P006685,O006685,,Failed
P006686,O006686,UPI,Failed
P006687,O006687,Cash,Failed
P006688,O006688,,
P006689,O006689,Credit Card,
P006690,O006690,Credit Card,Failed
P006691,O006691,Debit Card,
P006692,O006692,Cash,
P006693,O006693,,completed
P006694,O006694,,completed
P006695,O006695,UPI,completed
P006696,O006696,UPI,Failed
P006697,O006697,Debit Card,Failed
P006698,O006698,Cash,Completed
P006699,O006699,Debit Card,completed
P006700,O006700,UPI,Completed
P006701,O006701,UPI,Failed
P006702,O006702,Cash,Completed
P006703,O006703,Debit Card,
P006704,O006704,UPI,
P006705,O006705,,Failed
P006706,O006706,Credit Card,
P006707,O006707,UPI,
P006708,O006708,Debit Card,Completed
P006709,O006709,UPI,
P006710,O006710,,completed
P006711,O006711,Credit Card,Failed
P006712,O006712,Credit Card,completed
P006713,O006713,,completed
P006714,O006714,Debit Card,Completed
P006715,O006715,,
P006716,O006716,,Failed
P006717,O006717,Cash,Completed
P006718,O006718,Cash,
P006719,O006719,Cash,completed
P006720,O006720,Credit Card,Failed
P006721,O006721,Credit Card,Completed
P006722,O006722,UPI,completed
P006723,O006723,Cash,completed
P006724,O006724,Debit Card,Completed
P006725,O006725,Debit Card,completed
P006726,O006726,Cash,
P006727,O006727,Credit Card,completed
P006728,O006728,,Completed
P006729,O006729,Credit Card,
P006730,O006730,UPI,Completed
P006731,O006731,Cash,
P006732,O006732,Credit Card,completed
P006733,O006733,,Completed
P006734,O006734,UPI,completed
P006735,O006735,Credit Card,
P006736,O006736,Cash,Failed
P006737,O006737,,
P006738,O006738,Credit Card,completed
P006739,O006739,Cash,Completed
P006740,O006740,Cash,
P006741,O006741,Credit Card,Completed
P006742,O006742,Credit Card,completed
P006743,O006743,Credit Card,completed
P006744,O006744,,completed
P006745,O006745,Credit Card,
P006746,O006746,Debit Card,Failed
P006747,O006747,Credit Card,Completed
P006748,O006748,UPI,Failed
P006749,O006749,Debit Card,Completed
P006750,O006750,UPI,Failed
P006751,O006751,UPI,
P006752,O006752,Cash,
P006753,O006753,,completed
P006754,O006754,Debit Card,Failed
P006755,O006755,Debit Card,
P006756,O006756,Cash,completed
P006757,O006757,UPI,Completed
P006758,O006758,,completed
P006759,O006759,,Completed
P006760,O006760,Cash,Completed
P006761,O006761,Credit Card,completed
P006762,O006762,,
P006763,O006763,Credit Card,Completed
P006764,O006764,Cash,Completed
P006765,O006765,UPI,Completed
P006766,O006766,Credit Card,Failed
P006767,O006767,Debit Card,Failed
P006768,O006768,Credit Card,Completed
P006769,O006769,UPI,Failed
P006770,O006770,Credit Card,Failed
P006771,O006771,Cash,
P006772,O006772,Credit Card,completed
P006773,O006773,Debit Card,completed
P006774,O006774,Credit Card,
P006775,O006775,Cash,Completed
P006776,O006776,Credit Card,completed
P006777,O006777,,Completed
P006778,O006778,UPI,Completed
P006779,O006779,Debit Card,
P006780,O006780,UPI,completed
P006781,O006781,Debit Card,
P006782,O006782,UPI,completed
P006783,O006783,Debit Card,
P006784,O006784,Credit Card,completed
P006785,O006785,UPI,Completed
P006786,O006786,Debit Card,Completed
P006787,O006787,Credit Card,
P006788,O006788,Debit Card,Failed
P006789,O006789,Debit Card,Completed
P006790,O006790,Cash,completed
P006791,O006791,Cash,Completed
P006792,O006792,UPI,completed
P006793,O006793,Credit Card,completed
P006794,O006794,,
P006795,O006795,Debit Card,Completed
P006796,O006796,UPI,
P006797,O006797,Cash,completed
P006798,O006798,Credit Card,
P006799,O006799,Cash,Completed
P006800,O006800,Debit Card,
P006801,O006801,Cash,completed
P006802,O006802,Cash,Completed
P006803,O006803,Credit Card,
P006804,O006804,UPI,Failed
P006805,O006805,Debit Card,Completed
P006806,O006806,Debit Card,completed
P006807,O006807,Credit Card,
P006808,O006808,UPI,completed
P006809,O006809,Credit Card,
P006810,O006810,Credit Card,
P006811,O006811,Cash,Completed
P006812,O006812,UPI,
P006813,O006813,Debit Card,completed
P006814,O006814,,Failed
P006815,O006815,Debit Card,
P006816,O006816,Credit Card,Completed
P006817,O006817,,Failed
P006818,O006818,Credit Card,Failed
P006819,O006819,,Completed
P006820,O006820,Cash,Failed
P006821,O006821,Credit Card,
P006822,O006822,,completed
P006823,O006823,Debit Card,
P006824,O006824,Cash,
P006825,O006825,Credit Card,Failed
P006826,O006826,UPI,completed
P006827,O006827,Cash,Failed
P006828,O006828,,Completed
P006829,O006829,UPI,
P006830,O006830,UPI,completed
P006831,O006831,UPI,Failed
P006832,O006832,,completed
P006833,O006833,Cash,Completed
P006834,O006834,UPI,
P006835,O006835,UPI,completed
P006836,O006836,,completed
P006837,O006837,Credit Card,completed
P006838,O006838,Credit Card,Failed
P006839,O006839,Cash,Failed
P006840,O006840,UPI,completed
P006841,O006841,Debit Card,Completed
P006842,O006842,Credit Card,completed
P006843,O006843,UPI,
P006844,O006844,Cash,
P006845,O006845,Debit Card,
P006846,O006846,Credit Card,completed
P006847,O006847,Credit Card,Failed
P006848,O006848,UPI,completed
P006849,O006849,UPI,completed
P006850,O006850,Debit Card,
P006851,O006851,,Completed
P006852,O006852,Cash,Completed
P006853,O006853,UPI,
P006854,O006854,UPI,completed
P006855,O006855,Credit Card,completed
P006856,O006856,Debit Card,
P006857,O006857,,Completed
P006858,O006858,,Completed
P006859,O006859,Cash,
P006860,O006860,Cash,completed
P006861,O006861,UPI,completed
P006862,O006862,Debit Card,completed
P006863,O006863,Credit Card,Failed
P006864,O006864,Cash,Completed
P006865,O006865,,Completed
P006866,O006866,UPI,Failed
P006867,O006867,UPI,Completed
P006868,O006868,Credit Card,
P006869,O006869,Debit Card,Failed
P006870,O006870,,Completed
P006871,O006871,UPI,completed
P006872,O006872,UPI,
P006873,O006873,Cash,Failed
P006874,O006874,,Failed
P006875,O006875,Credit Card,completed
P006876,O006876,UPI,Failed
P006877,O006877,,Completed
P006878,O006878,Debit Card,Failed
P006879,O006879,,completed
P006880,O006880,Debit Card,Failed
P006881,O006881,Debit Card,
P006882,O006882,Credit Card,
P006883,O006883,UPI,Completed
P006884,O006884,Debit Card,completed
P006885,O006885,Credit Card,Failed
P006886,O006886,,Failed
P006887,O006887,UPI,
P006888,O006888,UPI,completed
P006889,O006889,Credit Card,completed
P006890,O006890,Credit Card,
P006891,O006891,Cash,Completed
P006892,O006892,,Failed
P006893,O006893,Cash,
P006894,O006894,Cash,completed
P006895,O006895,UPI,Completed
P006896,O006896,Cash,
P006897,O006897,,completed
P006898,O006898,Credit Card,Failed
P006899,O006899,UPI,Failed
P006900,O006900,UPI,Completed
P006901,O006901,Cash,Completed
P006902,O006902,,completed
P006903,O006903,Credit Card,Failed
P006904,O006904,,Failed
P006905,O006905,Debit Card,Failed
P006906,O006906,,Completed
P006907,O006907,Debit Card,Completed
P006908,O006908,UPI,Failed
P006909,O006909,,Failed
P006910,O006910,,completed
P006911,O006911,,Completed
P006912,O006912,Cash,completed
P006913,O006913,UPI,Completed
P006914,O006914,,completed
P006915,O006915,Credit Card,completed
P006916,O006916,UPI,completed
P006917,O006917,,Failed
P006918,O006918,Credit Card,
P006919,O006919,Cash,
P006920,O006920,Credit Card,
P006921,O006921,UPI,
P006922,O006922,UPI,
P006923,O006923,Debit Card,completed
P006924,O006924,Debit Card,Completed
P006925,O006925,Debit Card,completed
P006926,O006926,Cash,Failed
P006927,O006927,UPI,
P006928,O006928,Cash,Failed
P006929,O006929,UPI,Failed
P006930,O006930,Debit Card,Failed
P006931,O006931,Debit Card,completed
P006932,O006932,Credit Card,
P006933,O006933,Debit Card,completed
P006934,O006934,Debit Card,Completed
P006935,O006935,,Completed
P006936,O006936,UPI,
P006937,O006937,Debit Card,completed
P006938,O006938,,Completed
P006939,O006939,,Completed
P006940,O006940,,
P006941,O006941,Debit Card,Completed
P006942,O006942,Cash,
P006943,O006943,Cash,Completed
P006944,O006944,UPI,Failed
P006945,O006945,Cash,Completed
P006946,O006946,Debit Card,completed
P006947,O006947,UPI,completed
P006948,O006948,UPI,
P006949,O006949,UPI,Completed
P006950,O006950,Credit Card,
P006951,O006951,Debit Card,Failed
P006952,O006952,Debit Card,Failed
P006953,O006953,Cash,Failed
P006954,O006954,Cash,Completed
P006955,O006955,Debit Card,completed
P006956,O006956,Credit Card,Completed
P006957,O006957,,
P006958,O006958,Credit Card,completed
P006959,O006959,Credit Card,completed
P006960,O006960,Cash,Failed
P006961,O006961,Credit Card,
P006962,O006962,Cash,Completed
P006963,O006963,Cash,completed
P006964,O006964,UPI,completed
P006965,O006965,Credit Card,completed
P006966,O006966,Credit Card,completed
P006967,O006967,Credit Card,completed
P006968,O006968,Debit Card,Failed
P006969,O006969,,Failed
P006970,O006970,,completed
P006971,O006971,Debit Card,Completed
P006972,O006972,Credit Card,completed
P006973,O006973,Cash,Completed
P006974,O006974,Debit Card,
P006975,O006975,Cash,completed
P006976,O006976,Debit Card,Failed
P006977,O006977,Credit Card,
P006978,O006978,Credit Card,Failed
P006979,O006979,Debit Card,Completed
P006980,O006980,Credit Card,completed
P006981,O006981,UPI,completed
P006982,O006982,Debit Card,Failed
P006983,O006983,Credit Card,
P006984,O006984,Cash,
P006985,O006985,,
P006986,O006986,,Completed
P006987,O006987,Credit Card,completed
P006988,O006988,Cash,Completed
P006989,O006989,Cash,Failed
P006990,O006990,,completed
P006991,O006991,UPI,completed
P006992,O006992,UPI,
P006993,O006993,Debit Card,Completed
P006994,O006994,Debit Card,Failed
P006995,O006995,Cash,Failed
P006996,O006996,,Completed
P006997,O006997,Credit Card,
P006998,O006998,Debit Card,Failed
P006999,O006999,UPI,Failed
P007000,O007000,Cash,Completed
P007001,O007001,Debit Card,Completed
P007002,O007002,Cash,completed
P007003,O007003,Credit Card,Failed
P007004,O007004,Debit Card,Failed
P007005,O007005,,completed
P007006,O007006,Credit Card,
P007007,O007007,UPI,
P007008,O007008,Cash,Completed
P007009,O007009,Credit Card,Failed
P007010,O007010,Credit Card,
P007011,O007011,Credit Card,Completed
P007012,O007012,Cash,
P007013,O007013,,
P007014,O007014,Cash,Failed
P007015,O007015,Cash,
P007016,O007016,UPI,Completed
P007017,O007017,Cash,completed
P007018,O007018,Cash,Failed
P007019,O007019,,completed
P007020,O007020,Cash,Completed
P007021,O007021,Cash,
P007022,O007022,Cash,Failed
P007023,O007023,Cash,
P007024,O007024,UPI,
P007025,O007025,UPI,completed
P007026,O007026,Cash,Completed
P007027,O007027,Cash,completed
P007028,O007028,UPI,
P007029,O007029,UPI,
P007030,O007030,Cash,Completed
P007031,O007031,Cash,
P007032,O007032,,completed
P007033,O007033,UPI,Completed
P007034,O007034,UPI,Completed
P007035,O007035,UPI,Failed
P007036,O007036,Debit Card,completed
P007037,O007037,Credit Card,
P007038,O007038,UPI,Failed
P007039,O007039,Debit Card,completed
P007040,O007040,Credit Card,Failed
P007041,O007041,Credit Card,completed
P007042,O007042,UPI,Completed
P007043,O007043,Credit Card,Failed
P007044,O007044,Debit Card,
P007045,O007045,UPI,completed
P007046,O007046,Cash,completed
P007047,O007047,Cash,Failed
P007048,O007048,Cash,Completed
P007049,O007049,Debit Card,completed
P007050,O007050,Debit Card,completed
P007051,O007051,Credit Card,Completed
P007052,O007052,Debit Card,Completed
P007053,O007053,UPI,
P007054,O007054,,Failed
P007055,O007055,Cash,Completed
P007056,O007056,Credit Card,Failed
P007057,O007057,Credit Card,Completed
P007058,O007058,Cash,
P007059,O007059,Cash,
P007060,O007060,UPI,completed
P007061,O007061,Credit Card,Completed
P007062,O007062,Cash,Completed
P007063,O007063,Debit Card,Completed
P007064,O007064,Credit Card,
P007065,O007065,Debit Card,
P007066,O007066,Cash,Completed
P007067,O007067,UPI,Completed
P007068,O007068,Credit Card,Failed
P007069,O007069,Credit Card,Failed
P007070,O007070,Cash,
P007071,O007071,Debit Card,Failed
P007072,O007072,,completed
P007073,O007073,Cash,Failed
P007074,O007074,Debit Card,completed
P007075,O007075,Debit Card,completed
P007076,O007076,,
P007077,O007077,Credit Card,completed
P007078,O007078,UPI,Failed
P007079,O007079,,Completed
P007080,O007080,Cash,Failed
P007081,O007081,Debit Card,Failed
P007082,O007082,,Failed
P007083,O007083,Debit Card,
P007084,O007084,Credit Card,Failed
P007085,O007085,Debit Card,Failed
P007086,O007086,UPI,
P007087,O007087,Cash,Failed
P007088,O007088,Credit Card,
P007089,O007089,Debit Card,Completed
P007090,O007090,UPI,Failed
P007091,O007091,UPI,Completed
P007092,O007092,Cash,completed
P007093,O007093,Credit Card,completed
P007094,O007094,Cash,Completed
P007095,O007095,Cash,
P007096,O007096,UPI,Completed
P007097,O007097,,completed
P007098,O007098,Debit Card,Failed
P007099,O007099,Credit Card,Failed
P007100,O007100,,Completed
P007101,O007101,Cash,completed
P007102,O007102,Credit Card,Failed
P007103,O007103,Cash,Completed
P007104,O007104,Credit Card,completed
P007105,O007105,Credit Card,
P007106,O007106,Debit Card,
P007107,O007107,UPI,
P007108,O007108,Debit Card,completed
P007109,O007109,Debit Card,Completed
P007110,O007110,,Completed
P007111,O007111,Debit Card,completed
P007112,O007112,Credit Card,Failed
P007113,O007113,Cash,completed
P007114,O007114,,Failed
P007115,O007115,Credit Card,completed
P007116,O007116,Cash,
P007117,O007117,Cash,Failed
P007118,O007118,,completed
P007119,O007119,Debit Card,Completed
P007120,O007120,,completed
P007121,O007121,,Completed
P007122,O007122,,Failed
P007123,O007123,Cash,Failed
P007124,O007124,Debit Card,
P007125,O007125,UPI,completed
P007126,O007126,Cash,Completed
P007127,O007127,,Completed
P007128,O007128,Cash,
P007129,O007129,Credit Card,Failed
P007130,O007130,Debit Card,completed
P007131,O007131,UPI,Completed
P007132,O007132,Debit Card,Completed
P007133,O007133,Credit Card,completed
P007134,O007134,UPI,Completed
P007135,O007135,Cash,
P007136,O007136,UPI,Failed
P007137,O007137,,Failed
P007138,O007138,Credit Card,
P007139,O007139,,completed
P007140,O007140,Credit Card,Completed
P007141,O007141,Cash,
P007142,O007142,Cash,Failed
P007143,O007143,,
P007144,O007144,Credit Card,
P007145,O007145,Credit Card,Completed
P007146,O007146,Cash,Failed
P007147,O007147,Debit Card,Failed
P007148,O007148,,Failed
P007149,O007149,,Completed
P007150,O007150,Credit Card,Failed
P007151,O007151,UPI,completed
P007152,O007152,Cash,completed
P007153,O007153,Cash,Completed
P007154,O007154,Debit Card,Failed
P007155,O007155,UPI,completed
P007156,O007156,UPI,completed
P007157,O007157,UPI,Failed
P007158,O007158,Debit Card,Completed
P007159,O007159,Cash,
P007160,O007160,UPI,Completed
P007161,O007161,Cash,
P007162,O007162,Cash,Completed
P007163,O007163,Debit Card,
P007164,O007164,Cash,Completed
P007165,O007165,Credit Card,Failed
P007166,O007166,Cash,
P007167,O007167,Credit Card,Completed
P007168,O007168,UPI,Failed
P007169,O007169,Credit Card,Failed
P007170,O007170,UPI,Failed
P007171,O007171,Credit Card,Completed
P007172,O007172,Credit Card,Completed
P007173,O007173,UPI,
P007174,O007174,Debit Card,
P007175,O007175,Cash,Failed
P007176,O007176,Credit Card,
P007177,O007177,,Failed
P007178,O007178,Debit Card,Failed
P007179,O007179,Cash,Failed
P007180,O007180,Debit Card,Failed
P007181,O007181,Debit Card,completed
P007182,O007182,UPI,Failed
P007183,O007183,,Failed
P007184,O007184,Cash,completed
P007185,O007185,Debit Card,completed
P007186,O007186,UPI,
P007187,O007187,Cash,
P007188,O007188,UPI,Failed
P007189,O007189,Cash,Failed
P007190,O007190,Debit Card,Completed
P007191,O007191,Credit Card,completed
P007192,O007192,,Failed
P007193,O007193,Credit Card,completed
P007194,O007194,Credit Card,Failed
P007195,O007195,Debit Card,
P007196,O007196,UPI,Completed
P007197,O007197,,completed
P007198,O007198,Credit Card,Completed
P007199,O007199,UPI,Failed
P007200,O007200,,completed
P007201,O007201,Debit Card,
P007202,O007202,,Completed
P007203,O007203,Cash,Failed
P007204,O007204,Debit Card,
P007205,O007205,Credit Card,Completed
P007206,O007206,Cash,
P007207,O007207,UPI,
P007208,O007208,Credit Card,Completed
P007209,O007209,Cash,
P007210,O007210,Debit Card,Failed
P007211,O007211,Cash,Failed
P007212,O007212,Cash,
P007213,O007213,Credit Card,completed
P007214,O007214,Cash,Completed
P007215,O007215,,completed
P007216,O007216,Credit Card,Failed
P007217,O007217,,Failed
P007218,O007218,Cash,Completed
P007219,O007219,,Failed
P007220,O007220,Debit Card,Completed
P007221,O007221,Debit Card,completed
P007222,O007222,Cash,Completed
P007223,O007223,,Failed
P007224,O007224,Cash,completed
P007225,O007225,Debit Card,completed
P007226,O007226,,Completed
P007227,O007227,Debit Card,completed
P007228,O007228,,
P007229,O007229,Credit Card,Completed
P007230,O007230,Cash,completed
P007231,O007231,,Failed
P007232,O007232,,
P007233,O007233,Credit Card,
P007234,O007234,UPI,
P007235,O007235,Credit Card,Failed
P007236,O007236,,
P007237,O007237,UPI,
P007238,O007238,Debit Card,
P007239,O007239,Cash,Failed
P007240,O007240,UPI,completed
P007241,O007241,Debit Card,Failed
P007242,O007242,,Failed
P007243,O007243,UPI,Failed
P007244,O007244,Credit Card,completed
P007245,O007245,Cash,completed
P007246,O007246,Credit Card,Failed
P007247,O007247,Credit Card,Failed
P007248,O007248,Cash,Failed
P007249,O007249,Credit Card,completed
P007250,O007250,,Failed
P007251,O007251,Credit Card,Completed
P007252,O007252,,
P007253,O007253,Credit Card,Failed
P007254,O007254,,Completed
P007255,O007255,UPI,completed
P007256,O007256,,completed
P007257,O007257,Cash,Completed
P007258,O007258,Credit Card,completed
P007259,O007259,UPI,Completed
P007260,O007260,Credit Card,
P007261,O007261,,Completed
P007262,O007262,Credit Card,Failed
P007263,O007263,Debit Card,Failed
P007264,O007264,UPI,
P007265,O007265,Debit Card,completed
P007266,O007266,Credit Card,Failed
P007267,O007267,,completed
P007268,O007268,UPI,
P007269,O007269,UPI,completed
P007270,O007270,,
P007271,O007271,UPI,completed
P007272,O007272,,completed
P007273,O007273,Debit Card,Completed
P007274,O007274,Credit Card,Completed
P007275,O007275,UPI,Failed
P007276,O007276,UPI,
P007277,O007277,UPI,
P007278,O007278,Debit Card,
P007279,O007279,,completed
P007280,O007280,,Completed
P007281,O007281,Debit Card,Completed
P007282,O007282,Credit Card,
P007283,O007283,Debit Card,Completed
P007284,O007284,UPI,completed
P007285,O007285,Credit Card,Completed
P007286,O007286,Cash,Failed
P007287,O007287,Credit Card,
P007288,O007288,Debit Card,
P007289,O007289,UPI,completed
P007290,O007290,Credit Card,Failed
P007291,O007291,,Completed
P007292,O007292,Credit Card,completed
P007293,O007293,Cash,Completed
P007294,O007294,Credit Card,Completed
P007295,O007295,Credit Card,Completed
P007296,O007296,Credit Card,
P007297,O007297,UPI,
P007298,O007298,Debit Card,Failed
P007299,O007299,UPI,completed
P007300,O007300,Credit Card,
P007301,O007301,,completed
P007302,O007302,,completed
P007303,O007303,,completed
P007304,O007304,Credit Card,Failed
P007305,O007305,Credit Card,completed
P007306,O007306,Cash,Failed
P007307,O007307,Cash,completed
P007308,O007308,Debit Card,
P007309,O007309,Credit Card,Failed
P007310,O007310,Credit Card,
P007311,O007311,,
P007312,O007312,Cash,Completed
P007313,O007313,UPI,Completed
P007314,O007314,Cash,
P007315,O007315,Debit Card,Failed
P007316,O007316,UPI,Failed
P007317,O007317,,Failed
P007318,O007318,Cash,Failed
P007319,O007319,Credit Card,
P007320,O007320,Debit Card,completed
P007321,O007321,Debit Card,completed
P007322,O007322,UPI,
P007323,O007323,UPI,Completed
P007324,O007324,Debit Card,Completed
P007325,O007325,Cash,completed
P007326,O007326,Credit Card,Failed
P007327,O007327,,Failed
P007328,O007328,Credit Card,Failed
P007329,O007329,Cash,
P007330,O007330,UPI,completed
P007331,O007331,,
P007332,O007332,Credit Card,completed
P007333,O007333,Credit Card,
P007334,O007334,,Completed
P007335,O007335,Debit Card,
P007336,O007336,,Completed
P007337,O007337,Credit Card,
P007338,O007338,,Completed
P007339,O007339,Credit Card,
P007340,O007340,Cash,completed
P007341,O007341,Debit Card,completed
P007342,O007342,,completed
P007343,O007343,Cash,Failed
P007344,O007344,Cash,
P007345,O007345,Debit Card,Completed
P007346,O007346,UPI,Completed
P007347,O007347,,Completed
P007348,O007348,Debit Card,Failed
P007349,O007349,Debit Card,completed
P007350,O007350,Credit Card,Completed
P007351,O007351,Debit Card,
P007352,O007352,Debit Card,
P007353,O007353,,Completed
P007354,O007354,Debit Card,Failed
P007355,O007355,Debit Card,Completed
P007356,O007356,UPI,Failed
P007357,O007357,Cash,
P007358,O007358,,Completed
P007359,O007359,UPI,Failed
P007360,O007360,,completed
P007361,O007361,Cash,Failed
P007362,O007362,Debit Card,completed
P007363,O007363,Debit Card,Completed
P007364,O007364,Credit Card,completed
P007365,O007365,Cash,Completed
P007366,O007366,Debit Card,Completed
P007367,O007367,,completed
P007368,O007368,,Completed
P007369,O007369,Credit Card,Completed
P007370,O007370,Debit Card,completed
P007371,O007371,,Completed
P007372,O007372,Cash,completed
P007373,O007373,Credit Card,completed
P007374,O007374,Debit Card,Completed
P007375,O007375,Debit Card,Failed
P007376,O007376,Credit Card,
P007377,O007377,UPI,
P007378,O007378,,
P007379,O007379,,completed
P007380,O007380,Credit Card,Completed
P007381,O007381,Debit Card,Completed
P007382,O007382,UPI,Failed
P007383,O007383,Cash,completed
P007384,O007384,Debit Card,Failed
P007385,O007385,,completed
P007386,O007386,Credit Card,Completed
P007387,O007387,UPI,completed
P007388,O007388,,Completed
P007389,O007389,,
P007390,O007390,Debit Card,Completed
P007391,O007391,Credit Card,Failed
P007392,O007392,UPI,
P007393,O007393,Debit Card,
P007394,O007394,Cash,Completed
P007395,O007395,,
P007396,O007396,Debit Card,
P007397,O007397,,Failed
P007398,O007398,Debit Card,
P007399,O007399,Credit Card,completed
P007400,O007400,UPI,completed
P007401,O007401,Credit Card,
P007402,O007402,,Completed
P007403,O007403,,Failed
P007404,O007404,Debit Card,Failed
P007405,O007405,Debit Card,
P007406,O007406,Debit Card,Completed
P007407,O007407,,Failed
P007408,O007408,UPI,completed
P007409,O007409,Cash,
P007410,O007410,Cash,
P007411,O007411,Cash,
P007412,O007412,Cash,Failed
P007413,O007413,Credit Card,
P007414,O007414,UPI,completed
P007415,O007415,Cash,Failed
P007416,O007416,UPI,completed
P007417,O007417,UPI,Completed
P007418,O007418,Cash,completed
P007419,O007419,Credit Card,
P007420,O007420,Debit Card,
P007421,O007421,Debit Card,completed
P007422,O007422,Credit Card,completed
P007423,O007423,,Completed
P007424,O007424,Cash,
P007425,O007425,,Completed
P007426,O007426,UPI,Failed
P007427,O007427,Debit Card,Completed
P007428,O007428,,completed
P007429,O007429,UPI,
P007430,O007430,UPI,
P007431,O007431,Credit Card,completed
P007432,O007432,UPI,
P007433,O007433,,Completed
P007434,O007434,UPI,
P007435,O007435,Cash,Failed
P007436,O007436,Credit Card,completed
P007437,O007437,Cash,completed
P007438,O007438,,completed
P007439,O007439,UPI,Failed
P007440,O007440,,
P007441,O007441,UPI,Completed
P007442,O007442,UPI,completed
P007443,O007443,UPI,completed
P007444,O007444,Credit Card,
P007445,O007445,,Completed
P007446,O007446,Credit Card,Failed
P007447,O007447,UPI,Completed
P007448,O007448,Credit Card,Completed
P007449,O007449,Credit Card,Failed
P007450,O007450,Debit Card,Completed
P007451,O007451,Credit Card,Failed
P007452,O007452,,Completed
P007453,O007453,Cash,
P007454,O007454,,Failed
P007455,O007455,,
P007456,O007456,Cash,Completed
P007457,O007457,Credit Card,Completed
P007458,O007458,Cash,Completed
P007459,O007459,Cash,
P007460,O007460,,
P007461,O007461,,Completed
P007462,O007462,Debit Card,Completed
P007463,O007463,UPI,Failed
P007464,O007464,Credit Card,completed
P007465,O007465,Cash,Failed
P007466,O007466,,completed
P007467,O007467,,completed
P007468,O007468,Credit Card,Completed
P007469,O007469,Debit Card,
P007470,O007470,,Completed
P007471,O007471,Cash,Completed
P007472,O007472,Credit Card,Failed
P007473,O007473,Cash,completed
P007474,O007474,UPI,Failed
P007475,O007475,,Completed
P007476,O007476,Credit Card,completed
P007477,O007477,,Failed
P007478,O007478,UPI,Failed
P007479,O007479,Credit Card,Failed
P007480,O007480,Cash,Completed
P007481,O007481,Cash,
P007482,O007482,UPI,
P007483,O007483,,Completed
P007484,O007484,Credit Card,completed
P007485,O007485,Cash,completed
P007486,O007486,Cash,completed
P007487,O007487,,Failed
P007488,O007488,UPI,completed
P007489,O007489,UPI,Completed
P007490,O007490,UPI,
P007491,O007491,Cash,Completed
P007492,O007492,Cash,
P007493,O007493,Cash,Completed
P007494,O007494,Cash,Failed
P007495,O007495,Cash,
P007496,O007496,Cash,
P007497,O007497,Debit Card,Failed
P007498,O007498,Credit Card,Failed
P007499,O007499,UPI,Completed
P007500,O007500,Credit Card,Completed
P007501,O007501,,Completed
P007502,O007502,UPI,completed
P007503,O007503,UPI,
P007504,O007504,Cash,completed
P007505,O007505,Cash,Completed
P007506,O007506,,Failed
P007507,O007507,Credit Card,
P007508,O007508,Credit Card,completed
P007509,O007509,Credit Card,completed
P007510,O007510,,Completed
P007511,O007511,Debit Card,Failed
P007512,O007512,Credit Card,Completed
P007513,O007513,UPI,Completed
P007514,O007514,UPI,Failed
P007515,O007515,Cash,Completed
P007516,O007516,Cash,completed
P007517,O007517,Credit Card,Failed
P007518,O007518,Credit Card,completed
P007519,O007519,Cash,Completed
P007520,O007520,UPI,Failed
P007521,O007521,,completed
P007522,O007522,,completed
P007523,O007523,,completed
P007524,O007524,Credit Card,Failed
P007525,O007525,,completed
P007526,O007526,Debit Card,
P007527,O007527,Credit Card,Failed
P007528,O007528,Debit Card,completed
P007529,O007529,Credit Card,
P007530,O007530,Credit Card,Failed
P007531,O007531,,completed
P007532,O007532,Credit Card,Failed
P007533,O007533,Debit Card,
P007534,O007534,UPI,
P007535,O007535,Debit Card,Completed
P007536,O007536,Cash,Failed
P007537,O007537,Credit Card,Failed
P007538,O007538,Debit Card,completed
P007539,O007539,,
P007540,O007540,Cash,completed
P007541,O007541,UPI,Completed
P007542,O007542,Debit Card,Completed
P007543,O007543,Debit Card,completed
P007544,O007544,Debit Card,Completed
P007545,O007545,Cash,Completed
P007546,O007546,,Completed
P007547,O007547,Cash,
P007548,O007548,,Failed
P007549,O007549,,Failed
P007550,O007550,UPI,Completed
P007551,O007551,Credit Card,Completed
P007552,O007552,Credit Card,completed
P007553,O007553,Debit Card,
P007554,O007554,Credit Card,Completed
P007555,O007555,Debit Card,Completed
P007556,O007556,Cash,Completed
P007557,O007557,Credit Card,Failed
P007558,O007558,UPI,completed
P007559,O007559,UPI,Completed
P007560,O007560,UPI,completed
P007561,O007561,Cash,
P007562,O007562,Debit Card,
P007563,O007563,Cash,Failed
P007564,O007564,Cash,completed
P007565,O007565,Cash,completed
P007566,O007566,,completed
P007567,O007567,Cash,Failed
P007568,O007568,Credit Card,completed
P007569,O007569,Debit Card,Completed
P007570,O007570,UPI,Completed
P007571,O007571,,
P007572,O007572,Debit Card,Completed
P007573,O007573,Debit Card,Failed
P007574,O007574,Cash,
P007575,O007575,UPI,completed
P007576,O007576,Debit Card,completed
P007577,O007577,Credit Card,Failed
P007578,O007578,UPI,
P007579,O007579,Credit Card,completed
P007580,O007580,,
P007581,O007581,Debit Card,Completed
P007582,O007582,,
P007583,O007583,Credit Card,completed
P007584,O007584,,completed
P007585,O007585,Credit Card,
P007586,O007586,Cash,completed
P007587,O007587,Cash,completed
P007588,O007588,,completed
P007589,O007589,Credit Card,
P007590,O007590,Debit Card,completed
P007591,O007591,UPI,Failed
P007592,O007592,,Completed
P007593,O007593,Debit Card,Failed
P007594,O007594,Credit Card,Failed
P007595,O007595,Credit Card,Completed
P007596,O007596,,Failed
P007597,O007597,Debit Card,Completed
P007598,O007598,,
P007599,O007599,Cash,Completed
P007600,O007600,Credit Card,Completed
P007601,O007601,Cash,
P007602,O007602,,Completed
P007603,O007603,Credit Card,completed
P007604,O007604,,Completed
P007605,O007605,UPI,Failed
P007606,O007606,Debit Card,Failed
P007607,O007607,Credit Card,completed
P007608,O007608,Credit Card,completed
P007609,O007609,Cash,completed
P007610,O007610,UPI,Failed
P007611,O007611,Cash,completed
P007612,O007612,Debit Card,
P007613,O007613,,Failed
P007614,O007614,UPI,completed
P007615,O007615,Cash,completed
P007616,O007616,,
P007617,O007617,Debit Card,
P007618,O007618,Debit Card,Completed
P007619,O007619,UPI,
P007620,O007620,UPI,Completed
P007621,O007621,Credit Card,
P007622,O007622,Debit Card,
P007623,O007623,Credit Card,Failed
P007624,O007624,,Completed
P007625,O007625,UPI,Completed
P007626,O007626,Credit Card,Completed
P007627,O007627,Debit Card,
P007628,O007628,,Completed
P007629,O007629,UPI,Completed
P007630,O007630,Debit Card,Completed
P007631,O007631,Cash,
P007632,O007632,,Completed
P007633,O007633,,Failed
P007634,O007634,Cash,Completed
P007635,O007635,UPI,Completed
P007636,O007636,Debit Card,completed
P007637,O007637,,
P007638,O007638,Credit Card,Failed
P007639,O007639,UPI,Failed
P007640,O007640,UPI,completed
P007641,O007641,Debit Card,Failed
P007642,O007642,Cash,Failed
P007643,O007643,,Failed
P007644,O007644,,Completed
P007645,O007645,Credit Card,Completed
P007646,O007646,Credit Card,Completed
P007647,O007647,Credit Card,completed
P007648,O007648,Credit Card,completed
P007649,O007649,Debit Card,Completed
P007650,O007650,Debit Card,
P007651,O007651,Credit Card,Completed
P007652,O007652,Credit Card,
P007653,O007653,Credit Card,Failed
P007654,O007654,,
P007655,O007655,Debit Card,completed
P007656,O007656,UPI,completed
P007657,O007657,Debit Card,Failed
P007658,O007658,Debit Card,completed
P007659,O007659,,
P007660,O007660,,Completed
P007661,O007661,Credit Card,Completed
P007662,O007662,Cash,completed
P007663,O007663,Debit Card,completed
P007664,O007664,Cash,
P007665,O007665,UPI,Completed
P007666,O007666,Credit Card,
P007667,O007667,Debit Card,completed
P007668,O007668,,completed
P007669,O007669,,Failed
P007670,O007670,Cash,completed
P007671,O007671,,Completed
P007672,O007672,Cash,completed
P007673,O007673,Credit Card,
P007674,O007674,Cash,completed
P007675,O007675,Debit Card,Completed
P007676,O007676,,Completed
P007677,O007677,,completed
P007678,O007678,Debit Card,
P007679,O007679,UPI,
P007680,O007680,Credit Card,completed
P007681,O007681,Cash,completed
P007682,O007682,Credit Card,
P007683,O007683,Debit Card,
P007684,O007684,Credit Card,
P007685,O007685,UPI,completed
P007686,O007686,Credit Card,completed
P007687,O007687,Cash,completed
P007688,O007688,Debit Card,Failed
P007689,O007689,UPI,
P007690,O007690,UPI,Completed
P007691,O007691,UPI,completed
P007692,O007692,,
P007693,O007693,Credit Card,
P007694,O007694,Cash,Completed
P007695,O007695,,Failed
P007696,O007696,Cash,Completed
P007697,O007697,Cash,Completed
P007698,O007698,Cash,
P007699,O007699,Cash,Completed
P007700,O007700,Credit Card,Failed
P007701,O007701,Credit Card,
P007702,O007702,Cash,completed
P007703,O007703,Cash,
P007704,O007704,UPI,Failed
P007705,O007705,,Failed
P007706,O007706,Credit Card,Failed
P007707,O007707,UPI,Completed
P007708,O007708,Debit Card,Failed
P007709,O007709,UPI,Failed
P007710,O007710,,
P007711,O007711,Debit Card,
P007712,O007712,Cash,
P007713,O007713,UPI,
P007714,O007714,,Completed
P007715,O007715,UPI,Completed
P007716,O007716,,Completed
P007717,O007717,UPI,Failed
P007718,O007718,,
P007719,O007719,Cash,Completed
P007720,O007720,,completed
P007721,O007721,Credit Card,completed
P007722,O007722,UPI,Completed
P007723,O007723,Debit Card,Failed
P007724,O007724,Debit Card,Failed
P007725,O007725,Debit Card,completed
P007726,O007726,,
P007727,O007727,Debit Card,Failed
P007728,O007728,,completed
P007729,O007729,Debit Card,
P007730,O007730,Debit Card,
P007731,O007731,Cash,Completed
P007732,O007732,Cash,completed
P007733,O007733,Cash,Failed
P007734,O007734,UPI,completed
P007735,O007735,,Failed
P007736,O007736,,completed
P007737,O007737,Cash,Completed
P007738,O007738,Cash,completed
P007739,O007739,Debit Card,Completed
P007740,O007740,Debit Card,Completed
P007741,O007741,Debit Card,Completed
P007742,O007742,UPI,Failed
P007743,O007743,Cash,Completed
P007744,O007744,Cash,Failed
P007745,O007745,Cash,
P007746,O007746,Debit Card,Completed
P007747,O007747,UPI,completed
P007748,O007748,Credit Card,completed
P007749,O007749,Credit Card,
P007750,O007750,Debit Card,Completed
P007751,O007751,Debit Card,
P007752,O007752,Cash,completed
P007753,O007753,,completed
P007754,O007754,Debit Card,Failed
P007755,O007755,Debit Card,Failed
P007756,O007756,Credit Card,
P007757,O007757,Debit Card,completed
P007758,O007758,,Completed
P007759,O007759,Cash,Completed
P007760,O007760,,Failed
P007761,O007761,UPI,completed
P007762,O007762,Debit Card,Failed
P007763,O007763,Debit Card,Completed
P007764,O007764,,Failed
P007765,O007765,UPI,completed
P007766,O007766,Cash,Completed
P007767,O007767,,completed
P007768,O007768,Credit Card,Completed
P007769,O007769,UPI,completed
P007770,O007770,Cash,completed
P007771,O007771,UPI,Failed
P007772,O007772,Credit Card,Completed
P007773,O007773,UPI,
P007774,O007774,,completed
P007775,O007775,,Completed
P007776,O007776,UPI,
P007777,O007777,Debit Card,Failed
P007778,O007778,UPI,
P007779,O007779,,
P007780,O007780,Cash,completed
P007781,O007781,UPI,Completed
P007782,O007782,Credit Card,Failed
P007783,O007783,Credit Card,
P007784,O007784,Cash,completed
P007785,O007785,Cash,Completed
P007786,O007786,Cash,Failed
P007787,O007787,Cash,
P007788,O007788,UPI,
P007789,O007789,Cash,
P007790,O007790,Cash,Failed
P007791,O007791,Debit Card,completed
P007792,O007792,Credit Card,completed
P007793,O007793,UPI,completed
P007794,O007794,,Completed
P007795,O007795,Debit Card,Failed
P007796,O007796,Debit Card,Failed
P007797,O007797,,
P007798,O007798,Debit Card,completed
P007799,O007799,UPI,
P007800,O007800,Credit Card,
P007801,O007801,Cash,Failed
P007802,O007802,Debit Card,completed
P007803,O007803,UPI,completed
P007804,O007804,Debit Card,Failed
P007805,O007805,UPI,Failed
P007806,O007806,Debit Card,Completed
P007807,O007807,UPI,
P007808,O007808,Cash,
P007809,O007809,UPI,completed
P007810,O007810,,Failed
P007811,O007811,Debit Card,completed
P007812,O007812,Cash,Failed
P007813,O007813,Debit Card,completed
P007814,O007814,UPI,completed
P007815,O007815,Debit Card,completed
P007816,O007816,Credit Card,completed
P007817,O007817,UPI,completed
P007818,O007818,UPI,Completed
P007819,O007819,Debit Card,
P007820,O007820,Cash,
P007821,O007821,,
P007822,O007822,Cash,Failed
P007823,O007823,,Failed
P007824,O007824,Credit Card,Completed
P007825,O007825,,Completed
P007826,O007826,Cash,Completed
P007827,O007827,,Completed
P007828,O007828,,completed
P007829,O007829,Credit Card,Completed
P007830,O007830,,Completed
P007831,O007831,Debit Card,Completed
P007832,O007832,Credit Card,Completed
P007833,O007833,Credit Card,
P007834,O007834,Debit Card,completed
P007835,O007835,Credit Card,Completed
P007836,O007836,Credit Card,Failed
P007837,O007837,Cash,
P007838,O007838,Cash,
P007839,O007839,UPI,Failed
P007840,O007840,UPI,completed
P007841,O007841,Credit Card,completed
P007842,O007842,Credit Card,
P007843,O007843,Debit Card,Failed
P007844,O007844,Debit Card,completed
P007845,O007845,Credit Card,
P007846,O007846,,Failed
P007847,O007847,Cash,completed
P007848,O007848,,completed
P007849,O007849,Cash,
P007850,O007850,Credit Card,Completed
P007851,O007851,Cash,
P007852,O007852,UPI,
P007853,O007853,Credit Card,
P007854,O007854,Credit Card,Failed
P007855,O007855,Credit Card,completed
P007856,O007856,Debit Card,Failed
P007857,O007857,Credit Card,completed
P007858,O007858,Credit Card,Failed
P007859,O007859,Credit Card,Completed
P007860,O007860,,Completed
P007861,O007861,Cash,Completed
P007862,O007862,UPI,
P007863,O007863,Credit Card,Failed
P007864,O007864,Cash,Failed
P007865,O007865,UPI,completed
P007866,O007866,Cash,Completed
P007867,O007867,Credit Card,Failed
P007868,O007868,Cash,Failed
P007869,O007869,Cash,Completed
P007870,O007870,Cash,
P007871,O007871,Credit Card,Failed
P007872,O007872,Debit Card,completed
P007873,O007873,Debit Card,Completed
P007874,O007874,Cash,
P007875,O007875,Credit Card,Completed
P007876,O007876,Cash,Completed
P007877,O007877,Debit Card,Completed
P007878,O007878,,Failed
P007879,O007879,,Completed
P007880,O007880,Cash,completed
P007881,O007881,Debit Card,
P007882,O007882,,
P007883,O007883,,Completed
P007884,O007884,Cash,Failed
P007885,O007885,Cash,completed
P007886,O007886,Debit Card,completed
P007887,O007887,UPI,completed
P007888,O007888,,
P007889,O007889,UPI,completed
P007890,O007890,,Completed
P007891,O007891,,
P007892,O007892,,Completed
P007893,O007893,Cash,completed
P007894,O007894,UPI,Failed
P007895,O007895,Credit Card,Failed
P007896,O007896,Cash,completed
P007897,O007897,,
P007898,O007898,UPI,
P007899,O007899,UPI,Failed
P007900,O007900,Debit Card,completed
P007901,O007901,Cash,completed
P007902,O007902,Credit Card,Completed
P007903,O007903,Debit Card,Completed
P007904,O007904,UPI,completed
P007905,O007905,Debit Card,
P007906,O007906,,Completed
P007907,O007907,Cash,
P007908,O007908,Credit Card,
P007909,O007909,Credit Card,Failed
P007910,O007910,UPI,Completed
P007911,O007911,Debit Card,
P007912,O007912,Credit Card,
P007913,O007913,Credit Card,completed
P007914,O007914,,completed
P007915,O007915,,completed
P007916,O007916,UPI,
P007917,O007917,Debit Card,
P007918,O007918,,
P007919,O007919,Debit Card,Failed
P007920,O007920,UPI,Completed
P007921,O007921,Cash,Completed
P007922,O007922,UPI,Completed
P007923,O007923,Cash,completed
P007924,O007924,,Failed
P007925,O007925,Credit Card,completed
P007926,O007926,UPI,
P007927,O007927,Debit Card,Completed
P007928,O007928,Debit Card,Failed
P007929,O007929,Cash,Completed
P007930,O007930,Debit Card,completed
P007931,O007931,,
P007932,O007932,Cash,completed
P007933,O007933,Credit Card,Failed
P007934,O007934,UPI,Failed
P007935,O007935,Cash,Failed
P007936,O007936,,
P007937,O007937,Cash,Completed
P007938,O007938,,Completed
P007939,O007939,Cash,Failed
P007940,O007940,Cash,completed
P007941,O007941,Credit Card,completed
P007942,O007942,Cash,Failed
P007943,O007943,,completed
P007944,O007944,Cash,completed
P007945,O007945,Debit Card,
P007946,O007946,Credit Card,completed
P007947,O007947,,Failed
P007948,O007948,UPI,Completed
P007949,O007949,Cash,
P007950,O007950,,Completed
P007951,O007951,Debit Card,
P007952,O007952,Cash,
P007953,O007953,Debit Card,
P007954,O007954,Cash,Completed
P007955,O007955,Cash,Failed
P007956,O007956,UPI,completed
P007957,O007957,UPI,Completed
P007958,O007958,Debit Card,completed
P007959,O007959,Credit Card,
P007960,O007960,Cash,
P007961,O007961,UPI,
P007962,O007962,Credit Card,completed
P007963,O007963,Debit Card,
P007964,O007964,,Failed
P007965,O007965,UPI,Failed
P007966,O007966,Cash,
P007967,O007967,UPI,Failed
P007968,O007968,Cash,Failed
P007969,O007969,UPI,Completed
P007970,O007970,Debit Card,completed
P007971,O007971,Debit Card,
P007972,O007972,Debit Card,Completed
P007973,O007973,Debit Card,completed
P007974,O007974,Debit Card,
P007975,O007975,Cash,Completed
P007976,O007976,Cash,completed
P007977,O007977,,
P007978,O007978,Debit Card,Failed
P007979,O007979,Credit Card,Failed
P007980,O007980,Cash,completed
P007981,O007981,Cash,Completed
P007982,O007982,,completed
P007983,O007983,Cash,
P007984,O007984,UPI,Failed
P007985,O007985,Cash,Failed
P007986,O007986,UPI,Failed
P007987,O007987,,
P007988,O007988,UPI,Completed
P007989,O007989,Credit Card,
P007990,O007990,Cash,completed
P007991,O007991,Credit Card,Completed
P007992,O007992,Debit Card,Failed
P007993,O007993,,Failed
P007994,O007994,,Completed
P007995,O007995,Cash,completed
P007996,O007996,Cash,Completed
P007997,O007997,,
P007998,O007998,Cash,
P007999,O007999,UPI,Failed
P008000,O008000,UPI,completed
P008001,O008001,UPI,
P008002,O008002,,completed
P008003,O008003,,completed
P008004,O008004,Credit Card,Failed
P008005,O008005,Debit Card,Failed
P008006,O008006,Cash,
P008007,O008007,,Failed
P008008,O008008,Credit Card,
P008009,O008009,Debit Card,Failed
P008010,O008010,UPI,Completed
P008011,O008011,Cash,
P008012,O008012,,completed
P008013,O008013,Credit Card,
P008014,O008014,UPI,Completed
P008015,O008015,Debit Card,Failed
P008016,O008016,Credit Card,Failed
P008017,O008017,Debit Card,completed
P008018,O008018,,
P008019,O008019,Credit Card,
P008020,O008020,Cash,
P008021,O008021,UPI,
P008022,O008022,Credit Card,completed
P008023,O008023,,Failed
P008024,O008024,,Failed
P008025,O008025,Debit Card,completed
P008026,O008026,Debit Card,Failed
P008027,O008027,Cash,
P008028,O008028,,Completed
P008029,O008029,,Completed
P008030,O008030,,completed
P008031,O008031,UPI,Completed
P008032,O008032,UPI,Failed
P008033,O008033,,
P008034,O008034,UPI,completed
P008035,O008035,,
P008036,O008036,Debit Card,Failed
P008037,O008037,Debit Card,Failed
P008038,O008038,UPI,completed
P008039,O008039,Debit Card,Failed
P008040,O008040,Debit Card,Completed
P008041,O008041,Cash,
P008042,O008042,Cash,
P008043,O008043,,Failed
P008044,O008044,Credit Card,Completed
P008045,O008045,Credit Card,
P008046,O008046,Cash,Failed
P008047,O008047,,completed
P008048,O008048,Cash,Failed
P008049,O008049,Debit Card,completed
P008050,O008050,,completed
P008051,O008051,,Failed
P008052,O008052,Credit Card,Completed
P008053,O008053,Credit Card,Failed
P008054,O008054,Credit Card,
P008055,O008055,UPI,Completed
P008056,O008056,Debit Card,Failed
P008057,O008057,Debit Card,Completed
P008058,O008058,Debit Card,completed
P008059,O008059,Debit Card,Completed
P008060,O008060,Debit Card,completed
P008061,O008061,Debit Card,completed
P008062,O008062,UPI,
P008063,O008063,,Failed
P008064,O008064,Credit Card,
P008065,O008065,Credit Card,
P008066,O008066,Credit Card,completed
P008067,O008067,Debit Card,
P008068,O008068,Credit Card,completed
P008069,O008069,UPI,Failed
P008070,O008070,Debit Card,Completed
P008071,O008071,Debit Card,Failed
P008072,O008072,UPI,Completed
P008073,O008073,,
P008074,O008074,UPI,
P008075,O008075,UPI,Completed
P008076,O008076,UPI,
P008077,O008077,,Failed
P008078,O008078,Credit Card,completed
P008079,O008079,UPI,Completed
P008080,O008080,Debit Card,completed
P008081,O008081,Credit Card,Completed
P008082,O008082,Credit Card,Failed
P008083,O008083,Cash,
P008084,O008084,UPI,
P008085,O008085,Credit Card,Completed
P008086,O008086,Debit Card,
P008087,O008087,,completed
P008088,O008088,,completed
P008089,O008089,Credit Card,completed
P008090,O008090,,
P008091,O008091,Cash,Failed
P008092,O008092,,Failed
P008093,O008093,,completed
P008094,O008094,,Failed
P008095,O008095,Debit Card,
P008096,O008096,Cash,Failed
P008097,O008097,Cash,
P008098,O008098,,Failed
P008099,O008099,Credit Card,
P008100,O008100,Debit Card,
P008101,O008101,Credit Card,Failed
P008102,O008102,UPI,
P008103,O008103,Debit Card,Failed
P008104,O008104,,
P008105,O008105,Debit Card,Failed
P008106,O008106,Debit Card,Failed
P008107,O008107,Credit Card,Failed
P008108,O008108,UPI,Failed
P008109,O008109,Debit Card,Completed
P008110,O008110,UPI,completed
P008111,O008111,UPI,Failed
P008112,O008112,Credit Card,Completed
P008113,O008113,Credit Card,
P008114,O008114,,Completed
P008115,O008115,,Completed
P008116,O008116,Debit Card,Completed
P008117,O008117,,Completed
P008118,O008118,Credit Card,completed
P008119,O008119,,Completed
P008120,O008120,,completed
P008121,O008121,,
P008122,O008122,UPI,
P008123,O008123,,Completed
P008124,O008124,Credit Card,
P008125,O008125,UPI,completed
P008126,O008126,,completed
P008127,O008127,,Completed
P008128,O008128,Credit Card,Failed
P008129,O008129,Debit Card,completed
P008130,O008130,Credit Card,
P008131,O008131,Cash,Failed
P008132,O008132,Credit Card,Failed
P008133,O008133,Debit Card,Completed
P008134,O008134,Credit Card,
P008135,O008135,UPI,Failed
P008136,O008136,UPI,completed
P008137,O008137,Credit Card,Completed
P008138,O008138,UPI,Failed
P008139,O008139,Debit Card,Failed
P008140,O008140,Cash,Completed
P008141,O008141,Cash,
P008142,O008142,Debit Card,Completed
P008143,O008143,,Completed
P008144,O008144,,Failed
P008145,O008145,Cash,
P008146,O008146,UPI,
P008147,O008147,UPI,Completed
P008148,O008148,,
P008149,O008149,Cash,Completed
P008150,O008150,Credit Card,Completed
P008151,O008151,Credit Card,completed
P008152,O008152,UPI,completed
P008153,O008153,Debit Card,Completed
P008154,O008154,,completed
P008155,O008155,UPI,Failed
P008156,O008156,Debit Card,Completed
P008157,O008157,Debit Card,Failed
P008158,O008158,,Completed
P008159,O008159,Debit Card,Failed
P008160,O008160,Debit Card,completed
P008161,O008161,,Completed
P008162,O008162,Cash,Completed
P008163,O008163,Credit Card,completed
P008164,O008164,Cash,Failed
P008165,O008165,Credit Card,Completed
P008166,O008166,Credit Card,completed
P008167,O008167,,completed
P008168,O008168,Cash,
P008169,O008169,,completed
P008170,O008170,Cash,completed
P008171,O008171,Debit Card,Failed
P008172,O008172,UPI,Completed
P008173,O008173,Cash,Completed
P008174,O008174,Cash,completed
P008175,O008175,Debit Card,completed
P008176,O008176,Debit Card,
P008177,O008177,Credit Card,completed
P008178,O008178,UPI,Completed
P008179,O008179,UPI,Completed
P008180,O008180,UPI,
P008181,O008181,Cash,Completed
P008182,O008182,Cash,
P008183,O008183,,completed
P008184,O008184,Credit Card,Failed
P008185,O008185,Debit Card,
P008186,O008186,Debit Card,Completed
P008187,O008187,Debit Card,
P008188,O008188,,Failed
P008189,O008189,,
P008190,O008190,Cash,
P008191,O008191,,
P008192,O008192,,Completed
P008193,O008193,Debit Card,completed
P008194,O008194,,completed
P008195,O008195,Credit Card,Completed
P008196,O008196,,completed
P008197,O008197,UPI,completed
P008198,O008198,,Completed
P008199,O008199,Cash,Failed
P008200,O008200,Credit Card,Failed
P008201,O008201,,completed
P008202,O008202,Cash,completed
P008203,O008203,Credit Card,
P008204,O008204,,Failed
P008205,O008205,Credit Card,Completed
P008206,O008206,UPI,Completed
P008207,O008207,Debit Card,Failed
P008208,O008208,,completed
P008209,O008209,Credit Card,Completed
P008210,O008210,Cash,
P008211,O008211,UPI,Failed
P008212,O008212,Debit Card,Failed
P008213,O008213,Cash,completed
P008214,O008214,UPI,
P008215,O008215,,Failed
P008216,O008216,Cash,Failed
P008217,O008217,Credit Card,completed
P008218,O008218,UPI,Completed
P008219,O008219,UPI,Failed
P008220,O008220,,completed
P008221,O008221,UPI,completed
P008222,O008222,Debit Card,
P008223,O008223,Credit Card,
P008224,O008224,,Completed
P008225,O008225,Debit Card,Failed
P008226,O008226,,
P008227,O008227,,Failed
P008228,O008228,Credit Card,Failed
P008229,O008229,UPI,Failed
P008230,O008230,,Failed
P008231,O008231,Cash,Completed
P008232,O008232,Credit Card,Failed
P008233,O008233,Credit Card,completed
P008234,O008234,Cash,Failed
P008235,O008235,Credit Card,Completed
P008236,O008236,,Completed
P008237,O008237,Debit Card,Failed
P008238,O008238,UPI,
P008239,O008239,Debit Card,
P008240,O008240,Credit Card,Failed
P008241,O008241,Cash,
P008242,O008242,Credit Card,completed
P008243,O008243,Credit Card,completed
P008244,O008244,Credit Card,Failed
P008245,O008245,UPI,
P008246,O008246,Credit Card,Completed
P008247,O008247,Credit Card,completed
P008248,O008248,Credit Card,Failed
P008249,O008249,Cash,Completed
P008250,O008250,,Completed
P008251,O008251,Credit Card,completed
P008252,O008252,Credit Card,
P008253,O008253,Credit Card,Completed
P008254,O008254,UPI,Failed
P008255,O008255,Cash,Failed
P008256,O008256,Debit Card,
P008257,O008257,,
P008258,O008258,Credit Card,
P008259,O008259,Debit Card,
P008260,O008260,Debit Card,Failed
P008261,O008261,UPI,Failed
P008262,O008262,UPI,Completed
P008263,O008263,Debit Card,Completed
P008264,O008264,Credit Card,Failed
P008265,O008265,,
P008266,O008266,Credit Card,Completed
P008267,O008267,Cash,Failed
P008268,O008268,Cash,Failed
P008269,O008269,Cash,completed
P008270,O008270,Credit Card,Failed
P008271,O008271,UPI,Completed
P008272,O008272,Debit Card,
P008273,O008273,Debit Card,
P008274,O008274,Credit Card,Completed
P008275,O008275,Credit Card,
P008276,O008276,,Completed
P008277,O008277,Cash,
P008278,O008278,Credit Card,Failed
P008279,O008279,,completed
P008280,O008280,,completed
P008281,O008281,UPI,Failed
P008282,O008282,Cash,completed
P008283,O008283,Debit Card,Failed
P008284,O008284,Credit Card,Failed
P008285,O008285,UPI,Completed
P008286,O008286,UPI,
P008287,O008287,,Completed
P008288,O008288,Debit Card,completed
P008289,O008289,UPI,Failed
P008290,O008290,Cash,Failed
P008291,O008291,UPI,completed
P008292,O008292,,
P008293,O008293,UPI,Failed
P008294,O008294,,
P008295,O008295,UPI,Failed
P008296,O008296,Cash,Failed
P008297,O008297,Credit Card,Completed
P008298,O008298,Credit Card,
P008299,O008299,UPI,Failed
P008300,O008300,Debit Card,completed
P008301,O008301,Credit Card,Failed
P008302,O008302,UPI,
P008303,O008303,Credit Card,Failed
P008304,O008304,,
P008305,O008305,UPI,completed
P008306,O008306,UPI,Completed
P008307,O008307,Credit Card,completed
P008308,O008308,Cash,completed
P008309,O008309,UPI,Failed
P008310,O008310,UPI,
P008311,O008311,Cash,completed
P008312,O008312,Cash,Completed
P008313,O008313,Cash,completed
P008314,O008314,Debit Card,Failed
P008315,O008315,Debit Card,Failed
P008316,O008316,Cash,completed
P008317,O008317,Debit Card,Completed
P008318,O008318,Cash,completed
P008319,O008319,,Failed
P008320,O008320,,
P008321,O008321,UPI,completed
P008322,O008322,UPI,
P008323,O008323,Cash,
P008324,O008324,Cash,Completed
P008325,O008325,Debit Card,Completed
P008326,O008326,UPI,completed
P008327,O008327,Debit Card,
P008328,O008328,Credit Card,completed
P008329,O008329,Cash,Completed
P008330,O008330,UPI,
P008331,O008331,UPI,
P008332,O008332,Debit Card,completed
P008333,O008333,,Failed
P008334,O008334,Cash,Failed
P008335,O008335,Cash,
P008336,O008336,Cash,
P008337,O008337,,completed
P008338,O008338,Cash,Failed
P008339,O008339,,
P008340,O008340,,
P008341,O008341,Debit Card,
P008342,O008342,Cash,Failed
P008343,O008343,,
P008344,O008344,,Failed
P008345,O008345,Debit Card,completed
P008346,O008346,Cash,Failed
P008347,O008347,Credit Card,Failed
P008348,O008348,,Completed
P008349,O008349,UPI,
P008350,O008350,Debit Card,Failed
P008351,O008351,Debit Card,Failed
P008352,O008352,Debit Card,completed
P008353,O008353,Cash,Failed
P008354,O008354,Credit Card,completed
P008355,O008355,UPI,Completed
P008356,O008356,Debit Card,Failed
P008357,O008357,,Completed
P008358,O008358,Credit Card,
P008359,O008359,Credit Card,Completed
P008360,O008360,Debit Card,Failed
P008361,O008361,UPI,Completed
P008362,O008362,Debit Card,Failed
P008363,O008363,UPI,Completed
P008364,O008364,Debit Card,completed
P008365,O008365,Debit Card,
P008366,O008366,Debit Card,completed
P008367,O008367,Cash,completed
P008368,O008368,Debit Card,
P008369,O008369,Credit Card,completed
P008370,O008370,,Completed
P008371,O008371,,Completed
P008372,O008372,Debit Card,Completed
P008373,O008373,Cash,Completed
P008374,O008374,Debit Card,Completed
P008375,O008375,Debit Card,Failed
P008376,O008376,UPI,completed
P008377,O008377,Credit Card,completed
P008378,O008378,UPI,Failed
P008379,O008379,,completed
P008380,O008380,Cash,
P008381,O008381,UPI,completed
P008382,O008382,Credit Card,completed
P008383,O008383,Credit Card,Failed
P008384,O008384,Credit Card,Completed
P008385,O008385,,Completed
P008386,O008386,UPI,Completed
P008387,O008387,Credit Card,
P008388,O008388,,Completed
P008389,O008389,Cash,completed
P008390,O008390,Debit Card,Failed
P008391,O008391,Cash,
P008392,O008392,UPI,Completed
P008393,O008393,Cash,Failed
P008394,O008394,,
P008395,O008395,UPI,completed
P008396,O008396,Credit Card,Completed
P008397,O008397,,completed
P008398,O008398,UPI,
P008399,O008399,UPI,completed
P008400,O008400,,
P008401,O008401,Cash,Completed
P008402,O008402,Cash,Failed
P008403,O008403,Credit Card,
P008404,O008404,UPI,Completed
P008405,O008405,Cash,completed
P008406,O008406,UPI,Failed
P008407,O008407,Cash,Failed
P008408,O008408,,
P008409,O008409,,Completed
P008410,O008410,Cash,
P008411,O008411,,
P008412,O008412,UPI,
P008413,O008413,,Completed
P008414,O008414,Credit Card,
P008415,O008415,Cash,Completed
P008416,O008416,Credit Card,Failed
P008417,O008417,,Failed
P008418,O008418,Cash,Completed
P008419,O008419,Cash,completed
P008420,O008420,UPI,
P008421,O008421,UPI,Failed
P008422,O008422,,
P008423,O008423,UPI,
P008424,O008424,UPI,completed
P008425,O008425,Credit Card,Completed
P008426,O008426,Credit Card,Completed
P008427,O008427,Credit Card,
P008428,O008428,,completed
P008429,O008429,Cash,
P008430,O008430,Debit Card,Completed
P008431,O008431,,completed
P008432,O008432,Cash,completed
P008433,O008433,UPI,Failed
P008434,O008434,,completed
P008435,O008435,Cash,Completed
P008436,O008436,,Completed
P008437,O008437,UPI,
P008438,O008438,UPI,Completed
P008439,O008439,,Completed
P008440,O008440,,Completed
P008441,O008441,Debit Card,
P008442,O008442,Credit Card,Failed
P008443,O008443,Cash,Failed
P008444,O008444,UPI,Failed
P008445,O008445,UPI,completed
P008446,O008446,Cash,Failed
P008447,O008447,,completed
P008448,O008448,Debit Card,completed
P008449,O008449,Cash,Failed
P008450,O008450,,Completed
P008451,O008451,UPI,Failed
P008452,O008452,,completed
P008453,O008453,Credit Card,completed
P008454,O008454,Debit Card,completed
P008455,O008455,Credit Card,
P008456,O008456,Credit Card,
P008457,O008457,,Failed
P008458,O008458,,Failed
P008459,O008459,Cash,completed
P008460,O008460,UPI,Failed
P008461,O008461,Debit Card,Failed
P008462,O008462,Credit Card,completed
P008463,O008463,,
P008464,O008464,UPI,Failed
P008465,O008465,Cash,Failed
P008466,O008466,,Completed
P008467,O008467,Cash,Completed
P008468,O008468,,
P008469,O008469,Debit Card,Failed
P008470,O008470,Credit Card,Failed
P008471,O008471,Cash,Failed
P008472,O008472,Cash,completed
P008473,O008473,Cash,Failed
P008474,O008474,,Failed
P008475,O008475,Cash,Completed
P008476,O008476,,Failed
P008477,O008477,,Completed
P008478,O008478,Debit Card,
P008479,O008479,,Failed
P008480,O008480,UPI,completed
P008481,O008481,Cash,
P008482,O008482,Credit Card,
P008483,O008483,Cash,Failed
P008484,O008484,UPI,Failed
P008485,O008485,,Completed
P008486,O008486,Debit Card,
P008487,O008487,,Completed
P008488,O008488,Debit Card,Completed
P008489,O008489,Credit Card,Failed
P008490,O008490,Cash,
P008491,O008491,,completed
P008492,O008492,Debit Card,Completed
P008493,O008493,Debit Card,
P008494,O008494,UPI,
P008495,O008495,UPI,
P008496,O008496,Cash,Failed
P008497,O008497,Debit Card,Failed
P008498,O008498,Credit Card,Failed
P008499,O008499,Debit Card,Completed
P008500,O008500,Debit Card,Failed
P008501,O008501,,
P008502,O008502,,
P008503,O008503,UPI,Failed
P008504,O008504,,Completed
P008505,O008505,Debit Card,Failed
P008506,O008506,,Failed
P008507,O008507,UPI,
P008508,O008508,Cash,
P008509,O008509,Credit Card,completed
P008510,O008510,Debit Card,Failed
P008511,O008511,Credit Card,completed
P008512,O008512,Cash,
P008513,O008513,Debit Card,Completed
P008514,O008514,Credit Card,Completed
P008515,O008515,Cash,completed
P008516,O008516,Debit Card,
P008517,O008517,Cash,completed
P008518,O008518,Debit Card,completed
P008519,O008519,Debit Card,
P008520,O008520,Cash,Failed
P008521,O008521,UPI,Failed
P008522,O008522,Credit Card,
P008523,O008523,UPI,completed
P008524,O008524,,
P008525,O008525,Credit Card,completed
P008526,O008526,Debit Card,
P008527,O008527,Credit Card,completed
P008528,O008528,Credit Card,
P008529,O008529,,
P008530,O008530,UPI,
P008531,O008531,Debit Card,
P008532,O008532,Credit Card,Completed
P008533,O008533,UPI,
P008534,O008534,,Failed
P008535,O008535,UPI,Failed
P008536,O008536,,Completed
P008537,O008537,Credit Card,
P008538,O008538,Debit Card,Failed
P008539,O008539,UPI,
P008540,O008540,,
P008541,O008541,Debit Card,completed
P008542,O008542,Credit Card,Failed
P008543,O008543,UPI,completed
P008544,O008544,Cash,Completed
P008545,O008545,Debit Card,
P008546,O008546,UPI,Completed
P008547,O008547,,Failed
P008548,O008548,Cash,completed
P008549,O008549,Debit Card,completed
P008550,O008550,Cash,Failed
P008551,O008551,Debit Card,Completed
P008552,O008552,Credit Card,completed
P008553,O008553,,Failed
P008554,O008554,,
P008555,O008555,Credit Card,completed
P008556,O008556,Debit Card,completed
P008557,O008557,Debit Card,completed
P008558,O008558,,Failed
P008559,O008559,UPI,Completed
P008560,O008560,Debit Card,Completed
P008561,O008561,Credit Card,Completed
P008562,O008562,,Failed
P008563,O008563,Credit Card,Failed
P008564,O008564,Credit Card,Completed
P008565,O008565,Debit Card,
P008566,O008566,Credit Card,Failed
P008567,O008567,,Completed
P008568,O008568,UPI,Completed
P008569,O008569,,
P008570,O008570,Cash,Failed
P008571,O008571,,completed
P008572,O008572,Cash,completed
P008573,O008573,Debit Card,Failed
P008574,O008574,Cash,Failed
P008575,O008575,UPI,
P008576,O008576,Debit Card,Completed
P008577,O008577,UPI,completed
P008578,O008578,Cash,
P008579,O008579,Debit Card,
P008580,O008580,Cash,
P008581,O008581,Credit Card,completed
P008582,O008582,UPI,Completed
P008583,O008583,Credit Card,Completed
P008584,O008584,UPI,completed
P008585,O008585,UPI,
P008586,O008586,Debit Card,Completed
P008587,O008587,Credit Card,completed
P008588,O008588,Cash,Failed
P008589,O008589,Debit Card,
P008590,O008590,UPI,Failed
P008591,O008591,Cash,completed
P008592,O008592,UPI,completed
P008593,O008593,UPI,Completed
P008594,O008594,Cash,Failed
P008595,O008595,,completed
P008596,O008596,Cash,Completed
P008597,O008597,Debit Card,completed
P008598,O008598,Cash,Failed
P008599,O008599,Debit Card,completed
P008600,O008600,Credit Card,completed
P008601,O008601,Cash,
P008602,O008602,Credit Card,completed
P008603,O008603,Cash,completed
P008604,O008604,Debit Card,completed
P008605,O008605,Credit Card,
P008606,O008606,,Failed
P008607,O008607,Cash,
P008608,O008608,Debit Card,Completed
P008609,O008609,Debit Card,Failed
P008610,O008610,UPI,Completed
P008611,O008611,Debit Card,Completed
P008612,O008612,Debit Card,Failed
P008613,O008613,Cash,completed
P008614,O008614,Credit Card,Completed
P008615,O008615,Cash,completed
P008616,O008616,Cash,Failed
P008617,O008617,,Completed
P008618,O008618,,Completed
P008619,O008619,Cash,Failed
P008620,O008620,,Failed
P008621,O008621,UPI,completed
P008622,O008622,Debit Card,Failed
P008623,O008623,Cash,
P008624,O008624,Credit Card,
P008625,O008625,,completed
P008626,O008626,UPI,Completed
P008627,O008627,,completed
P008628,O008628,UPI,Completed
P008629,O008629,UPI,Completed
P008630,O008630,UPI,Completed
P008631,O008631,Cash,Failed
P008632,O008632,Debit Card,completed
P008633,O008633,Cash,completed
P008634,O008634,Debit Card,completed
P008635,O008635,Credit Card,completed
P008636,O008636,,
P008637,O008637,Cash,Completed
P008638,O008638,,Completed
P008639,O008639,,completed
P008640,O008640,Credit Card,Failed
P008641,O008641,,Failed
P008642,O008642,Debit Card,
P008643,O008643,Cash,Failed
P008644,O008644,Credit Card,completed
P008645,O008645,Debit Card,
P008646,O008646,Debit Card,
P008647,O008647,Credit Card,Completed
P008648,O008648,Credit Card,Failed
P008649,O008649,,Failed
P008650,O008650,UPI,Failed
P008651,O008651,Debit Card,completed
P008652,O008652,Debit Card,Completed
P008653,O008653,UPI,Completed
P008654,O008654,Debit Card,completed
P008655,O008655,Cash,
P008656,O008656,,Completed
P008657,O008657,,Completed
P008658,O008658,Cash,
P008659,O008659,UPI,Failed
P008660,O008660,Credit Card,Completed
P008661,O008661,Debit Card,completed
P008662,O008662,Debit Card,Completed
P008663,O008663,Credit Card,Failed
P008664,O008664,Credit Card,Failed
P008665,O008665,UPI,completed
P008666,O008666,Debit Card,Completed
P008667,O008667,Credit Card,Completed
P008668,O008668,Debit Card,Failed
P008669,O008669,Cash,Completed
P008670,O008670,Credit Card,Failed
P008671,O008671,UPI,completed
P008672,O008672,UPI,Completed
P008673,O008673,Debit Card,Failed
P008674,O008674,Debit Card,completed
P008675,O008675,UPI,
P008676,O008676,Debit Card,Completed
P008677,O008677,UPI,Failed
P008678,O008678,,Failed
P008679,O008679,UPI,
P008680,O008680,,Completed
P008681,O008681,Cash,completed
P008682,O008682,Cash,Completed
P008683,O008683,Cash,
P008684,O008684,Credit Card,
P008685,O008685,UPI,Failed
P008686,O008686,,Failed
P008687,O008687,,completed
P008688,O008688,,completed
P008689,O008689,UPI,
P008690,O008690,Cash,completed
P008691,O008691,Credit Card,completed
P008692,O008692,UPI,completed
P008693,O008693,Credit Card,Failed
P008694,O008694,Credit Card,
P008695,O008695,Credit Card,Failed
P008696,O008696,UPI,completed
P008697,O008697,Cash,Failed
P008698,O008698,Cash,
P008699,O008699,Debit Card,Completed
P008700,O008700,,completed
P008701,O008701,,Completed
P008702,O008702,Cash,completed
P008703,O008703,,Failed
P008704,O008704,Cash,completed
P008705,O008705,Credit Card,Failed
P008706,O008706,Debit Card,
P008707,O008707,,
P008708,O008708,Credit Card,Failed
P008709,O008709,,
P008710,O008710,Debit Card,Failed
P008711,O008711,UPI,Failed
P008712,O008712,Debit Card,
P008713,O008713,Credit Card,completed
P008714,O008714,Debit Card,Completed
P008715,O008715,Credit Card,completed
P008716,O008716,Debit Card,
P008717,O008717,,Failed
P008718,O008718,Debit Card,completed
P008719,O008719,Debit Card,
P008720,O008720,Cash,Completed
P008721,O008721,Debit Card,completed
P008722,O008722,,Failed
P008723,O008723,Credit Card,Failed
P008724,O008724,UPI,Failed
P008725,O008725,UPI,
P008726,O008726,UPI,completed
P008727,O008727,UPI,
P008728,O008728,Credit Card,completed
P008729,O008729,Credit Card,Completed
P008730,O008730,UPI,Completed
P008731,O008731,Debit Card,Completed
P008732,O008732,Debit Card,Failed
P008733,O008733,Cash,completed
P008734,O008734,Credit Card,completed
P008735,O008735,Cash,
P008736,O008736,,Failed
P008737,O008737,Credit Card,Failed
P008738,O008738,UPI,
P008739,O008739,UPI,Completed
P008740,O008740,Cash,Failed
P008741,O008741,Credit Card,Failed
P008742,O008742,Debit Card,Failed
P008743,O008743,Credit Card,Completed
P008744,O008744,Cash,Failed
P008745,O008745,Cash,Completed
P008746,O008746,UPI,completed
P008747,O008747,UPI,Failed
P008748,O008748,,
P008749,O008749,Cash,Failed
P008750,O008750,,Completed
P008751,O008751,,
P008752,O008752,UPI,completed
P008753,O008753,Debit Card,
P008754,O008754,UPI,completed
P008755,O008755,Credit Card,Failed
P008756,O008756,Debit Card,completed
P008757,O008757,Cash,
P008758,O008758,Debit Card,Completed
P008759,O008759,Cash,Completed
P008760,O008760,Cash,
P008761,O008761,,Completed
P008762,O008762,Credit Card,
P008763,O008763,UPI,Completed
P008764,O008764,,Completed
P008765,O008765,,
P008766,O008766,Credit Card,
P008767,O008767,UPI,completed
P008768,O008768,,
P008769,O008769,Debit Card,
P008770,O008770,UPI,completed
P008771,O008771,Credit Card,Failed
P008772,O008772,Debit Card,Failed
P008773,O008773,Debit Card,completed
P008774,O008774,,completed
P008775,O008775,Credit Card,Failed
P008776,O008776,Credit Card,Failed
P008777,O008777,,Completed
P008778,O008778,UPI,completed
P008779,O008779,Cash,completed
P008780,O008780,,completed
P008781,O008781,Debit Card,completed
P008782,O008782,Cash,Completed
P008783,O008783,UPI,
P008784,O008784,UPI,completed
P008785,O008785,UPI,Completed
P008786,O008786,Cash,completed
P008787,O008787,,Failed
P008788,O008788,Credit Card,completed
P008789,O008789,,Failed
P008790,O008790,,Failed
P008791,O008791,Cash,completed
P008792,O008792,Debit Card,Completed
P008793,O008793,Cash,
P008794,O008794,Debit Card,completed
P008795,O008795,Cash,completed
P008796,O008796,Debit Card,completed
P008797,O008797,Credit Card,completed
P008798,O008798,Credit Card,
P008799,O008799,UPI,
P008800,O008800,UPI,completed
P008801,O008801,Debit Card,Failed
P008802,O008802,,completed
P008803,O008803,UPI,completed
P008804,O008804,Cash,completed
P008805,O008805,Credit Card,
P008806,O008806,UPI,Completed
P008807,O008807,UPI,
P008808,O008808,UPI,Failed
P008809,O008809,Cash,
P008810,O008810,Cash,Completed
P008811,O008811,UPI,
P008812,O008812,,Completed
P008813,O008813,,
P008814,O008814,Cash,
P008815,O008815,Cash,
P008816,O008816,Credit Card,Failed
P008817,O008817,,completed
P008818,O008818,UPI,Failed
P008819,O008819,Debit Card,Failed
P008820,O008820,Credit Card,completed
P008821,O008821,Credit Card,
P008822,O008822,UPI,
P008823,O008823,UPI,Failed
P008824,O008824,Cash,completed
P008825,O008825,,completed
P008826,O008826,Cash,
P008827,O008827,,
P008828,O008828,,
P008829,O008829,Debit Card,completed
P008830,O008830,Credit Card,Failed
P008831,O008831,Debit Card,
P008832,O008832,UPI,completed
P008833,O008833,Debit Card,Completed
P008834,O008834,Debit Card,
P008835,O008835,Credit Card,Failed
P008836,O008836,Debit Card,Completed
P008837,O008837,Credit Card,
P008838,O008838,Credit Card,Completed
P008839,O008839,Credit Card,
P008840,O008840,Credit Card,Completed
P008841,O008841,Debit Card,Failed
P008842,O008842,Cash,completed
P008843,O008843,Cash,
P008844,O008844,UPI,Completed
P008845,O008845,Credit Card,Completed
P008846,O008846,Cash,completed
P008847,O008847,UPI,completed
P008848,O008848,Debit Card,Completed
P008849,O008849,UPI,Completed
P008850,O008850,Cash,Failed
P008851,O008851,UPI,completed
P008852,O008852,UPI,
P008853,O008853,UPI,completed
P008854,O008854,Cash,Failed
P008855,O008855,Credit Card,Failed
P008856,O008856,Debit Card,Failed
P008857,O008857,Credit Card,Completed
P008858,O008858,,Failed
P008859,O008859,Credit Card,Failed
P008860,O008860,Debit Card,Completed
P008861,O008861,UPI,Completed
P008862,O008862,Credit Card,
P008863,O008863,Cash,completed
P008864,O008864,,Completed
P008865,O008865,UPI,completed
P008866,O008866,UPI,Failed
P008867,O008867,UPI,completed
P008868,O008868,Credit Card,Completed
P008869,O008869,Cash,completed
P008870,O008870,Debit Card,
P008871,O008871,,
P008872,O008872,Cash,completed
P008873,O008873,Credit Card,
P008874,O008874,,
P008875,O008875,Cash,completed
P008876,O008876,Debit Card,Completed
P008877,O008877,Debit Card,completed
P008878,O008878,UPI,
P008879,O008879,UPI,Failed
P008880,O008880,Debit Card,
P008881,O008881,UPI,Failed
P008882,O008882,UPI,Failed
P008883,O008883,Debit Card,Failed
P008884,O008884,,completed
P008885,O008885,Debit Card,Failed
P008886,O008886,UPI,completed
P008887,O008887,,Completed
P008888,O008888,UPI,completed
P008889,O008889,Credit Card,Completed
P008890,O008890,UPI,Completed
P008891,O008891,Cash,
P008892,O008892,Cash,Failed
P008893,O008893,UPI,Failed
P008894,O008894,UPI,Completed
P008895,O008895,Credit Card,Failed
P008896,O008896,,completed
P008897,O008897,,
P008898,O008898,Credit Card,Failed
P008899,O008899,Debit Card,completed
P008900,O008900,UPI,Failed
P008901,O008901,UPI,completed
P008902,O008902,Cash,
P008903,O008903,Cash,Completed
P008904,O008904,Debit Card,Failed
P008905,O008905,,completed
P008906,O008906,,completed
P008907,O008907,,
P008908,O008908,UPI,
P008909,O008909,Cash,completed
P008910,O008910,UPI,Completed
P008911,O008911,Debit Card,Completed
P008912,O008912,Credit Card,
P008913,O008913,Credit Card,completed
P008914,O008914,,Failed
P008915,O008915,Cash,Failed
P008916,O008916,Debit Card,Completed
P008917,O008917,UPI,completed
P008918,O008918,Debit Card,
P008919,O008919,Debit Card,completed
P008920,O008920,Debit Card,
P008921,O008921,Cash,Failed
P008922,O008922,Debit Card,Completed
P008923,O008923,Credit Card,completed
P008924,O008924,,Completed
P008925,O008925,Debit Card,Completed
P008926,O008926,UPI,completed
P008927,O008927,Credit Card,
P008928,O008928,Debit Card,completed
P008929,O008929,Cash,Completed
P008930,O008930,Debit Card,Completed
P008931,O008931,,completed
P008932,O008932,Credit Card,
P008933,O008933,,Failed
P008934,O008934,,
P008935,O008935,Cash,
P008936,O008936,Debit Card,Completed
P008937,O008937,,
P008938,O008938,Credit Card,Failed
P008939,O008939,Debit Card,
P008940,O008940,,Completed
P008941,O008941,UPI,
P008942,O008942,UPI,Completed
P008943,O008943,UPI,Completed
P008944,O008944,,
P008945,O008945,Cash,completed
P008946,O008946,,completed
P008947,O008947,Credit Card,
P008948,O008948,UPI,completed
P008949,O008949,,Failed
P008950,O008950,UPI,Failed
P008951,O008951,Credit Card,Failed
P008952,O008952,Cash,completed
P008953,O008953,Cash,Completed
P008954,O008954,Cash,
P008955,O008955,UPI,
P008956,O008956,,Completed
P008957,O008957,Debit Card,Failed
P008958,O008958,Credit Card,completed
P008959,O008959,UPI,completed
P008960,O008960,Credit Card,Completed
P008961,O008961,UPI,
P008962,O008962,Cash,completed
P008963,O008963,Credit Card,Failed
P008964,O008964,Debit Card,completed
P008965,O008965,Cash,Failed
P008966,O008966,Cash,Failed
P008967,O008967,Debit Card,
P008968,O008968,Debit Card,
P008969,O008969,Cash,Failed
P008970,O008970,Debit Card,Failed
P008971,O008971,Cash,Completed
P008972,O008972,,completed
P008973,O008973,UPI,completed
P008974,O008974,,
P008975,O008975,UPI,Completed
P008976,O008976,UPI,Completed
P008977,O008977,,
P008978,O008978,UPI,completed
P008979,O008979,UPI,Completed
P008980,O008980,Cash,completed
P008981,O008981,UPI,Completed
P008982,O008982,Debit Card,
P008983,O008983,UPI,Completed
P008984,O008984,Credit Card,completed
P008985,O008985,Cash,Failed
P008986,O008986,Cash,Completed
P008987,O008987,UPI,
P008988,O008988,Credit Card,Failed
P008989,O008989,Credit Card,Failed
P008990,O008990,Cash,Completed
P008991,O008991,,Failed
P008992,O008992,Credit Card,completed
P008993,O008993,UPI,
P008994,O008994,Debit Card,completed
P008995,O008995,,
P008996,O008996,UPI,Failed
P008997,O008997,UPI,completed
P008998,O008998,,Completed
P008999,O008999,Debit Card,Failed
P009000,O009000,,Completed
P009001,O009001,Cash,Completed
P009002,O009002,UPI,completed
P009003,O009003,Cash,
P009004,O009004,Cash,Failed
P009005,O009005,Cash,completed
P009006,O009006,Debit Card,completed
P009007,O009007,UPI,Failed
P009008,O009008,Cash,
P009009,O009009,Cash,Completed
P009010,O009010,Cash,
P009011,O009011,Credit Card,Failed
P009012,O009012,UPI,Completed
P009013,O009013,Cash,Failed
P009014,O009014,Debit Card,completed
P009015,O009015,Credit Card,Failed
P009016,O009016,Credit Card,completed
P009017,O009017,,Completed
P009018,O009018,Debit Card,completed
P009019,O009019,,Failed
P009020,O009020,Credit Card,
P009021,O009021,,Failed
P009022,O009022,,Failed
P009023,O009023,,
P009024,O009024,Cash,completed
P009025,O009025,Credit Card,completed
P009026,O009026,,Completed
P009027,O009027,Debit Card,Failed
P009028,O009028,Cash,
P009029,O009029,Credit Card,
P009030,O009030,Credit Card,Completed
P009031,O009031,UPI,
P009032,O009032,Credit Card,Failed
P009033,O009033,,completed
P009034,O009034,UPI,
P009035,O009035,Credit Card,completed
P009036,O009036,Cash,
P009037,O009037,Credit Card,
P009038,O009038,Cash,
P009039,O009039,Credit Card,Completed
P009040,O009040,Credit Card,Failed
P009041,O009041,,Completed
P009042,O009042,Credit Card,
P009043,O009043,,Failed
P009044,O009044,UPI,
P009045,O009045,Credit Card,
P009046,O009046,,completed
P009047,O009047,Cash,Completed
P009048,O009048,UPI,completed
P009049,O009049,UPI,
P009050,O009050,Cash,Failed
P009051,O009051,UPI,completed
P009052,O009052,Cash,completed
P009053,O009053,Debit Card,Completed
P009054,O009054,,completed
P009055,O009055,Credit Card,Failed
P009056,O009056,UPI,Failed
P009057,O009057,Debit Card,
P009058,O009058,Cash,
P009059,O009059,Credit Card,completed
P009060,O009060,Cash,Completed
P009061,O009061,Cash,Failed
P009062,O009062,Cash,Completed
P009063,O009063,UPI,Failed
P009064,O009064,Debit Card,completed
P009065,O009065,UPI,Failed
P009066,O009066,Credit Card,
P009067,O009067,Debit Card,
P009068,O009068,Credit Card,Completed
P009069,O009069,UPI,completed
P009070,O009070,,
P009071,O009071,,Completed
P009072,O009072,Debit Card,Completed
P009073,O009073,,Failed
P009074,O009074,Cash,Completed
P009075,O009075,,completed
P009076,O009076,,completed
P009077,O009077,Cash,Completed
P009078,O009078,Cash,completed
P009079,O009079,Credit Card,completed
P009080,O009080,UPI,completed
P009081,O009081,Debit Card,
P009082,O009082,Cash,Failed
P009083,O009083,Debit Card,completed
P009084,O009084,Credit Card,completed
P009085,O009085,,completed
P009086,O009086,UPI,completed
P009087,O009087,UPI,Completed
P009088,O009088,Cash,
P009089,O009089,,completed
P009090,O009090,UPI,completed
P009091,O009091,Debit Card,Completed
P009092,O009092,,Completed
P009093,O009093,Cash,completed
P009094,O009094,Debit Card,completed
P009095,O009095,UPI,
P009096,O009096,Debit Card,Failed
P009097,O009097,,Completed
P009098,O009098,Debit Card,Failed
P009099,O009099,Cash,Completed
P009100,O009100,UPI,
P009101,O009101,Debit Card,completed
P009102,O009102,Debit Card,
P009103,O009103,Credit Card,Completed
P009104,O009104,,
P009105,O009105,Cash,
P009106,O009106,UPI,
P009107,O009107,Debit Card,completed
P009108,O009108,Credit Card,Failed
P009109,O009109,,Failed
P009110,O009110,Cash,Failed
P009111,O009111,Credit Card,Completed
P009112,O009112,,Completed
P009113,O009113,UPI,completed
P009114,O009114,Cash,completed
P009115,O009115,UPI,completed
P009116,O009116,,
P009117,O009117,Debit Card,completed
P009118,O009118,Debit Card,
P009119,O009119,Debit Card,
P009120,O009120,UPI,Completed
P009121,O009121,UPI,
P009122,O009122,UPI,completed
P009123,O009123,Debit Card,Failed
P009124,O009124,,completed
P009125,O009125,Debit Card,Failed
P009126,O009126,,Failed
P009127,O009127,,Completed
P009128,O009128,,completed
P009129,O009129,Cash,
P009130,O009130,UPI,completed
P009131,O009131,,Completed
P009132,O009132,,completed
P009133,O009133,,Completed
P009134,O009134,UPI,
P009135,O009135,Cash,Failed
P009136,O009136,UPI,Completed
P009137,O009137,Debit Card,completed
P009138,O009138,UPI,
P009139,O009139,UPI,Completed
P009140,O009140,Credit Card,
P009141,O009141,Credit Card,Completed
P009142,O009142,Cash,
P009143,O009143,UPI,Failed
P009144,O009144,Credit Card,Completed
P009145,O009145,UPI,completed
P009146,O009146,,Failed
P009147,O009147,Credit Card,Failed
P009148,O009148,Credit Card,Completed
P009149,O009149,Credit Card,completed
P009150,O009150,UPI,
P009151,O009151,,Completed
P009152,O009152,UPI,Completed
P009153,O009153,Credit Card,Completed
P009154,O009154,,Completed
P009155,O009155,Credit Card,
P009156,O009156,Cash,completed
P009157,O009157,,
P009158,O009158,Cash,Failed
P009159,O009159,Debit Card,Completed
P009160,O009160,Credit Card,
P009161,O009161,Debit Card,Failed
P009162,O009162,UPI,
P009163,O009163,Cash,completed
P009164,O009164,Debit Card,
P009165,O009165,Debit Card,Completed
P009166,O009166,Credit Card,Failed
P009167,O009167,,completed
P009168,O009168,Credit Card,Failed
P009169,O009169,Credit Card,
P009170,O009170,UPI,Failed
P009171,O009171,Cash,completed
P009172,O009172,UPI,Completed
P009173,O009173,,
P009174,O009174,Debit Card,Failed
P009175,O009175,Cash,
P009176,O009176,UPI,Failed
P009177,O009177,UPI,completed
P009178,O009178,,Completed
P009179,O009179,Debit Card,Completed
P009180,O009180,Debit Card,Failed
P009181,O009181,Cash,
P009182,O009182,Cash,Completed
P009183,O009183,Credit Card,Failed
P009184,O009184,,
P009185,O009185,Cash,Completed
P009186,O009186,,Failed
P009187,O009187,Cash,completed
P009188,O009188,,Failed
P009189,O009189,Credit Card,completed
P009190,O009190,UPI,Completed
P009191,O009191,UPI,
P009192,O009192,Debit Card,Completed
P009193,O009193,Credit Card,completed
P009194,O009194,UPI,Completed
P009195,O009195,Credit Card,completed
P009196,O009196,Cash,completed
P009197,O009197,Debit Card,Failed
P009198,O009198,Credit Card,
P009199,O009199,Cash,Failed
P009200,O009200,Cash,Failed
P009201,O009201,Debit Card,completed
P009202,O009202,,Failed
P009203,O009203,Debit Card,
P009204,O009204,Cash,completed
P009205,O009205,Credit Card,
P009206,O009206,UPI,
P009207,O009207,UPI,Failed
P009208,O009208,Cash,Failed
P009209,O009209,Credit Card,completed
P009210,O009210,Debit Card,Failed
P009211,O009211,UPI,completed
P009212,O009212,Cash,
P009213,O009213,,Completed
P009214,O009214,UPI,completed
P009215,O009215,UPI,completed
P009216,O009216,Cash,Failed
P009217,O009217,,Completed
P009218,O009218,Cash,Completed
P009219,O009219,UPI,
P009220,O009220,Cash,
P009221,O009221,UPI,completed
P009222,O009222,Credit Card,
P009223,O009223,Cash,Failed
P009224,O009224,Debit Card,
P009225,O009225,Cash,
P009226,O009226,Credit Card,
P009227,O009227,UPI,
P009228,O009228,Credit Card,Completed
P009229,O009229,Credit Card,
P009230,O009230,Cash,completed
P009231,O009231,Debit Card,
P009232,O009232,Debit Card,Failed
P009233,O009233,Cash,
P009234,O009234,Debit Card,
P009235,O009235,Debit Card,completed
P009236,O009236,Debit Card,Completed
P009237,O009237,,Failed
P009238,O009238,Credit Card,Completed
P009239,O009239,UPI,completed
P009240,O009240,,Completed
P009241,O009241,UPI,Failed
P009242,O009242,Cash,Completed
P009243,O009243,,Completed
P009244,O009244,Credit Card,Failed
P009245,O009245,UPI,completed
P009246,O009246,,
P009247,O009247,Cash,Failed
P009248,O009248,UPI,completed
P009249,O009249,Credit Card,completed
P009250,O009250,Credit Card,Completed
P009251,O009251,UPI,Failed
P009252,O009252,Credit Card,completed
P009253,O009253,UPI,completed
P009254,O009254,Cash,completed
P009255,O009255,UPI,Completed
P009256,O009256,UPI,Failed
P009257,O009257,UPI,Completed
P009258,O009258,UPI,completed
P009259,O009259,,completed
P009260,O009260,Credit Card,
P009261,O009261,Credit Card,Failed
P009262,O009262,Debit Card,Failed
P009263,O009263,,Failed
P009264,O009264,Credit Card,completed
P009265,O009265,,completed
P009266,O009266,UPI,completed
P009267,O009267,UPI,Failed
P009268,O009268,Credit Card,
P009269,O009269,Cash,Completed
P009270,O009270,Credit Card,Completed
P009271,O009271,Cash,
P009272,O009272,UPI,completed
P009273,O009273,Debit Card,completed
P009274,O009274,UPI,
P009275,O009275,,
P009276,O009276,UPI,Completed
P009277,O009277,UPI,Completed
P009278,O009278,,completed
P009279,O009279,UPI,
P009280,O009280,Credit Card,Failed
P009281,O009281,UPI,completed
P009282,O009282,,Failed
P009283,O009283,UPI,Completed
P009284,O009284,,
P009285,O009285,Cash,Completed
P009286,O009286,,Completed
P009287,O009287,Debit Card,Completed
P009288,O009288,Credit Card,completed
P009289,O009289,UPI,Completed
P009290,O009290,Credit Card,Failed
P009291,O009291,UPI,Failed
P009292,O009292,Cash,completed
P009293,O009293,Credit Card,
P009294,O009294,UPI,
P009295,O009295,Cash,Completed
P009296,O009296,Debit Card,Completed
P009297,O009297,UPI,Failed
P009298,O009298,Cash,Completed
P009299,O009299,Debit Card,Failed
P009300,O009300,Debit Card,Failed
P009301,O009301,Debit Card,completed
P009302,O009302,UPI,
P009303,O009303,Cash,completed
P009304,O009304,UPI,completed
P009305,O009305,,Completed
P009306,O009306,Credit Card,Completed
P009307,O009307,Cash,
P009308,O009308,Cash,Completed
P009309,O009309,UPI,
P009310,O009310,,
P009311,O009311,Cash,
P009312,O009312,,Completed
P009313,O009313,Credit Card,completed
P009314,O009314,Cash,Failed
P009315,O009315,,Failed
P009316,O009316,,completed
P009317,O009317,,Failed
P009318,O009318,,completed
P009319,O009319,UPI,
P009320,O009320,Cash,Completed
P009321,O009321,UPI,completed
P009322,O009322,,completed
P009323,O009323,Debit Card,Completed
P009324,O009324,Cash,
P009325,O009325,UPI,Completed
P009326,O009326,,Completed
P009327,O009327,,
P009328,O009328,Cash,Failed
P009329,O009329,Credit Card,completed
P009330,O009330,Cash,Failed
P009331,O009331,UPI,Failed
P009332,O009332,Credit Card,completed
P009333,O009333,Cash,
P009334,O009334,Cash,Failed
P009335,O009335,Cash,
P009336,O009336,Debit Card,Failed
P009337,O009337,Cash,
P009338,O009338,UPI,Completed
P009339,O009339,,Completed
P009340,O009340,UPI,Completed
P009341,O009341,Cash,Failed
P009342,O009342,Credit Card,
P009343,O009343,Debit Card,
P009344,O009344,Debit Card,Failed
P009345,O009345,Debit Card,
P009346,O009346,Credit Card,Completed
P009347,O009347,Credit Card,completed
P009348,O009348,Credit Card,Completed
P009349,O009349,Credit Card,completed
P009350,O009350,UPI,completed
P009351,O009351,,Failed
P009352,O009352,Credit Card,
P009353,O009353,,Completed
P009354,O009354,Cash,completed
P009355,O009355,,Failed
P009356,O009356,Cash,
P009357,O009357,Debit Card,Failed
P009358,O009358,Cash,Failed
P009359,O009359,UPI,Completed
P009360,O009360,Cash,Failed
P009361,O009361,Debit Card,Failed
P009362,O009362,Debit Card,
P009363,O009363,,completed
P009364,O009364,,completed
P009365,O009365,Debit Card,completed
P009366,O009366,Cash,completed
P009367,O009367,Cash,Completed
P009368,O009368,Credit Card,Failed
P009369,O009369,UPI,completed
P009370,O009370,Cash,
P009371,O009371,Debit Card,Completed
P009372,O009372,UPI,completed
P009373,O009373,,
P009374,O009374,Debit Card,
P009375,O009375,Debit Card,
P009376,O009376,,
P009377,O009377,Cash,Completed
P009378,O009378,,Failed
P009379,O009379,Debit Card,Failed
P009380,O009380,Cash,
P009381,O009381,,completed
P009382,O009382,Cash,Failed
P009383,O009383,UPI,Failed
P009384,O009384,Cash,completed
P009385,O009385,Debit Card,completed
P009386,O009386,,Completed
P009387,O009387,Cash,Completed
P009388,O009388,Credit Card,Completed
P009389,O009389,,
P009390,O009390,,
P009391,O009391,Credit Card,Failed
P009392,O009392,Cash,Completed
P009393,O009393,UPI,
P009394,O009394,Debit Card,Failed
P009395,O009395,UPI,Completed
P009396,O009396,Debit Card,Failed
P009397,O009397,Debit Card,
P009398,O009398,,Completed
P009399,O009399,Debit Card,Failed
P009400,O009400,,completed
P009401,O009401,Credit Card,Failed
P009402,O009402,Debit Card,completed
P009403,O009403,Credit Card,completed
P009404,O009404,UPI,Failed
P009405,O009405,,Failed
P009406,O009406,,completed
P009407,O009407,Cash,Completed
P009408,O009408,Debit Card,completed
P009409,O009409,Cash,Completed
P009410,O009410,Cash,completed
P009411,O009411,Credit Card,completed
P009412,O009412,,
P009413,O009413,Credit Card,completed
P009414,O009414,,Failed
P009415,O009415,,Failed
P009416,O009416,Cash,
P009417,O009417,Credit Card,
P009418,O009418,Credit Card,Failed
P009419,O009419,,
P009420,O009420,Credit Card,completed
P009421,O009421,Debit Card,completed
P009422,O009422,Credit Card,Failed
P009423,O009423,UPI,Failed
P009424,O009424,Credit Card,Failed
P009425,O009425,Debit Card,Failed
P009426,O009426,Credit Card,completed
P009427,O009427,Debit Card,Completed
P009428,O009428,UPI,Failed
P009429,O009429,Cash,
P009430,O009430,,completed
P009431,O009431,,
P009432,O009432,,Completed
P009433,O009433,UPI,Failed
P009434,O009434,UPI,completed
P009435,O009435,Debit Card,
P009436,O009436,UPI,
P009437,O009437,Cash,
P009438,O009438,Debit Card,
P009439,O009439,Cash,Failed
P009440,O009440,Cash,completed
P009441,O009441,Credit Card,
P009442,O009442,,completed
P009443,O009443,Cash,completed
P009444,O009444,,Completed
P009445,O009445,Debit Card,Completed
P009446,O009446,,
P009447,O009447,UPI,Failed
P009448,O009448,,Failed
P009449,O009449,UPI,Failed
P009450,O009450,Credit Card,
P009451,O009451,Credit Card,Failed
P009452,O009452,Cash,completed
P009453,O009453,UPI,completed
P009454,O009454,UPI,Completed
P009455,O009455,,completed
P009456,O009456,Credit Card,
P009457,O009457,UPI,Failed
P009458,O009458,Debit Card,
P009459,O009459,Credit Card,completed
P009460,O009460,Cash,Completed
P009461,O009461,Cash,completed
P009462,O009462,Credit Card,Completed
P009463,O009463,UPI,
P009464,O009464,Cash,
P009465,O009465,Credit Card,
P009466,O009466,,
P009467,O009467,UPI,
P009468,O009468,Credit Card,Completed
P009469,O009469,,completed
P009470,O009470,Debit Card,Completed
P009471,O009471,Cash,
P009472,O009472,Credit Card,completed
P009473,O009473,UPI,
P009474,O009474,,Completed
P009475,O009475,Credit Card,
P009476,O009476,Credit Card,completed
P009477,O009477,,Completed
P009478,O009478,Credit Card,Failed
P009479,O009479,UPI,Failed
P009480,O009480,Cash,completed
P009481,O009481,UPI,Completed
P009482,O009482,UPI,Completed
P009483,O009483,Cash,Failed
P009484,O009484,Credit Card,Failed
P009485,O009485,,completed
P009486,O009486,,Completed
P009487,O009487,Debit Card,Completed
P009488,O009488,UPI,completed
P009489,O009489,Cash,Completed
P009490,O009490,,Failed
P009491,O009491,Cash,Completed
P009492,O009492,,Completed
P009493,O009493,Cash,Completed
P009494,O009494,UPI,
P009495,O009495,Debit Card,Completed
P009496,O009496,Debit Card,Failed
P009497,O009497,UPI,
P009498,O009498,Credit Card,Completed
P009499,O009499,Credit Card,completed
P009500,O009500,Cash,Completed
P009501,O009501,UPI,completed
P009502,O009502,UPI,
P009503,O009503,Cash,completed
P009504,O009504,Cash,completed
P009505,O009505,,Completed
P009506,O009506,Debit Card,Failed
P009507,O009507,,
P009508,O009508,Cash,completed
P009509,O009509,Cash,completed
P009510,O009510,Cash,Completed
P009511,O009511,,Failed
P009512,O009512,Debit Card,
P009513,O009513,Cash,Failed
P009514,O009514,Credit Card,completed
P009515,O009515,Debit Card,Completed
P009516,O009516,Credit Card,Completed
P009517,O009517,Credit Card,
P009518,O009518,Debit Card,Completed
P009519,O009519,Credit Card,completed
P009520,O009520,UPI,completed
P009521,O009521,,Completed
P009522,O009522,Cash,completed
P009523,O009523,UPI,
P009524,O009524,Cash,Failed
P009525,O009525,Cash,Completed
P009526,O009526,UPI,Completed
P009527,O009527,Cash,Completed
P009528,O009528,Debit Card,Failed
P009529,O009529,,Completed
P009530,O009530,Cash,Failed
P009531,O009531,,
P009532,O009532,Credit Card,
P009533,O009533,Cash,Completed
P009534,O009534,Credit Card,Completed
P009535,O009535,,completed
P009536,O009536,UPI,completed
P009537,O009537,,completed
P009538,O009538,Debit Card,Failed
P009539,O009539,Debit Card,Failed
P009540,O009540,,Failed
P009541,O009541,,Failed
P009542,O009542,Credit Card,Completed
P009543,O009543,Credit Card,Failed
P009544,O009544,Cash,Failed
P009545,O009545,Credit Card,completed
P009546,O009546,UPI,completed
P009547,O009547,UPI,completed
P009548,O009548,Credit Card,completed
P009549,O009549,,Failed
P009550,O009550,,
P009551,O009551,UPI,Failed
P009552,O009552,,Failed
P009553,O009553,Debit Card,completed
P009554,O009554,,
P009555,O009555,UPI,Completed
P009556,O009556,Cash,Completed
P009557,O009557,Credit Card,completed
P009558,O009558,Credit Card,Completed
P009559,O009559,Cash,completed
P009560,O009560,Debit Card,Completed
P009561,O009561,Debit Card,completed
P009562,O009562,Cash,completed
P009563,O009563,,Completed
P009564,O009564,UPI,Completed
P009565,O009565,Debit Card,Completed
P009566,O009566,Debit Card,
P009567,O009567,Cash,Failed
P009568,O009568,Cash,Failed
P009569,O009569,Debit Card,
P009570,O009570,,
P009571,O009571,Credit Card,
P009572,O009572,Credit Card,completed
P009573,O009573,Credit Card,Failed
P009574,O009574,Credit Card,Failed
P009575,O009575,Debit Card,Completed
P009576,O009576,Debit Card,Completed
P009577,O009577,Credit Card,Failed
P009578,O009578,Credit Card,completed
P009579,O009579,,Failed
P009580,O009580,,Completed
P009581,O009581,,completed
P009582,O009582,UPI,completed
P009583,O009583,,Failed
P009584,O009584,,Failed
P009585,O009585,Debit Card,
P009586,O009586,Credit Card,Failed
P009587,O009587,,Completed
P009588,O009588,,completed
P009589,O009589,,completed
P009590,O009590,Debit Card,completed
P009591,O009591,UPI,Failed
P009592,O009592,Cash,Completed
P009593,O009593,Credit Card,completed
P009594,O009594,Debit Card,Failed
P009595,O009595,Debit Card,completed
P009596,O009596,Debit Card,Completed
P009597,O009597,,Failed
P009598,O009598,Debit Card,completed
P009599,O009599,Cash,completed
P009600,O009600,Debit Card,Completed
P009601,O009601,UPI,Completed
P009602,O009602,Credit Card,Completed
P009603,O009603,,Failed
P009604,O009604,Credit Card,Completed
P009605,O009605,Credit Card,Completed
P009606,O009606,Debit Card,
P009607,O009607,Debit Card,completed
P009608,O009608,,Completed
P009609,O009609,,
P009610,O009610,Credit Card,completed
P009611,O009611,,
P009612,O009612,Debit Card,Completed
P009613,O009613,Cash,Failed
P009614,O009614,Debit Card,completed
P009615,O009615,Credit Card,
P009616,O009616,Debit Card,
P009617,O009617,UPI,
P009618,O009618,Cash,Completed
P009619,O009619,Cash,completed
P009620,O009620,Debit Card,completed
P009621,O009621,,
P009622,O009622,Credit Card,Failed
P009623,O009623,,completed
P009624,O009624,Debit Card,completed
P009625,O009625,Credit Card,Completed
P009626,O009626,Cash,
P009627,O009627,Credit Card,Completed
P009628,O009628,UPI,Failed
P009629,O009629,Debit Card,
P009630,O009630,Debit Card,Failed
P009631,O009631,,Failed
P009632,O009632,UPI,Completed
P009633,O009633,,
P009634,O009634,UPI,completed
P009635,O009635,Cash,
P009636,O009636,Credit Card,Completed
P009637,O009637,Cash,completed
P009638,O009638,Credit Card,Failed
P009639,O009639,,completed
P009640,O009640,UPI,
P009641,O009641,Credit Card,Completed
P009642,O009642,Cash,
P009643,O009643,Debit Card,
P009644,O009644,Debit Card,Failed
P009645,O009645,Debit Card,Completed
P009646,O009646,,
P009647,O009647,Cash,completed
P009648,O009648,Credit Card,completed
P009649,O009649,Cash,Failed
P009650,O009650,Cash,Completed
P009651,O009651,,Completed
P009652,O009652,Credit Card,
P009653,O009653,Credit Card,
P009654,O009654,Cash,Failed
P009655,O009655,Cash,completed
P009656,O009656,Debit Card,completed
P009657,O009657,Cash,Failed
P009658,O009658,UPI,
P009659,O009659,Debit Card,completed
P009660,O009660,UPI,Failed
P009661,O009661,Cash,
P009662,O009662,Cash,Completed
P009663,O009663,,
P009664,O009664,Cash,completed
P009665,O009665,,Failed
P009666,O009666,,Failed
P009667,O009667,Credit Card,completed
P009668,O009668,,Failed
P009669,O009669,Credit Card,Failed
P009670,O009670,Credit Card,Failed
P009671,O009671,Debit Card,Completed
P009672,O009672,Credit Card,Failed
P009673,O009673,Debit Card,
P009674,O009674,Debit Card,Failed
P009675,O009675,Debit Card,
P009676,O009676,Cash,
P009677,O009677,,Completed
P009678,O009678,,completed
P009679,O009679,UPI,Failed
P009680,O009680,UPI,Failed
P009681,O009681,Cash,
P009682,O009682,Credit Card,Completed
P009683,O009683,UPI,Failed
P009684,O009684,UPI,Completed
P009685,O009685,Debit Card,
P009686,O009686,UPI,Completed
P009687,O009687,,Completed
P009688,O009688,Debit Card,completed
P009689,O009689,Cash,completed
P009690,O009690,Cash,
P009691,O009691,Cash,
P009692,O009692,Debit Card,
P009693,O009693,UPI,
P009694,O009694,UPI,Completed
P009695,O009695,,
P009696,O009696,Debit Card,Completed
P009697,O009697,Debit Card,completed
P009698,O009698,,
P009699,O009699,UPI,completed
P009700,O009700,UPI,Failed
P009701,O009701,Credit Card,Failed
P009702,O009702,Credit Card,Completed
P009703,O009703,Credit Card,completed
P009704,O009704,Credit Card,completed
P009705,O009705,UPI,Failed
P009706,O009706,Cash,
P009707,O009707,Debit Card,Completed
P009708,O009708,Credit Card,
P009709,O009709,Cash,completed
P009710,O009710,Credit Card,completed
P009711,O009711,,completed
P009712,O009712,Credit Card,Completed
P009713,O009713,,Completed
P009714,O009714,Debit Card,completed
P009715,O009715,Credit Card,Completed
P009716,O009716,,
P009717,O009717,Debit Card,Failed
P009718,O009718,Credit Card,Failed
P009719,O009719,Credit Card,Failed
P009720,O009720,UPI,Completed
P009721,O009721,Cash,Failed
P009722,O009722,Cash,completed
P009723,O009723,Debit Card,completed
P009724,O009724,,Completed
P009725,O009725,Cash,Failed
P009726,O009726,,Completed
P009727,O009727,,
P009728,O009728,Cash,
P009729,O009729,Cash,
P009730,O009730,,Completed
P009731,O009731,,
P009732,O009732,Credit Card,
P009733,O009733,Credit Card,Completed
P009734,O009734,,completed
P009735,O009735,Cash,Completed
P009736,O009736,Credit Card,completed
P009737,O009737,,
P009738,O009738,,Completed
P009739,O009739,Debit Card,Failed
P009740,O009740,Debit Card,completed
P009741,O009741,,Completed
P009742,O009742,,Failed
P009743,O009743,,Completed
P009744,O009744,Credit Card,Failed
P009745,O009745,UPI,completed
P009746,O009746,Credit Card,completed
P009747,O009747,,Completed
P009748,O009748,Credit Card,
P009749,O009749,UPI,Completed
P009750,O009750,UPI,Completed
P009751,O009751,UPI,Failed
P009752,O009752,,
P009753,O009753,Cash,completed
P009754,O009754,Cash,Completed
P009755,O009755,Cash,Failed
P009756,O009756,Debit Card,Failed
P009757,O009757,Cash,completed
P009758,O009758,,
P009759,O009759,,completed
P009760,O009760,Debit Card,
P009761,O009761,,Completed
P009762,O009762,,completed
P009763,O009763,Debit Card,Completed
P009764,O009764,Debit Card,completed
P009765,O009765,Debit Card,
P009766,O009766,,
P009767,O009767,Debit Card,Failed
P009768,O009768,UPI,completed
P009769,O009769,Credit Card,Failed
P009770,O009770,Debit Card,Failed
P009771,O009771,Debit Card,Failed
P009772,O009772,Debit Card,Completed
P009773,O009773,Debit Card,Failed
P009774,O009774,Credit Card,
P009775,O009775,,Completed
P009776,O009776,Cash,Failed
P009777,O009777,UPI,Failed
P009778,O009778,,Completed
P009779,O009779,Debit Card,completed
P009780,O009780,,
P009781,O009781,UPI,Completed
P009782,O009782,,Failed
P009783,O009783,,
P009784,O009784,Debit Card,
P009785,O009785,Credit Card,Completed
P009786,O009786,Cash,Completed
P009787,O009787,,
P009788,O009788,Credit Card,completed
P009789,O009789,Cash,Completed
P009790,O009790,UPI,completed
P009791,O009791,UPI,Completed
P009792,O009792,,Completed
P009793,O009793,Cash,completed
P009794,O009794,UPI,completed
P009795,O009795,Debit Card,Completed
P009796,O009796,Credit Card,completed
P009797,O009797,,Completed
P009798,O009798,UPI,
P009799,O009799,Credit Card,
P009800,O009800,Debit Card,
P009801,O009801,,Completed
P009802,O009802,,completed
P009803,O009803,UPI,Failed
P009804,O009804,,Failed
P009805,O009805,Credit Card,Failed
P009806,O009806,Cash,Failed
P009807,O009807,Credit Card,
P009808,O009808,Debit Card,completed
P009809,O009809,,Completed
P009810,O009810,Debit Card,
P009811,O009811,Debit Card,
P009812,O009812,,Failed
P009813,O009813,Cash,Completed
P009814,O009814,Credit Card,
P009815,O009815,Debit Card,completed
P009816,O009816,Credit Card,completed
P009817,O009817,Debit Card,Failed
P009818,O009818,,
P009819,O009819,,Completed
P009820,O009820,,completed
P009821,O009821,,Failed
P009822,O009822,,Completed
P009823,O009823,Credit Card,
P009824,O009824,Debit Card,Failed
P009825,O009825,UPI,
P009826,O009826,Cash,Completed
P009827,O009827,UPI,
P009828,O009828,Debit Card,Completed
P009829,O009829,Credit Card,
P009830,O009830,Debit Card,
P009831,O009831,Cash,Completed
P009832,O009832,Debit Card,completed
P009833,O009833,,Failed
P009834,O009834,UPI,Completed
P009835,O009835,Cash,Completed
P009836,O009836,Cash,Failed
P009837,O009837,UPI,
P009838,O009838,Credit Card,completed
P009839,O009839,UPI,Failed
P009840,O009840,UPI,Completed
P009841,O009841,UPI,Completed
P009842,O009842,Credit Card,Failed
P009843,O009843,Cash,
P009844,O009844,Debit Card,Failed
P009845,O009845,UPI,completed
P009846,O009846,Credit Card,Completed
P009847,O009847,Debit Card,Completed
P009848,O009848,Debit Card,Failed
P009849,O009849,Cash,Failed
P009850,O009850,,Completed
P009851,O009851,Debit Card,Completed
P009852,O009852,UPI,completed
P009853,O009853,Debit Card,
P009854,O009854,,Completed
P009855,O009855,,
P009856,O009856,Cash,Completed
P009857,O009857,Credit Card,
P009858,O009858,Cash,Failed
P009859,O009859,,completed
P009860,O009860,Credit Card,Completed
P009861,O009861,Cash,
P009862,O009862,UPI,Failed
P009863,O009863,Debit Card,Completed
P009864,O009864,UPI,Completed
P009865,O009865,UPI,completed
P009866,O009866,Debit Card,
P009867,O009867,Debit Card,Completed
P009868,O009868,,Failed
P009869,O009869,Debit Card,Completed
P009870,O009870,UPI,
P009871,O009871,Debit Card,Failed
P009872,O009872,,
P009873,O009873,Credit Card,Completed
P009874,O009874,Cash,Failed
P009875,O009875,UPI,Failed
P009876,O009876,Debit Card,
P009877,O009877,Credit Card,Completed
P009878,O009878,Cash,Failed
P009879,O009879,Cash,Failed
P009880,O009880,Cash,Completed
P009881,O009881,UPI,
P009882,O009882,Cash,
P009883,O009883,UPI,Completed
P009884,O009884,UPI,
P009885,O009885,,Completed
P009886,O009886,Cash,completed
P009887,O009887,Debit Card,Failed
P009888,O009888,Credit Card,
P009889,O009889,UPI,Failed
P009890,O009890,UPI,completed
P009891,O009891,,completed
P009892,O009892,UPI,Failed
P009893,O009893,UPI,Completed
P009894,O009894,Debit Card,
P009895,O009895,UPI,
P009896,O009896,Credit Card,completed
P009897,O009897,Credit Card,completed
P009898,O009898,Debit Card,Completed
P009899,O009899,,Completed
P009900,O009900,Debit Card,Failed
P009901,O009901,Credit Card,
P009902,O009902,Debit Card,Completed
P009903,O009903,Debit Card,
P009904,O009904,Cash,completed
P009905,O009905,Cash,Failed
P009906,O009906,Debit Card,Failed
P009907,O009907,UPI,Failed
P009908,O009908,Debit Card,Completed
P009909,O009909,,Completed
P009910,O009910,Debit Card,Completed
P009911,O009911,Credit Card,Completed
P009912,O009912,,completed
P009913,O009913,Credit Card,completed
P009914,O009914,,
P009915,O009915,,Failed
P009916,O009916,Credit Card,completed
P009917,O009917,Debit Card,
P009918,O009918,,
P009919,O009919,UPI,Completed
P009920,O009920,Credit Card,
P009921,O009921,Credit Card,
P009922,O009922,Debit Card,Completed
P009923,O009923,Debit Card,completed
P009924,O009924,,completed
P009925,O009925,Credit Card,completed
P009926,O009926,Debit Card,Completed
P009927,O009927,Credit Card,
P009928,O009928,UPI,Completed
P009929,O009929,Credit Card,
P009930,O009930,,Failed
P009931,O009931,UPI,Failed
P009932,O009932,UPI,Failed
P009933,O009933,Cash,completed
P009934,O009934,Debit Card,completed
P009935,O009935,UPI,Completed
P009936,O009936,Cash,completed
P009937,O009937,,Completed
P009938,O009938,Debit Card,Completed
P009939,O009939,Credit Card,completed
P009940,O009940,Credit Card,completed
P009941,O009941,Credit Card,Completed
P009942,O009942,UPI,Completed
P009943,O009943,Debit Card,Completed
P009944,O009944,,
P009945,O009945,Cash,completed
P009946,O009946,Debit Card,Completed
P009947,O009947,Cash,Failed
P009948,O009948,Cash,Completed
P009949,O009949,Credit Card,
P009950,O009950,UPI,completed
P009951,O009951,UPI,Completed
P009952,O009952,,Failed
P009953,O009953,,completed
P009954,O009954,Credit Card,
P009955,O009955,Cash,Completed
P009956,O009956,Credit Card,Completed
P009957,O009957,UPI,completed
P009958,O009958,UPI,completed
P009959,O009959,Credit Card,Completed
P009960,O009960,Debit Card,Completed
P009961,O009961,UPI,
P009962,O009962,,completed
P009963,O009963,Debit Card,completed
P009964,O009964,Credit Card,
P009965,O009965,Debit Card,Completed
P009966,O009966,Cash,completed
P009967,O009967,Debit Card,completed
P009968,O009968,Credit Card,
P009969,O009969,Cash,
P009970,O009970,,Completed
P009971,O009971,,Completed
P009972,O009972,UPI,completed
P009973,O009973,Debit Card,
P009974,O009974,Credit Card,Failed
P009975,O009975,,
P009976,O009976,,completed
P009977,O009977,Debit Card,completed
P009978,O009978,Credit Card,Failed
P009979,O009979,Credit Card,
P009980,O009980,Cash,Failed
P009981,O009981,,Failed
P009982,O009982,Debit Card,Failed
P009983,O009983,,completed
P009984,O009984,Debit Card,Failed
P009985,O009985,UPI,Completed
P009986,O009986,Debit Card,completed
P009987,O009987,Credit Card,Completed
P009988,O009988,UPI,Completed
P009989,O009989,Debit Card,completed
P009990,O009990,,completed
P009991,O009991,Cash,
P009992,O009992,,completed
P009993,O009993,UPI,Failed
P009994,O009994,UPI,
P009995,O009995,UPI,Failed
P009996,O009996,Debit Card,Completed
P009997,O009997,Credit Card,completed
P009998,O009998,UPI,Completed
P009999,O009999,Credit Card,
P010000,O010000,UPI,Completed
